,ball_control,Dribbling,Marking,Slide_Tackle,Stand_Tackle,Aggression,Reactions,Att_Position,Interceptions,Vision,Short_Pass,Long_Pass,Acceleration,Stamina,Strength,Balance,Sprint_Speed,Agility,Jumping,Heading,Shot_Power,Finishing,Long_Shots,Curve,FK_Acc,Penalties,Volleys,GK_Positioning,GK_Diving,GK_Handling,GK_Kicking,GK_Reflexes,Height,Weight,Age,1Quantity,2Quantity,Winner
48,0.5,0.8,0.5,0.5,0.5,0.3,-0.3,0.9,0.5,0.4,0.6,0.7,0.6,0.8,-0.1,-0.3,0.2,0.2,0.2,0.2,0.4,0.6,0.5,0.2,0.3,0.1,0.4,-1.4,-1.2,-1.3,-1.0,-1.2,0.1,-0.0,-1.3,7.0,17.0,1.0
207,-1.5,-1.2,-0.3,-1.2,-1.1,-0.5,-0.2,-1.8,-1.2,-0.6,-1.5,-1.7,-0.5,-1.0,0.6,-1.4,-0.6,-0.7,-0.9,-1.7,-0.7,-1.3,-1.3,-1.6,-1.4,-2.2,-1.9,3.4,3.6,4.2,4.2,4.5,0.4,1.0,-0.1,8.0,17.0,0.0
169,0.2,0.1,0.6,0.9,0.9,0.7,0.3,-0.2,1.0,-0.2,0.4,0.4,0.6,0.7,0.3,0.2,0.6,0.4,0.6,0.5,-0.2,-0.4,-0.1,0.3,-0.2,-0.4,-0.4,0.3,0.1,0.1,-0.1,-0.1,-0.1,-0.4,0.2,8.0,18.0,0.0
90,0.6,0.3,1.9,0.2,0.4,0.4,0.0,0.4,0.3,0.3,0.5,0.8,0.1,-0.4,-0.5,0.1,-0.1,0.1,-0.3,0.0,0.2,-0.2,0.6,0.8,0.6,0.5,0.0,-1.3,-0.8,-1.4,-1.0,-0.9,-0.0,-0.2,-0.2,8.0,16.0,0.0
68,0.0,-0.0,-0.5,-0.2,-0.2,-0.1,0.3,-0.0,-0.3,0.0,-0.0,-0.2,0.6,0.4,-0.3,0.4,0.3,0.1,0.4,0.2,-0.1,0.1,-0.5,-0.5,-0.1,-0.1,-0.4,-0.0,0.0,0.1,0.1,-0.0,0.1,0.3,0.5,10.0,17.0,2.0
111,-0.0,-0.3,-0.4,-0.7,-0.7,-0.7,0.0,-0.0,-0.6,0.2,-0.2,-0.4,-0.0,-0.5,-0.2,0.0,-0.3,-0.6,-0.2,-1.5,0.6,0.3,0.1,-0.3,-0.4,-0.2,0.1,0.7,0.4,0.5,0.7,0.5,0.1,0.1,0.1,5.0,7.0,2.0
159,0.2,0.2,0.1,-0.8,-0.8,-0.9,-0.3,0.2,-0.6,0.3,-0.4,-0.3,0.2,-0.4,-0.2,0.1,0.1,0.3,-0.3,-0.5,0.3,0.3,0.1,0.3,0.0,0.1,-0.4,-0.7,0.1,-0.0,0.3,-0.0,-0.2,-0.7,0.0,9.0,18.0,2.0
215,1.1,1.0,-0.4,-1.2,-0.8,0.5,1.8,1.5,-0.5,2.5,1.8,1.7,-0.3,-1.0,-0.6,0.4,-0.9,0.6,0.5,0.6,1.6,1.5,1.5,1.0,1.5,1.9,1.8,1.7,1.7,2.0,1.6,2.0,0.1,-0.3,2.2,4.0,12.0,0.0
228,-0.2,-0.3,-0.1,0.1,-0.0,-0.3,-0.5,-0.6,0.2,-0.3,-0.1,-0.2,-0.6,-0.4,-0.6,-0.1,-0.7,-0.2,-0.3,-0.4,-0.6,-0.1,-0.5,-0.5,-0.5,-0.3,-0.3,0.0,0.1,-0.1,0.0,-0.1,0.0,-0.0,-0.0,11.0,21.0,0.0
96,1.1,0.8,0.9,1.0,0.8,0.9,0.5,0.8,1.0,0.5,1.3,1.1,0.5,0.8,0.7,0.3,0.3,0.3,0.4,1.2,0.7,1.0,0.9,0.5,0.8,1.2,0.6,-1.4,-1.4,-1.2,-1.3,-1.3,0.1,0.3,0.4,10.0,14.0,2.0
160,-1.2,-1.0,0.2,0.1,-0.1,0.8,-1.2,-1.2,-0.1,-0.7,-0.8,-0.7,-0.9,-0.5,0.3,-0.7,-1.0,-1.2,-0.0,-0.4,-1.0,-1.3,-1.2,-0.8,-0.3,-0.4,-0.9,-0.0,0.1,-0.1,-0.4,-0.1,0.3,0.8,0.3,9.0,20.0,2.0
232,0.7,0.6,0.3,0.6,0.8,0.4,-0.1,0.3,0.7,0.3,0.6,0.8,0.1,0.4,0.8,0.1,-0.3,-0.2,-0.1,0.5,0.3,0.5,0.6,0.9,0.4,0.1,0.3,-1.0,-0.8,-1.1,-1.1,-1.2,0.2,0.3,0.4,10.0,19.0,0.0
211,-10.3,-8.5,-1.8,-6.9,-6.5,-7.7,-10.6,-9.1,-6.8,-10.0,-11.5,-11.1,-8.1,-8.4,-9.9,-10.1,-9.5,-10.3,-8.7,-8.6,-10.5,-8.2,-9.2,-10.1,-8.8,-9.3,-9.4,-1.5,-2.2,-2.0,-1.9,-2.1,-11.3,-10.9,-10.2,0.0,2.0,2.0
237,0.3,0.2,-1.3,0.7,0.8,-0.0,0.9,0.2,0.7,0.3,0.5,0.5,0.4,0.1,-0.3,0.6,0.4,0.3,-0.1,-0.7,-0.2,-0.0,0.1,0.3,0.1,-0.5,-0.4,0.8,1.2,1.3,1.5,1.4,-0.2,-0.7,0.1,8.0,18.0,1.0
141,0.6,0.6,-3.3,-0.3,-0.4,0.0,0.4,0.6,-0.4,0.9,0.6,0.6,0.7,0.5,-0.1,0.2,0.7,0.8,0.4,0.1,1.0,0.7,0.9,0.8,0.9,0.5,0.9,0.1,0.3,-0.1,0.2,0.2,0.0,-0.3,-0.0,11.0,20.0,2.0
195,0.1,-0.2,0.4,0.8,1.0,0.5,0.1,-0.3,0.9,-0.0,0.1,0.0,-0.3,0.1,0.2,-0.4,-0.5,-0.4,-0.7,-0.2,-0.2,-0.7,-0.3,0.2,-0.2,-0.7,-0.5,0.1,0.3,-0.0,0.0,0.3,0.2,-0.1,-0.4,11.0,21.0,0.0
11,-0.0,0.1,1.1,0.7,0.7,0.1,1.0,0.1,0.5,0.9,0.5,0.8,0.0,0.1,-0.5,1.0,-0.3,1.0,-0.4,-0.9,0.2,-0.1,-0.1,0.4,0.5,0.1,0.1,1.0,1.5,1.1,1.6,1.0,-0.2,-0.5,1.6,6.0,13.0,1.0
124,-1.5,-1.3,-0.0,-0.2,-0.5,-0.1,-1.0,-1.7,-0.3,-0.4,-1.4,-0.9,-0.2,-1.5,-0.1,-0.6,-0.2,-0.8,0.1,-2.4,-1.0,-1.7,-1.8,-1.4,-1.1,-1.2,-2.0,1.2,1.5,1.9,1.4,1.5,0.4,0.8,-0.0,5.0,11.0,1.0
135,-0.2,0.5,0.6,2.2,2.0,0.7,0.0,-0.1,0.9,0.6,0.0,0.4,-0.1,-0.7,-1.2,-1.4,-0.3,-1.3,0.4,-0.3,-0.2,-0.6,-1.1,-0.4,-0.3,-0.4,-1.5,0.1,-0.2,-0.4,-0.1,0.3,0.4,1.2,-0.9,2.0,5.0,1.0
188,-0.2,0.1,0.4,0.7,0.7,1.1,0.3,0.9,1.0,1.0,0.5,0.1,0.3,0.8,0.5,0.2,1.1,0.3,1.2,0.8,0.1,0.5,-0.2,0.4,0.8,0.2,0.8,-0.4,0.1,0.5,0.3,0.3,0.2,0.1,0.6,4.0,8.0,0.0
46,0.2,0.3,0.6,0.8,0.6,0.7,-0.2,0.6,0.6,0.3,0.5,0.5,0.2,1.0,0.5,-0.1,0.3,0.2,0.8,0.6,-0.0,0.3,0.3,0.2,0.1,0.4,0.3,-0.9,-1.2,-1.2,-1.1,-1.3,0.1,-0.2,-0.2,9.0,17.0,0.0
79,-0.6,-0.3,-1.0,-0.6,-0.5,-1.1,0.0,0.0,-0.5,0.4,-0.5,-0.4,-0.1,-0.5,0.1,-0.4,-0.4,-0.4,-0.7,-1.2,0.2,0.1,-0.0,0.1,0.2,-0.2,0.1,1.5,1.4,1.6,1.4,1.5,0.1,0.2,0.9,9.0,18.0,1.0
208,1.5,1.2,-0.6,1.0,1.0,1.0,0.4,1.2,1.0,1.0,1.6,1.3,0.5,1.1,0.0,1.3,0.5,0.9,0.2,1.1,1.0,1.1,1.2,1.7,1.2,0.6,1.3,-1.4,-1.9,-1.4,-1.4,-1.8,-0.1,-0.2,0.8,10.0,18.0,1.0
35,-0.4,-0.3,0.3,0.5,0.3,0.2,-0.1,-0.5,0.2,-0.4,-0.2,-0.0,-0.7,-0.8,-0.2,-0.9,-1.2,-0.8,-1.1,0.0,0.3,-0.4,-0.4,-0.3,0.1,-0.3,-0.2,0.3,0.3,0.4,0.3,0.4,0.3,0.5,0.5,9.0,19.0,1.0
149,-0.7,-0.4,-0.4,-0.7,-0.6,-0.9,-0.4,0.2,-0.8,-0.5,-0.9,-0.8,-0.7,-1.4,-0.1,-0.2,-1.0,-1.0,-1.3,-1.2,-0.0,-0.3,-0.3,-0.6,0.1,0.2,-0.1,1.2,1.3,1.3,1.4,1.1,0.0,-0.0,-0.7,8.0,18.0,1.0
219,1.1,1.2,-2.1,0.7,0.3,1.6,0.8,1.1,0.7,1.0,1.2,1.4,1.6,2.1,1.5,1.6,1.8,2.0,1.2,0.3,1.2,0.6,1.6,1.8,1.7,0.7,0.6,-0.8,-0.8,-1.1,-1.1,-0.6,-0.0,-0.0,0.8,3.0,9.0,0.0
203,-6.5,-6.8,-3.5,-7.9,-7.9,-7.1,-8.3,-4.7,-6.3,-7.0,-4.2,-4.3,-8.3,-9.5,-9.3,-8.7,-9.1,-7.9,-10.3,-6.2,-7.1,-3.2,-3.8,-4.0,-8.0,-5.9,-3.0,-2.5,-2.7,-1.3,-1.8,-1.7,-11.5,-10.6,-8.3,0.0,1.0,0.0
256,0.6,0.5,-0.0,0.4,0.5,0.6,0.5,0.3,0.4,0.1,0.4,0.6,-0.1,0.3,0.5,-0.0,0.0,-0.1,0.4,0.9,1.0,0.7,1.1,0.4,0.5,0.8,0.9,-0.5,-0.4,-0.5,-0.3,-0.3,0.2,0.1,-0.6,11.0,21.0,1.0
14,0.1,0.1,-0.4,-0.1,-0.2,0.3,0.8,0.2,-0.0,0.4,0.3,0.4,-0.0,0.2,0.2,0.0,-0.1,-0.0,0.2,0.3,0.3,0.3,0.4,0.4,0.9,0.4,0.3,0.6,0.6,0.5,0.5,0.3,0.1,0.0,0.3,11.0,16.0,1.0
112,0.3,0.4,0.6,0.6,0.8,0.8,0.1,0.2,0.9,0.2,0.5,0.2,-0.7,-0.3,-0.9,0.2,0.1,-0.2,-0.0,0.7,-0.1,-0.3,-0.4,-0.1,-0.5,-0.4,0.7,-0.9,-1.0,-0.8,-0.6,-1.0,-0.0,-0.6,0.3,5.0,11.0,1.0
2,0.1,-0.0,0.5,0.6,0.6,0.4,0.8,0.2,0.4,0.5,0.3,0.7,-0.5,0.5,0.0,0.0,-0.7,-0.1,0.3,-0.2,-0.0,-0.4,0.2,-0.1,0.3,-0.3,-0.1,0.2,0.7,0.4,0.5,0.6,0.1,0.1,0.6,6.0,9.0,1.0
21,-0.1,-0.1,0.2,-0.4,-0.4,-0.7,0.0,-0.4,-0.5,-0.2,-0.4,-0.4,-0.2,-0.4,-0.1,-0.2,-0.3,-0.1,0.2,-0.8,0.3,-0.4,-0.3,-0.3,-0.5,-0.4,-0.4,0.7,1.1,0.9,1.0,1.1,0.1,0.1,0.0,10.0,21.0,0.0
134,-0.9,-0.5,-0.2,-0.7,-0.7,-0.8,-0.5,-0.7,-0.8,-0.4,-0.9,-0.4,-0.0,-1.2,-0.3,0.1,-0.2,0.1,-0.0,-0.6,-0.8,-1.3,-1.2,-0.6,-0.7,-0.6,-0.4,1.2,1.2,1.1,1.3,1.6,0.1,0.0,-0.1,7.0,14.0,2.0
202,1.2,-6.9,0.2,-2.8,-2.4,-3.2,1.6,2.4,-2.6,2.7,1.4,-0.7,1.9,2.2,-1.0,2.1,1.6,1.9,-0.9,0.1,0.7,2.3,0.9,0.1,-0.1,2.5,1.6,0.4,-0.5,0.3,-0.6,-0.1,-0.1,-0.4,1.7,1.0,5.0,1.0
168,-1.3,-0.7,-0.4,-0.7,-0.9,-1.4,-0.2,-0.9,-0.8,-0.9,-1.3,-1.3,-0.3,-0.8,-0.4,-0.4,-0.3,-0.2,-0.3,-1.2,-0.6,-0.9,-0.4,-0.7,0.0,-1.1,-0.9,1.4,1.3,1.1,1.4,1.3,0.3,0.1,0.4,10.0,20.0,1.0
210,0.3,0.3,-2.9,0.3,0.3,-0.1,0.2,0.4,-0.1,0.3,0.2,0.3,0.1,0.2,-0.1,-0.1,0.2,0.3,0.0,-0.1,0.3,0.1,0.2,0.4,-0.0,0.2,0.1,0.1,0.2,0.0,0.2,-0.0,0.1,-0.2,-0.3,11.0,16.0,1.0
218,-0.2,0.1,1.5,1.2,1.4,0.4,0.3,-0.5,1.1,-0.1,0.1,0.6,0.3,0.5,0.2,0.3,0.2,0.0,0.2,0.6,-0.5,-0.4,-0.4,-0.3,-0.2,-0.1,-0.4,0.1,0.0,0.1,-0.3,0.1,0.1,0.1,0.4,10.0,20.0,1.0
54,-0.0,-0.1,0.2,-0.4,-0.3,0.1,0.2,-0.2,-0.3,-0.1,-0.0,-0.4,-0.1,-0.2,0.0,0.1,-0.2,-0.3,-0.1,0.1,0.0,0.0,-0.1,-0.2,-0.5,0.2,-0.1,0.0,0.2,0.3,0.1,0.1,0.1,0.1,0.2,10.0,18.0,1.0
101,-0.2,-0.1,0.9,-0.4,-0.3,0.1,0.1,0.3,-0.1,0.1,-0.3,-0.3,-0.6,-0.7,-0.1,-0.4,-0.8,-0.7,-0.2,0.4,0.1,0.2,0.1,-0.1,-0.1,-0.0,0.2,0.0,0.2,-0.1,0.2,0.2,0.2,0.4,0.2,9.0,17.0,0.0
244,-0.1,-0.3,0.2,-0.1,-0.2,-0.3,-0.0,-0.3,-0.3,-0.5,-0.1,-0.4,-0.7,-0.6,0.3,-0.3,-0.9,-0.6,-0.2,0.6,0.0,0.2,0.4,0.1,0.5,-0.1,0.2,0.3,0.3,0.4,0.1,0.4,0.1,0.5,0.9,8.0,18.0,0.0
163,-1.1,-0.5,-3.6,-1.2,-1.1,-0.7,0.3,0.0,-0.8,-0.9,-1.0,-1.1,-0.2,-1.1,-0.4,0.6,-0.0,-0.5,1.1,-1.5,-0.5,-1.1,-1.3,-1.3,-2.1,-1.9,-1.8,2.0,2.5,1.9,1.8,1.7,0.3,0.4,-0.9,4.0,10.0,0.0
41,-0.4,-0.3,0.3,0.5,0.5,0.9,0.1,-0.6,0.3,-0.3,-0.0,0.4,-0.1,0.1,-0.1,-0.5,-0.2,-0.1,0.7,0.6,-0.6,-0.4,-0.5,-0.7,-0.7,-0.4,-0.7,0.1,0.1,0.2,-0.1,0.3,0.3,0.3,0.4,7.0,16.0,1.0
249,0.8,1.0,-0.5,-0.2,-0.0,0.2,0.0,1.5,-0.4,0.2,0.3,-0.1,0.4,0.4,-0.4,0.1,0.5,0.6,0.2,0.8,0.5,1.1,1.1,0.7,0.7,1.0,1.2,-0.9,-1.2,-1.2,-1.1,-1.6,0.0,-0.0,-0.1,11.0,21.0,0.0
106,0.6,0.5,0.0,0.3,0.2,0.3,0.3,0.5,0.2,0.3,0.5,0.6,0.5,0.2,0.4,0.5,0.5,0.2,0.9,0.8,0.3,0.8,0.5,0.2,0.3,0.4,0.3,-0.5,-0.7,-0.7,-0.7,-0.5,-0.0,-0.2,-0.5,9.0,20.0,0.0
87,0.0,0.5,-0.2,0.0,-0.1,0.2,-0.5,0.3,-0.3,-0.2,-0.5,-0.0,0.2,0.3,0.2,0.6,0.2,0.7,-0.0,0.3,0.2,0.2,0.4,0.1,0.2,0.2,0.4,-0.7,-0.7,-1.0,-1.0,-0.8,0.1,0.2,0.2,11.0,20.0,1.0
50,0.1,0.0,0.2,-0.0,-0.1,-0.1,0.2,-0.0,-0.1,0.2,0.0,0.2,-0.0,-0.1,0.1,0.1,-0.2,0.2,0.0,-0.1,0.2,0.2,0.3,0.0,0.3,0.1,0.1,0.3,0.4,0.4,0.2,0.2,0.1,0.1,-0.0,9.0,10.0,1.0
212,0.3,0.2,0.1,0.3,-0.1,1.0,0.2,-0.1,1.2,0.6,0.2,0.2,0.1,-0.3,-0.2,0.1,0.1,-0.3,0.1,0.5,0.1,0.1,0.3,-0.4,0.4,-0.9,0.2,0.0,0.0,0.5,0.2,-0.1,-0.1,-0.1,0.6,3.0,9.0,1.0
103,0.3,0.2,1.2,1.1,0.9,1.3,0.0,0.0,0.8,-0.0,0.1,0.5,0.2,0.3,0.7,0.2,0.3,0.3,0.3,0.6,0.1,-0.4,-0.5,0.1,-0.4,-0.3,-0.4,-0.6,-0.5,-0.5,-0.2,-0.5,0.1,0.0,-0.1,9.0,19.0,1.0
192,-0.0,-0.2,-0.2,-0.4,-0.4,-0.3,0.3,0.5,0.1,0.1,-0.5,-0.7,0.1,-0.0,-0.1,-0.6,0.3,0.1,0.4,0.1,0.7,0.9,0.4,-0.1,-0.1,0.6,1.3,-0.2,-0.1,-0.2,0.1,0.0,0.2,0.6,1.1,6.0,12.0,2.0
13,-1.3,-1.1,0.1,-0.1,-0.5,-0.8,-0.3,-1.2,-0.6,-1.7,-1.0,-1.3,-0.3,-0.1,0.7,-0.1,-0.4,-0.5,0.8,-0.2,-1.0,-1.4,-1.7,-1.5,-1.4,-0.9,-1.4,0.9,1.0,0.7,1.0,0.9,0.4,0.5,-0.5,7.0,16.0,0.0
255,-0.3,-0.2,-0.2,-0.6,-0.5,-1.1,-0.5,-0.2,-0.7,-0.3,-0.6,-0.6,-0.2,-0.8,-0.6,0.2,-0.4,-0.3,-0.5,-0.4,-0.5,-0.1,-0.6,-0.1,-0.4,-0.2,-0.4,-0.2,-0.1,-0.3,-0.0,-0.2,0.1,-0.2,-0.6,10.0,20.0,2.0
125,-1.1,-0.4,0.4,-1.1,-1.3,-0.9,0.4,-0.4,-0.8,-0.0,-0.9,-0.8,0.3,0.1,0.2,0.3,0.4,0.2,0.6,-1.0,0.1,-0.8,-0.9,-0.5,-0.8,-0.9,-0.7,1.9,1.1,1.8,2.1,2.0,-0.0,-0.3,-0.0,7.0,15.0,1.0
65,-1.3,-1.1,0.3,-1.9,-1.8,-1.6,-1.8,-0.9,-1.5,-1.1,-1.6,-1.8,-0.3,-1.2,-1.7,0.3,-1.5,-0.2,0.1,-1.9,-1.4,-1.1,-1.1,-0.8,-1.0,-0.5,-0.8,0.9,0.9,0.8,0.8,0.8,-0.2,-0.3,0.1,8.0,19.0,2.0
143,0.4,0.5,0.8,-0.5,-0.4,0.2,0.0,0.7,-0.3,-0.1,0.4,0.2,0.4,0.4,-0.0,0.1,0.4,0.8,-0.3,0.2,-0.4,0.9,0.4,0.0,0.0,0.5,0.2,-0.3,-0.8,-0.4,-0.7,-0.8,-0.0,-0.1,0.3,10.0,18.0,2.0
177,0.1,-0.5,0.6,0.8,0.7,0.3,0.3,-0.8,0.7,-0.0,0.1,0.7,-0.0,0.6,0.5,-0.0,-0.2,-0.7,0.0,0.4,0.3,-0.3,-0.4,0.1,0.1,0.4,-0.1,-0.2,0.1,0.2,0.2,0.2,0.2,0.4,0.5,9.0,19.0,2.0
157,-0.4,-0.2,-2.0,-0.2,0.0,-0.1,0.2,-0.2,-0.2,-0.6,-0.4,-0.2,0.1,0.2,0.3,-0.2,0.0,0.1,0.2,-0.1,0.4,-0.3,-0.2,-0.5,-0.6,-0.4,-0.4,0.8,1.0,0.8,0.6,1.1,0.2,0.2,-0.2,11.0,21.0,0.0
227,-0.8,-0.3,1.0,0.8,0.8,0.1,-0.1,-1.1,0.8,-0.8,-0.2,-0.2,0.3,0.2,0.2,-0.6,0.1,0.3,0.2,-0.1,-1.3,-1.2,-1.1,-0.5,-1.0,-1.3,-0.8,0.3,0.9,0.8,0.0,0.4,0.2,0.1,-0.5,6.0,16.0,0.0
27,-1.3,2.4,-2.3,-0.5,-0.3,1.3,2.0,3.7,0.7,2.2,2.4,0.8,0.4,0.3,1.9,2.6,0.6,2.1,0.3,1.2,-2.3,3.8,3.2,3.4,2.0,3.5,3.1,5.4,-1.6,-1.6,-2.7,-1.4,0.2,1.0,0.8,2.0,13.0,2.0
178,-0.9,-0.6,-0.0,-0.2,-0.4,-0.3,-0.3,-1.0,-0.3,-0.5,-0.5,-0.2,-0.2,-0.5,0.4,-0.2,-0.6,-0.4,-0.6,-1.0,-0.2,-0.7,-0.7,-0.7,-0.4,-0.6,-1.0,1.3,1.4,1.2,1.0,1.3,-0.0,0.1,0.4,10.0,19.0,1.0
95,-1.2,-1.4,0.6,-0.1,-0.2,-0.6,-0.2,-1.9,-0.2,-1.1,-1.3,-0.7,-0.8,-1.2,-0.1,-0.5,-1.1,-0.7,-0.3,-0.8,-0.2,-1.7,-1.1,-0.8,-1.1,-0.9,-1.1,1.9,2.4,2.3,2.1,1.9,0.1,-0.1,-0.8,8.0,17.0,1.0
172,0.3,0.2,-0.2,-1.0,-0.8,-1.1,0.2,0.4,-0.6,0.4,0.2,-0.0,-0.3,0.0,0.2,-0.0,-0.4,-0.2,0.1,-0.1,0.5,0.8,0.3,0.3,0.4,0.6,0.7,0.5,0.7,0.9,0.9,0.8,0.2,0.3,0.5,5.0,7.0,1.0
85,0.0,0.1,-0.9,-0.6,-0.7,-0.5,0.0,0.4,-0.6,0.0,0.1,0.0,0.2,0.1,0.3,-0.1,0.2,-0.2,0.3,-0.1,-0.3,0.3,0.3,-0.4,-0.2,0.4,-0.1,0.2,-0.0,0.2,0.1,-0.2,0.1,0.1,-0.3,11.0,21.0,2.0
224,-0.0,-0.2,0.5,0.4,0.5,-0.0,0.4,-0.0,1.0,0.2,-0.1,0.0,-0.3,0.2,0.5,-0.1,-0.5,-0.3,0.2,-0.3,0.5,-0.2,0.1,0.2,0.2,-0.1,-0.1,0.7,1.3,0.8,1.2,1.1,0.1,0.1,-0.2,6.0,11.0,2.0
81,0.6,0.5,0.2,0.8,0.9,0.8,1.0,0.5,1.0,0.8,0.4,0.7,0.1,0.6,1.1,-0.1,0.1,0.1,1.0,0.8,0.9,0.4,0.8,0.6,0.7,0.1,0.7,0.4,0.3,0.3,0.1,0.1,0.2,0.6,0.5,10.0,20.0,0.0
114,0.2,-0.0,-0.9,0.2,-0.3,0.7,0.2,0.3,0.3,0.4,0.4,-0.3,0.3,0.8,-0.8,0.6,0.5,0.5,0.2,0.4,0.2,1.0,0.5,0.7,0.5,0.6,0.4,-1.4,-0.8,-0.7,-0.7,-1.1,-0.0,-0.0,-0.0,6.0,13.0,2.0
176,0.2,0.4,-2.7,0.7,0.7,0.0,1.5,-0.1,0.8,0.1,0.3,-0.1,-0.0,0.3,0.7,-0.2,-0.1,-0.2,0.9,0.2,0.4,0.6,-0.2,-0.2,-0.6,0.1,-0.0,0.4,1.3,0.7,0.6,0.7,-0.1,-0.7,0.4,7.0,12.0,2.0
93,0.1,0.5,-2.8,-0.4,-0.3,0.2,0.4,0.9,-0.3,0.6,-0.1,-0.1,0.6,0.6,-0.5,0.6,0.5,0.5,0.4,0.2,1.0,0.6,0.3,0.5,0.2,0.4,0.1,-0.2,0.0,0.3,-0.1,0.1,0.1,0.5,0.5,7.0,15.0,1.0
52,0.5,0.5,-1.5,0.3,0.1,0.8,0.7,0.6,0.3,0.6,0.5,0.4,0.4,0.3,0.6,0.1,0.3,0.3,0.2,0.8,0.5,0.2,0.6,0.6,0.4,0.4,0.5,0.1,-0.0,0.1,0.1,0.2,0.1,0.1,0.7,10.0,15.0,1.0
196,0.7,0.7,0.3,0.0,0.0,0.2,0.1,0.6,0.4,0.6,-0.1,0.2,0.9,0.9,-0.2,0.7,0.6,1.1,0.3,-0.2,0.5,0.8,0.5,0.6,0.1,0.0,0.8,-0.5,-0.5,-0.5,-0.5,-0.9,0.0,-0.0,-0.7,9.0,17.0,1.0
229,0.9,1.0,-1.7,0.2,0.3,0.7,0.1,1.0,0.1,0.5,0.4,0.3,0.7,0.6,0.0,0.9,0.7,1.0,0.1,0.8,1.2,0.6,0.7,1.2,0.6,0.9,1.4,-1.8,-1.3,-1.5,-1.6,-1.6,0.0,-0.1,0.1,9.0,20.0,1.0
136,0.2,0.1,1.6,0.1,-0.0,1.5,-0.6,-0.1,0.0,-0.1,0.2,0.3,0.0,0.5,1.1,-0.8,0.6,0.1,0.6,1.4,0.4,-0.5,-0.1,-0.2,-0.1,-0.2,0.4,-1.7,-1.7,-1.7,-2.0,-1.5,0.5,1.0,0.4,9.0,18.0,2.0
250,0.3,-0.3,0.4,0.3,0.2,0.6,0.1,-0.5,0.3,-0.5,0.1,0.2,0.1,-0.2,0.5,-0.8,-0.0,-0.6,0.2,0.9,-0.2,-0.4,-0.6,-0.0,0.1,-0.3,-0.8,-0.2,-0.6,-0.7,-0.6,-0.6,0.3,0.5,-0.0,9.0,18.0,2.0
80,0.5,0.5,0.2,-0.2,-0.1,0.3,-0.1,0.8,-0.4,0.3,0.4,0.4,0.2,0.4,-0.1,0.7,0.2,0.5,0.7,0.9,0.6,0.9,0.8,0.8,0.4,0.8,1.2,-0.8,-1.0,-1.1,-0.6,-1.2,0.1,0.2,0.2,11.0,20.0,1.0
174,0.8,0.9,0.3,0.3,0.3,0.8,0.4,0.6,0.4,0.4,0.8,0.7,0.8,0.7,-0.1,0.2,1.5,0.6,0.4,0.2,0.8,0.5,1.0,0.8,1.0,0.7,0.7,-1.1,-0.6,-0.4,-0.8,-0.6,0.0,-0.2,0.1,8.0,16.0,0.0
140,-0.0,-0.1,-0.0,-0.4,-0.3,-0.4,0.1,0.2,-0.3,-0.0,0.0,0.1,0.0,-0.1,-0.2,0.1,-0.1,0.1,-0.3,-0.3,0.2,0.4,0.2,0.2,0.1,0.3,0.4,0.2,0.4,0.2,0.4,0.3,0.1,0.0,0.2,7.0,8.0,1.0
235,-0.5,-0.9,0.3,0.5,0.5,-0.4,0.3,-1.0,0.5,-0.5,-0.5,-0.8,-0.9,0.0,-0.1,-0.2,-0.5,-0.0,0.4,0.4,-0.0,-0.9,-1.0,-1.5,-0.9,-0.3,-1.3,1.1,1.2,1.3,1.3,1.3,-0.1,-0.5,0.3,7.0,15.0,1.0
187,0.3,0.2,1.3,1.0,1.2,1.1,0.4,-0.0,1.1,-0.0,0.8,0.8,0.2,1.1,0.2,0.2,0.2,0.1,0.9,0.8,-0.3,-0.4,-0.1,0.1,-0.4,-0.4,-0.2,-1.6,-1.5,-1.8,-1.7,-1.7,0.1,-0.0,-0.3,10.0,21.0,2.0
38,0.8,0.6,0.4,0.0,-0.1,0.2,0.1,0.7,0.1,0.2,0.8,0.7,0.3,-0.0,-0.4,0.1,0.2,0.3,-0.2,0.8,0.2,0.9,0.6,0.6,0.5,0.4,0.6,-0.8,-0.4,-0.2,-0.7,-0.6,0.2,0.2,-0.3,11.0,21.0,1.0
265,-0.4,-0.5,-0.4,0.2,0.1,-0.2,-0.1,-1.0,0.2,-0.6,-0.3,-0.2,-0.2,0.1,-0.1,-0.3,-0.2,-0.4,0.2,0.1,-1.1,-0.9,-0.9,-0.8,-0.8,-0.7,-0.9,0.1,-0.1,-0.1,0.3,-0.0,0.1,0.3,-0.1,10.0,15.0,2.0
104,0.0,0.0,0.2,0.1,0.1,0.0,0.1,-0.0,0.1,0.0,0.0,0.0,0.0,0.0,0.1,0.0,0.0,0.0,0.0,-0.0,0.0,-0.0,0.0,0.0,0.0,-0.0,-0.0,0.1,0.1,0.1,0.1,0.1,0.1,0.1,0.1,2.0,2.0,0.0
131,1.3,1.2,0.8,1.2,1.7,1.2,0.8,1.7,1.4,1.1,1.2,1.2,0.8,1.5,-0.2,1.0,0.9,1.0,-0.2,0.8,0.5,1.2,1.0,1.1,0.8,1.0,1.0,-1.8,-1.6,-2.0,-1.8,-1.5,-0.1,-0.6,0.1,6.0,14.0,1.0
184,0.5,0.6,-0.5,-0.3,-0.1,0.1,0.5,0.9,-0.4,0.5,0.4,-0.8,0.5,-0.3,0.6,-0.1,0.4,0.4,0.4,1.2,1.0,1.0,1.0,1.3,0.5,0.6,1.9,0.1,-0.1,0.1,0.1,0.3,0.2,0.4,1.5,8.0,18.0,2.0
173,-0.1,0.3,-0.6,-0.7,-1.3,-1.2,-2.9,-0.1,-3.6,-0.1,-0.3,-0.5,1.4,-0.0,-0.9,-0.5,2.3,0.9,-1.0,-0.5,-1.9,1.7,-2.3,-0.1,-0.6,-0.7,-0.7,-1.4,-1.8,-1.8,-2.6,-1.8,0.3,0.2,-1.3,1.0,7.0,2.0
45,0.1,0.0,-0.5,0.5,0.5,0.3,0.1,-0.2,0.4,-0.5,0.1,-0.3,0.4,0.7,0.2,0.1,0.6,0.2,0.2,-0.2,-0.1,-0.1,-0.1,-0.2,-0.1,-0.0,-0.3,0.1,-0.1,0.2,0.2,-0.1,0.1,0.2,0.6,10.0,19.0,1.0
251,-0.2,-0.1,0.3,0.2,0.3,-0.1,0.4,-0.1,0.3,-0.0,0.2,0.5,-0.3,0.2,0.4,-0.6,-0.3,-0.5,-0.1,0.0,-0.4,-0.0,-0.3,0.1,-0.1,-0.0,-0.5,0.5,0.9,0.5,0.5,0.2,0.2,-0.0,0.0,9.0,17.0,2.0
53,-0.1,0.1,0.2,0.3,0.4,0.8,-0.3,0.1,0.2,-0.1,-0.3,-0.6,0.5,0.3,0.6,-0.0,0.6,0.5,0.4,0.6,-0.4,0.2,0.0,-0.5,-0.1,0.6,-0.4,-0.7,-0.6,-0.8,-0.6,-0.6,0.1,0.4,-0.4,10.0,20.0,1.0
122,0.4,-0.1,-0.1,0.4,0.3,0.8,1.1,0.1,0.6,0.7,0.3,0.6,-0.0,0.2,0.4,-0.2,0.4,0.1,0.2,0.7,0.8,0.3,0.7,0.4,0.9,1.0,0.5,0.5,0.1,0.2,0.2,0.2,0.2,0.4,0.7,9.0,20.0,1.0
109,0.0,-0.0,-0.2,0.2,0.0,0.4,0.0,-0.3,-0.2,-0.1,0.0,-0.0,-0.1,-0.3,0.7,-0.2,-0.2,-0.2,-0.0,0.1,0.1,-0.5,-0.3,-0.6,-0.4,-0.6,-0.6,0.4,0.4,0.2,0.4,0.3,0.1,0.2,0.3,10.0,20.0,1.0
73,0.7,1.0,1.2,0.7,0.7,0.8,-0.1,0.9,0.4,0.6,0.6,0.7,0.9,0.3,0.6,0.1,0.9,0.3,-0.0,0.7,-0.1,0.5,0.4,0.8,0.1,-0.2,0.4,-1.4,-1.7,-1.7,-1.3,-1.7,0.2,0.5,-1.1,10.0,18.0,1.0
66,0.2,0.4,0.0,0.1,-0.0,-1.1,-0.4,0.5,-0.2,0.4,-0.0,-0.3,1.0,0.9,-0.2,1.3,0.9,1.1,-0.1,-0.9,-0.2,0.2,0.1,0.3,-0.1,-0.5,0.2,0.3,-0.4,0.1,-0.2,0.0,-0.2,-0.5,-0.6,9.0,18.0,1.0
138,0.3,0.3,0.8,-0.4,-0.5,-1.1,-1.2,1.5,-1.4,-0.6,-0.4,-1.6,0.2,1.2,0.3,1.0,0.7,0.3,0.1,1.8,0.2,1.9,1.5,0.6,0.9,1.8,1.6,-3.4,-3.4,-3.2,-3.2,-3.1,-0.1,-0.1,-0.0,5.0,14.0,2.0
39,0.6,0.3,0.5,1.2,1.2,1.0,0.5,0.4,1.1,0.1,0.9,1.1,-0.0,0.5,0.8,-0.2,0.1,0.1,0.2,0.6,0.5,0.2,0.2,0.7,0.2,0.5,0.6,-0.5,-0.9,-0.7,-0.7,-0.8,0.3,0.3,0.1,8.0,17.0,1.0
197,0.3,0.3,0.2,-0.0,0.0,-0.1,0.4,0.4,0.1,0.5,0.3,0.4,0.1,0.1,-0.3,0.5,-0.4,0.4,-0.2,-0.2,0.2,0.3,0.2,0.3,0.5,0.6,0.1,0.2,0.0,0.2,0.0,0.2,-0.0,-0.0,0.6,11.0,15.0,1.0
220,1.6,0.7,0.3,-3.5,-2.9,-0.5,-0.4,1.4,-3.4,1.0,0.2,0.3,-0.1,-1.9,-1.3,0.2,-0.5,0.6,0.1,-0.1,1.6,1.5,0.8,0.6,1.5,1.9,2.2,-2.0,0.6,0.2,0.5,-0.1,0.2,1.0,1.2,2.0,9.0,0.0
7,0.3,0.3,1.9,0.6,0.8,-0.3,0.2,0.7,0.3,0.2,0.5,0.4,0.8,0.9,-0.3,0.4,1.1,0.6,0.2,-0.1,-0.3,-0.0,0.2,0.3,0.1,0.0,0.3,-0.5,-1.3,-0.9,-0.9,-0.7,-0.0,-0.0,-0.8,6.0,17.0,1.0
34,-0.7,-0.7,-0.3,0.2,0.1,0.0,0.1,-0.8,0.2,-0.3,-0.5,-0.5,-0.3,-0.2,0.2,-0.2,-0.2,-0.6,-0.1,-0.1,-0.0,-0.8,-0.4,-0.9,-0.8,-0.4,-0.3,0.6,1.0,0.9,1.0,0.7,0.3,0.5,0.1,10.0,21.0,2.0
44,-0.5,-0.4,0.5,0.5,0.0,-0.5,-0.3,-0.9,0.2,-0.4,-0.3,-0.1,-0.0,-0.5,-0.2,0.1,0.4,-0.0,0.8,-0.2,-0.6,-0.8,-0.6,-0.3,0.0,-0.3,-0.4,0.3,-0.0,0.3,0.2,-0.1,-0.0,-0.0,0.3,9.0,17.0,2.0
108,-0.4,-0.2,0.4,0.2,0.3,0.3,-0.1,-0.7,0.2,-0.4,-0.1,0.2,-0.3,-0.5,0.4,-0.7,-0.2,-0.8,-0.0,0.1,0.1,-0.5,-0.1,-0.0,0.3,-0.2,-0.2,-0.0,-0.2,-0.4,0.4,0.2,0.2,0.6,0.3,10.0,20.0,0.0
16,-0.2,0.0,-1.7,-1.5,-1.6,-0.8,-0.1,0.1,-1.5,-0.1,-0.4,-0.6,0.3,-0.2,-0.2,-0.1,0.5,0.3,0.0,-0.3,-0.1,0.4,-0.1,0.1,0.0,0.1,0.3,0.6,0.8,0.8,1.0,0.6,0.1,0.4,-0.3,10.0,19.0,2.0
117,-0.8,-0.4,0.9,0.4,0.5,0.4,-0.7,-0.3,0.3,-0.9,-0.4,-0.5,-0.2,0.1,-0.2,0.0,-0.3,-0.3,0.3,-0.4,-0.6,-1.5,-0.6,-0.4,-0.5,-0.8,-1.0,0.2,-0.1,-0.2,-0.3,-0.1,0.2,0.6,0.1,9.0,19.0,2.0
150,0.9,1.1,-0.0,-0.2,-0.3,-0.4,0.4,0.9,-0.5,1.3,0.6,0.9,1.1,0.5,-0.7,1.6,1.4,1.8,0.4,-0.8,0.3,0.7,0.9,1.5,0.9,0.7,1.0,0.3,0.1,0.1,0.1,0.1,-0.1,-0.5,-0.6,6.0,16.0,1.0
200,0.3,0.4,-0.6,0.4,0.7,-0.1,0.2,0.5,0.5,0.4,0.4,0.5,0.7,1.3,0.1,0.4,0.5,0.8,-0.3,-0.0,-0.5,-0.1,-0.2,0.0,-0.8,-0.6,-0.6,0.3,-0.0,0.0,0.3,0.2,0.1,-0.1,-1.0,7.0,14.0,0.0
167,-0.6,-0.6,-1.1,0.2,0.2,-0.4,-0.1,-0.8,0.2,-0.3,-0.4,-0.4,-0.3,-0.1,-0.4,-0.4,-0.0,-0.4,-0.5,-1.0,-0.8,-1.0,-1.1,-0.9,-0.5,-0.3,-0.9,0.7,0.6,0.9,0.9,0.8,0.0,-0.1,0.1,9.0,18.0,2.0
137,-0.1,-0.3,-0.3,-0.1,0.1,0.6,0.6,0.2,0.3,0.8,0.2,0.1,0.2,0.1,0.6,-0.6,0.3,0.1,0.5,-0.3,-0.0,-0.3,-0.0,0.2,-0.7,-0.4,-0.1,1.4,1.0,1.5,1.1,1.0,0.0,0.1,1.1,7.0,13.0,0.0
56,0.1,-0.0,-2.2,-0.3,0.1,-0.0,0.5,-0.4,0.3,-0.0,0.1,0.5,0.1,-0.1,0.9,-0.9,0.3,-0.5,-0.1,0.3,0.2,-0.1,-0.3,-0.2,0.4,-0.5,-0.1,0.7,0.8,0.8,0.6,0.8,0.4,0.8,-0.0,11.0,20.0,1.0
17,-0.8,-1.0,0.1,1.5,2.9,-1.5,0.3,-1.9,2.3,-0.9,-0.5,-0.1,-7.9,0.3,-0.5,-0.7,-0.0,-0.0,3.9,-1.0,-1.8,-2.7,-1.3,0.2,-0.3,0.1,-0.3,-0.8,0.5,-0.1,0.5,-0.3,0.1,0.3,-0.6,1.0,7.0,0.0
3,0.0,0.0,0.2,0.1,0.1,0.0,0.1,-0.0,0.1,0.0,0.0,0.0,0.0,0.0,0.1,0.0,0.0,0.0,0.0,-0.0,0.0,-0.0,0.0,0.0,0.0,-0.0,-0.0,0.1,0.1,0.1,0.1,0.1,0.1,0.1,0.1,4.0,4.0,1.0
119,-0.1,-0.1,0.7,0.2,0.1,-0.8,0.1,-0.2,0.2,-0.4,-0.3,-0.4,-0.1,0.2,0.0,-0.0,0.1,-0.4,-0.3,0.5,-0.1,-0.1,-0.0,-0.1,0.1,0.1,0.1,0.0,0.0,-0.1,-0.3,0.1,0.2,0.1,0.0,11.0,21.0,2.0
84,-0.5,-0.5,1.0,0.3,0.3,-0.3,-0.4,-0.7,0.4,-0.5,-0.7,0.0,-0.3,-0.2,-0.1,0.3,-0.6,-0.1,0.3,-0.3,-0.8,-1.1,-0.9,-1.0,-1.1,-0.8,-0.8,0.8,0.7,0.7,0.6,0.7,0.0,0.3,-0.6,9.0,17.0,1.0
63,-0.5,-0.3,-2.9,-0.0,-0.2,0.1,-0.2,-0.6,0.1,-0.1,-0.3,-0.1,-0.7,0.1,0.2,-0.7,-0.6,-0.6,-0.1,-0.8,-0.1,-0.7,-0.1,-0.2,-0.4,-0.9,-0.8,0.7,0.7,0.7,0.9,0.6,0.3,0.3,-0.3,11.0,20.0,0.0
171,0.1,-0.1,0.2,0.1,0.2,0.1,0.2,0.2,0.3,0.5,0.1,0.4,-0.0,0.0,0.0,0.1,-0.1,-0.1,-0.1,0.4,0.0,0.1,-0.0,0.2,0.3,0.2,0.1,0.2,0.0,-0.0,0.1,-0.2,0.1,-0.2,0.6,10.0,16.0,2.0
164,-0.3,-0.4,-0.1,0.2,0.2,-0.1,-0.2,-0.5,0.2,-0.4,-0.2,0.5,-0.4,-0.3,-0.4,-0.2,-0.0,-0.1,-0.4,-0.9,-0.3,-0.8,-0.3,-1.2,-0.4,-0.6,-1.3,0.7,0.4,0.8,0.4,0.5,0.0,-0.0,-0.0,6.0,15.0,2.0
15,-0.5,-0.6,0.2,0.1,0.3,0.0,-0.1,-0.6,0.3,-0.1,-0.5,0.2,-0.8,-0.2,0.1,-0.6,-0.8,-0.9,0.2,-0.2,0.1,-0.5,-0.2,-0.1,0.1,-0.3,-0.6,0.6,1.1,1.0,0.8,0.8,0.2,0.2,0.8,5.0,7.0,0.0
238,-0.4,-0.2,-1.0,-1.0,-1.2,-0.8,-0.6,-0.8,-1.4,-0.7,-0.4,-0.5,-0.0,-0.9,-0.7,-0.8,-0.0,-0.1,-0.4,0.0,-0.5,-0.8,-1.0,-0.7,-0.7,-0.5,-0.7,-0.2,-0.3,0.1,-0.0,0.3,0.3,0.8,-0.0,4.0,7.0,1.0
154,-0.3,0.0,-0.3,-1.0,-1.0,-0.5,-0.6,0.2,-1.0,-0.2,-0.4,-0.2,0.2,-0.5,-0.4,-0.0,0.2,0.5,-0.1,-0.3,0.3,0.3,0.4,0.3,0.3,0.2,0.8,0.2,-0.0,0.4,-0.1,0.1,-0.0,0.1,-0.0,10.0,20.0,2.0
222,-0.1,-0.2,1.7,0.8,0.7,0.3,-0.1,-0.8,0.4,-0.4,-0.4,0.2,0.1,-0.0,0.5,-0.2,0.1,-0.6,-0.0,0.6,-0.4,-0.8,-1.0,-0.6,-0.8,-0.8,-0.6,-0.5,-0.3,-0.7,-0.7,-0.5,0.3,0.5,-0.8,7.0,16.0,2.0
76,-0.1,-0.2,0.2,0.1,0.1,0.2,-0.0,-0.1,0.1,-0.2,-0.2,-0.2,0.1,0.0,0.6,-0.3,0.5,-0.2,0.4,0.5,-0.2,-0.1,-0.5,-0.2,-0.5,-0.8,-0.8,-0.1,0.1,0.1,0.1,-0.1,0.2,0.1,-0.3,11.0,21.0,2.0
72,0.7,0.5,0.1,0.3,0.3,0.1,0.1,0.7,0.3,-0.0,0.6,0.2,0.5,0.6,0.3,0.0,0.5,0.5,0.5,0.6,0.0,0.7,0.4,0.4,0.0,0.1,-0.0,-0.5,-1.1,-0.7,-0.8,-0.7,0.0,0.1,0.2,11.0,20.0,2.0
258,0.1,0.2,0.2,-0.0,0.0,0.5,-0.2,0.4,-0.2,0.1,0.1,0.1,0.0,0.3,0.4,-0.6,-0.0,-0.2,-0.2,0.8,0.4,0.5,0.6,0.2,0.0,0.1,0.4,-0.7,-0.4,-0.5,-0.8,-0.6,0.3,0.5,0.1,11.0,19.0,0.0
75,-0.4,-0.8,0.2,0.9,0.8,0.3,-0.2,-1.3,0.6,-0.5,-0.1,-0.0,-0.1,-0.5,0.4,-0.4,-0.6,-0.5,-0.4,0.8,-0.9,-1.5,-1.0,-1.5,-0.8,-0.5,-0.8,-0.1,-0.2,0.0,0.2,0.1,0.4,0.7,0.2,5.0,9.0,0.0
60,-0.1,0.1,0.2,0.5,0.5,0.3,-0.1,-0.1,0.6,-0.1,-0.3,0.0,-0.2,0.2,0.4,-0.0,-0.3,0.1,0.3,-0.0,0.2,-0.1,0.2,0.1,0.1,-0.2,0.1,0.3,0.2,0.3,0.1,0.1,0.0,0.0,0.7,10.0,20.0,2.0
205,-0.4,-0.1,-0.3,-0.2,-0.2,-0.1,0.4,0.5,-0.1,-0.1,-0.3,0.1,-0.0,0.2,0.6,-0.0,0.2,-0.2,0.4,0.5,-0.6,-0.1,-0.2,-0.5,-0.5,-0.4,-0.5,0.7,0.9,1.2,0.8,0.9,0.0,0.2,0.4,9.0,18.0,2.0
153,0.7,-0.3,0.6,0.3,0.0,-0.2,0.8,-0.3,1.5,0.6,0.0,0.1,-0.6,-0.5,0.6,0.1,-0.4,-0.0,0.4,0.4,-0.5,0.2,-0.3,-0.5,-0.5,0.5,-0.0,2.1,1.6,1.6,1.4,1.3,0.1,-0.0,0.9,5.0,12.0,2.0
190,-0.0,-0.6,0.2,0.2,-0.1,-0.6,-0.2,-0.7,0.4,-0.5,-0.5,-0.2,-0.3,0.2,-0.3,-0.3,-0.5,-0.7,0.6,-0.0,0.0,-0.6,-0.8,-0.4,-0.4,0.2,-0.6,0.1,0.1,0.0,0.1,-0.1,0.1,0.2,-1.7,6.0,9.0,1.0
183,0.2,0.4,1.2,0.3,0.3,0.4,-0.0,0.4,0.3,0.4,0.1,0.4,0.2,0.4,-0.1,0.5,0.1,0.2,-0.1,0.4,0.0,-0.1,0.3,-0.0,0.2,0.1,-0.2,-0.6,-0.7,-0.5,-0.4,-0.4,0.0,0.1,-0.1,11.0,21.0,1.0
49,-1.4,-1.0,-2.1,-0.9,-0.8,-1.3,-0.9,-1.0,-1.1,-0.9,-1.7,-1.2,-0.6,-1.2,-1.0,-0.5,-0.3,-0.2,-0.3,-1.6,-0.8,-1.1,-1.0,-0.3,-0.4,-1.1,-0.7,1.7,1.6,1.3,1.3,1.6,0.2,0.1,-0.0,6.0,14.0,0.0
142,0.2,0.1,-0.1,0.2,0.3,-0.2,0.1,-0.3,0.4,-0.1,0.3,0.5,-0.4,-0.0,0.2,-0.4,-0.3,-0.3,-0.2,0.2,0.0,-0.2,0.2,0.0,0.2,0.2,0.1,-0.3,0.1,-0.2,0.0,-0.1,0.2,0.1,0.6,11.0,20.0,1.0
8,0.2,1.1,-0.6,-3.9,-3.7,-3.8,-0.3,1.7,-3.9,-0.2,-0.1,-1.9,1.3,0.1,-1.5,1.5,1.4,1.7,-2.2,0.1,0.4,2.0,0.9,0.2,0.4,1.4,2.0,0.0,-0.1,0.8,-1.0,0.0,-0.4,-1.5,0.6,2.0,11.0,0.0
99,-0.2,1.3,-0.3,0.1,0.1,1.3,0.3,-0.0,0.1,0.0,0.3,0.4,-0.0,-0.2,0.4,0.0,0.1,0.0,0.0,0.4,1.2,1.0,1.2,0.0,-0.8,-0.0,-0.0,0.5,0.0,0.1,0.1,0.1,0.1,0.1,-0.1,6.0,7.0,0.0
133,-0.3,-0.3,-0.2,-0.7,-0.7,-0.4,-0.4,0.3,-0.5,-0.4,-0.4,-0.3,-0.3,-0.2,0.1,0.3,-0.2,0.1,0.2,-0.1,-0.1,0.2,0.4,-0.3,-0.6,0.3,0.0,0.2,0.3,0.0,0.2,-0.1,-0.1,-0.2,-0.1,6.0,14.0,1.0
254,-0.8,-0.3,0.1,0.3,0.6,-0.5,-0.4,-0.5,0.4,-0.8,-1.0,-0.8,0.1,-0.0,-0.2,0.2,0.2,0.2,-0.4,-1.1,-0.7,-1.3,-1.1,-0.2,-0.8,-1.0,-1.2,0.5,0.7,0.7,0.6,0.3,-0.0,-0.1,0.1,8.0,17.0,1.0
47,0.4,-0.2,0.4,0.7,0.7,0.7,0.3,-0.3,0.4,-0.1,0.2,-0.2,-0.1,0.1,0.3,-0.2,-0.3,-0.3,0.3,0.7,0.1,-0.8,-0.2,0.2,-0.1,-0.6,-0.4,-0.2,-0.4,-0.9,-0.8,-1.0,0.1,-0.0,-0.3,10.0,18.0,0.0
191,0.6,0.6,0.3,0.2,0.3,0.2,-0.0,0.6,0.3,0.7,0.9,0.4,-0.0,0.2,0.2,0.6,-0.4,-0.1,-0.6,0.9,0.4,1.0,0.5,0.9,0.8,0.0,0.7,-1.7,-1.3,-1.4,-1.6,-1.2,0.0,-0.2,0.4,6.0,11.0,1.0
78,0.1,-0.0,1.0,0.3,0.2,-0.0,0.4,-0.4,0.1,0.3,0.3,0.6,0.2,0.3,0.3,0.1,0.2,0.1,0.0,-0.1,-0.1,-0.4,-0.3,-0.2,-0.3,-0.3,-0.7,0.9,0.8,0.4,0.6,0.8,0.2,0.1,-0.6,10.0,18.0,1.0
127,0.1,0.1,0.2,-0.0,-0.0,0.0,0.1,0.2,0.0,0.3,0.0,-0.0,-0.1,0.1,-0.1,0.2,-0.1,0.0,-0.1,-0.2,0.2,0.2,0.2,0.4,0.1,0.0,0.2,-0.0,0.1,0.0,0.2,0.0,0.0,0.0,0.2,10.0,11.0,0.0
74,0.3,0.1,0.1,-0.4,-0.6,-0.2,-0.7,0.1,-0.3,-0.7,-0.0,-0.2,0.1,-0.3,0.1,-0.7,0.6,-1.0,0.5,1.1,0.4,0.3,0.5,-0.4,0.2,0.5,-0.0,-0.7,-0.8,-0.6,-0.8,-0.8,0.2,0.3,-0.3,9.0,19.0,1.0
91,0.8,0.8,0.2,0.6,0.5,0.9,0.1,0.6,0.5,0.2,0.5,0.2,0.2,0.3,-0.5,-0.4,0.0,0.3,-0.4,0.6,0.2,0.6,0.5,1.0,0.7,0.3,0.5,-1.5,-1.7,-1.7,-1.6,-1.7,0.1,-0.2,0.1,9.0,17.0,2.0
155,-1.2,-1.0,1.4,-0.0,-0.1,0.1,-0.4,-1.0,0.1,-1.2,-1.3,-0.6,-0.1,-0.3,0.3,-0.3,-0.3,-0.2,0.4,-0.4,-0.6,-1.1,-0.6,-1.3,-1.2,-0.6,-0.9,0.8,1.0,0.8,0.9,0.9,0.2,0.3,-0.6,9.0,19.0,0.0
121,0.1,-0.1,0.2,-0.4,-0.2,-0.6,-0.5,0.1,-0.1,0.3,0.3,0.2,0.5,0.4,0.1,0.2,0.8,0.7,-0.4,-0.7,0.6,0.4,0.4,-0.0,-0.1,0.5,0.1,-0.7,-0.6,-0.3,-0.3,-0.7,0.2,0.1,-0.5,8.0,18.0,2.0
83,0.3,0.1,-0.9,-0.1,0.1,-0.2,0.0,0.1,-0.0,-0.0,0.3,0.1,0.2,-0.0,-0.3,0.2,0.1,0.2,-0.8,-0.0,0.1,0.1,0.0,0.2,0.3,-0.3,0.1,0.2,0.1,0.1,0.0,0.1,0.1,-0.0,-0.4,11.0,17.0,0.0
165,0.1,0.1,-0.4,-1.2,-0.8,0.2,-0.8,0.1,-1.0,0.4,-0.2,-0.1,-0.9,-2.4,-0.9,-1.1,-1.3,-0.3,0.3,0.0,-0.3,0.0,-0.3,0.3,0.6,0.4,1.2,-0.1,0.4,-0.1,0.2,-0.4,0.5,1.0,0.9,3.0,8.0,2.0
100,-0.3,-0.3,0.2,0.3,0.3,0.0,0.1,-0.8,0.4,-0.9,-0.4,-0.6,-0.4,-0.5,0.4,-0.3,-0.7,-0.6,-0.1,-0.1,-0.1,-0.7,-0.3,-0.3,-0.4,-0.0,-0.1,0.6,0.7,1.2,0.6,0.9,0.1,0.1,0.1,10.0,19.0,2.0
24,0.2,0.1,2.0,0.6,0.7,0.5,0.7,0.1,0.6,0.2,0.2,0.4,0.3,0.4,0.5,0.4,0.5,0.1,1.2,0.5,0.4,-0.1,-0.1,0.1,-0.1,0.0,-0.1,0.9,0.8,0.5,1.1,0.8,0.1,0.1,-0.2,11.0,22.0,1.0
234,0.2,0.2,0.2,-0.9,-0.8,0.7,-0.4,0.7,-0.9,0.1,0.0,-0.2,0.0,-0.7,0.3,0.4,0.2,0.2,0.3,-0.2,0.1,0.9,0.6,0.7,0.9,0.2,0.8,-1.2,-0.8,-0.6,-1.1,-1.0,0.1,0.5,0.3,5.0,16.0,1.0
19,1.2,1.2,0.6,0.8,0.8,0.5,1.1,0.8,0.5,0.9,1.3,1.2,0.8,0.7,-0.5,1.2,0.6,1.2,0.5,0.2,0.7,0.9,1.0,1.2,0.8,0.6,1.0,-0.7,-0.5,-0.7,-0.3,-0.6,-0.1,-0.2,-0.2,10.0,20.0,1.0
42,-0.0,-0.1,-1.6,0.0,0.0,0.2,0.0,0.0,-0.2,0.4,0.1,-0.3,0.5,0.2,-0.2,0.5,0.7,0.2,0.1,-0.3,-0.1,-0.0,0.1,0.4,0.2,-0.1,-0.2,0.2,0.1,0.4,0.1,0.2,-0.1,-0.2,-0.2,9.0,19.0,1.0
233,-0.5,-0.5,0.1,0.1,0.1,-0.1,0.1,-0.7,0.1,-0.0,-0.1,0.0,0.1,-0.3,0.4,0.1,-0.1,0.1,0.6,-0.4,-0.5,-0.8,-1.0,-0.6,-0.9,-0.4,-0.5,1.3,1.3,1.7,1.5,1.3,-0.0,0.2,1.3,10.0,20.0,1.0
4,0.0,0.0,0.2,0.1,0.1,0.0,0.1,-0.0,0.1,0.0,0.0,0.0,0.0,0.0,0.1,0.0,0.0,0.0,0.0,-0.0,0.0,-0.0,0.0,0.0,0.0,-0.0,-0.0,0.1,0.1,0.1,0.1,0.1,0.1,0.1,0.1,1.0,1.0,0.0
129,-0.1,-0.2,0.9,0.6,0.6,0.3,-0.0,-0.2,1.0,0.1,0.5,0.9,-0.2,0.7,-0.0,0.6,0.1,-0.3,-0.1,-0.7,-0.2,-0.4,-0.2,0.1,0.0,0.3,-0.4,0.3,0.2,0.0,0.2,0.5,-0.0,-0.4,0.3,6.0,14.0,2.0
231,-0.1,-0.1,0.2,1.2,1.1,0.6,-0.7,-0.7,0.9,-0.4,0.1,0.4,-0.3,-0.1,0.1,-0.1,-0.6,-0.2,0.3,-0.1,-0.5,-0.5,-0.0,-0.9,-0.1,-0.6,-0.6,-1.0,-0.9,-0.9,-1.0,-0.9,0.1,-0.0,-0.3,9.0,17.0,2.0
128,-0.3,-0.3,0.3,0.6,0.3,-0.0,0.2,-0.5,0.6,-0.3,-0.1,-0.2,-0.2,-0.1,0.2,-0.1,-0.1,-0.4,0.1,-0.3,-0.4,-1.1,-1.0,-0.7,-0.6,-0.9,-1.2,0.3,0.6,0.7,0.3,0.8,0.1,0.1,-0.3,10.0,20.0,2.0
123,-0.2,0.1,0.2,-0.0,-0.4,-0.4,-0.4,-0.1,-0.4,-0.3,-0.3,-0.6,0.5,0.5,0.7,0.1,0.4,0.5,-0.1,-0.5,-0.1,0.0,-0.4,-0.4,-0.2,-0.2,-0.0,0.6,0.5,0.8,0.2,0.5,0.1,0.2,0.0,11.0,19.0,0.0
209,0.7,0.9,0.3,0.2,0.3,-0.3,0.1,0.9,0.1,1.4,0.7,1.0,0.3,0.1,-0.2,-0.0,0.4,0.1,-0.7,0.1,0.6,0.9,0.7,1.2,0.9,0.6,0.7,-0.8,-0.5,-0.8,-0.6,-0.7,0.1,0.1,-0.2,9.0,17.0,0.0
82,-0.6,0.1,0.0,0.4,0.4,-0.9,0.1,-0.4,0.4,0.2,-0.4,-0.1,-0.2,-0.3,-0.6,-0.2,-0.3,-0.1,-0.2,-1.1,-0.6,-0.0,-1.0,-0.1,-0.5,-0.7,-0.6,0.5,0.7,0.4,0.5,0.5,-0.1,-0.4,-0.3,5.0,8.0,1.0
126,-0.0,0.4,0.1,0.0,0.1,0.1,0.1,0.7,0.0,0.4,-0.0,-0.1,0.9,0.6,-0.5,1.0,0.9,0.8,0.8,-0.6,0.3,0.3,0.5,0.1,0.4,0.3,0.2,-0.4,-0.1,-0.2,-0.5,-0.1,-0.1,-0.4,-0.6,8.0,15.0,1.0
247,-0.2,-0.1,-1.6,0.1,0.3,-0.3,-0.2,-0.2,0.1,-0.6,-0.4,-0.2,-0.1,-0.2,0.4,-1.0,-0.2,-0.2,0.8,0.1,-0.2,-0.1,-0.2,-0.6,-0.9,-0.3,-0.3,0.1,0.3,-0.0,0.3,0.1,0.2,0.2,-0.6,3.0,4.0,1.0
61,0.5,0.4,-0.7,0.1,0.1,0.3,0.8,0.3,0.3,0.3,0.6,0.4,-0.0,0.2,0.4,0.0,-0.1,0.2,0.1,0.4,0.5,0.4,0.1,0.3,0.4,0.3,0.3,0.3,-0.1,0.2,0.0,0.2,0.2,0.2,-0.0,8.0,12.0,2.0
57,0.1,0.1,0.2,0.0,0.0,0.4,0.2,0.1,-0.1,0.0,-0.1,-0.0,0.4,0.4,0.3,0.1,0.5,0.4,0.1,-0.1,0.3,0.2,0.4,0.3,0.5,-0.1,0.0,0.3,0.1,0.4,-0.0,0.6,0.1,0.2,0.3,9.0,20.0,1.0
132,-0.2,0.1,0.7,0.7,0.9,1.5,-0.1,0.0,0.5,0.0,-0.2,-0.3,-0.3,-0.0,1.0,-0.0,-0.4,-0.6,0.5,0.4,-0.3,-0.3,-0.1,0.0,-0.4,0.3,-0.0,-0.4,-0.2,-0.3,-0.2,-0.1,0.3,0.5,-0.2,10.0,18.0,2.0
253,0.1,0.2,0.3,0.7,0.7,0.4,-0.3,0.0,0.4,-0.3,0.2,0.7,0.1,0.2,-0.2,0.3,0.3,-0.1,0.0,-0.1,-0.3,-0.1,-0.0,-0.2,-0.1,-0.3,-0.7,-0.7,-0.8,-0.9,-1.0,-0.6,-0.0,-0.1,-0.9,10.0,18.0,1.0
32,0.8,0.8,-0.8,-0.3,-0.4,0.4,0.5,0.9,-0.2,0.6,0.8,0.0,0.6,0.8,0.5,0.2,0.7,0.1,0.4,0.9,0.7,1.1,0.5,0.1,0.3,0.9,0.5,-0.5,-0.7,-0.6,-0.5,-0.4,0.1,0.4,0.9,9.0,16.0,1.0
151,-0.1,-0.3,0.5,1.0,0.9,0.4,0.2,-1.1,0.8,-1.1,0.0,-0.1,0.0,0.3,0.4,-0.7,0.1,-0.3,0.8,0.8,0.1,-0.6,0.3,-0.7,-0.2,-0.4,-0.4,-0.4,-0.8,-0.7,-0.8,-0.6,0.2,0.3,0.1,8.0,17.0,0.0
166,0.1,0.5,-0.9,-1.2,-1.3,-1.5,-0.1,0.6,-1.2,-0.0,-0.6,-0.4,0.3,-0.6,-1.1,0.1,0.0,-0.2,-0.9,-0.8,0.0,0.8,0.1,0.3,0.8,0.6,1.0,-0.5,-0.2,-0.1,0.6,-0.0,0.1,0.4,0.1,3.0,8.0,0.0
262,0.2,0.0,0.4,0.2,0.5,0.5,0.8,0.2,0.4,-0.0,0.3,0.7,-0.2,0.1,0.6,0.1,-0.5,-0.3,0.0,0.7,0.2,0.1,0.1,0.2,0.3,0.2,0.4,1.1,0.6,0.1,-0.2,0.1,0.2,0.4,0.8,8.0,14.0,0.0
241,-0.7,-0.1,0.7,0.2,0.4,0.4,-0.6,0.2,0.3,0.3,-0.1,-0.3,0.9,0.1,-0.9,0.9,1.1,0.9,-0.3,-0.7,-0.8,-0.4,-0.7,0.5,0.3,-0.1,-0.0,-0.2,-0.0,0.1,0.1,0.2,-0.0,-0.3,-0.8,5.0,8.0,1.0
180,0.7,0.3,0.5,0.5,0.6,0.4,0.5,0.5,0.6,0.6,0.5,0.7,0.2,0.6,0.2,0.4,0.0,0.6,-0.3,-0.0,0.8,0.2,0.1,0.8,0.7,0.6,0.6,0.3,0.1,0.2,-0.0,0.3,0.1,0.1,0.5,11.0,21.0,0.0
9,0.9,0.6,0.5,1.0,1.0,1.1,0.7,0.4,1.2,0.7,1.1,1.3,0.7,0.8,0.9,0.4,0.6,0.9,0.4,1.1,0.6,0.3,0.5,0.4,0.8,0.5,0.6,0.0,-0.1,0.1,0.2,0.1,0.1,0.1,0.8,9.0,14.0,1.0
213,1.6,1.2,0.8,0.3,0.7,0.8,1.1,1.0,-0.2,1.9,1.8,1.9,0.9,0.5,1.3,0.2,0.8,0.7,0.9,2.0,1.8,2.2,2.3,1.7,2.6,2.9,2.3,-1.7,-1.6,-1.9,-2.5,-1.7,-0.0,0.0,2.5,3.0,7.0,1.0
22,-0.2,-0.2,-3.7,0.6,0.7,0.2,0.0,-0.4,0.8,-0.1,0.0,0.3,-0.3,-0.1,0.1,-0.1,-0.4,-0.4,-0.1,0.0,-0.1,-0.5,-0.3,-0.4,-0.3,-0.4,-0.4,0.5,0.5,0.5,0.6,0.4,0.1,0.0,0.4,11.0,14.0,1.0
181,0.8,0.6,0.3,0.4,0.4,0.6,0.6,0.8,0.4,0.2,0.7,0.8,0.2,0.4,0.1,0.5,0.3,0.2,1.0,1.0,0.7,0.7,0.4,0.8,0.7,0.8,0.5,-0.3,-0.6,-0.7,-0.5,-0.6,0.1,-0.0,0.3,10.0,18.0,1.0
148,0.4,0.4,0.2,-0.8,-0.8,-0.8,0.5,0.7,-0.6,0.3,-0.0,-0.4,0.5,0.3,-0.3,1.0,0.8,0.8,-0.0,0.2,0.4,0.7,0.3,1.4,0.5,0.9,0.9,0.1,0.2,0.1,0.2,0.1,-0.0,-0.2,0.2,7.0,15.0,1.0
69,-0.2,-0.1,0.4,-0.4,-0.4,0.2,0.0,-0.1,-0.4,-0.2,-0.5,-0.4,0.3,-0.1,-0.1,0.0,0.2,0.2,0.2,-0.3,0.4,0.2,0.1,-0.4,-0.0,0.3,0.2,0.4,0.1,0.1,0.0,0.3,0.0,0.2,0.2,9.0,19.0,1.0
221,-0.1,-0.2,-2.9,0.5,0.7,0.6,0.0,-0.7,0.8,-0.3,0.0,0.0,0.2,0.3,0.3,0.1,0.5,-0.2,-0.1,0.0,-0.4,-0.5,-0.6,-0.5,-1.0,-1.0,-0.3,-0.1,0.1,0.1,0.1,-0.3,0.2,0.1,-0.7,7.0,18.0,0.0
55,-0.0,-0.3,-0.1,0.0,0.0,0.1,0.4,-0.7,-0.0,0.6,0.2,0.3,-0.8,-0.7,0.4,0.1,-1.0,-0.6,-0.6,-1.0,-0.2,-0.4,-0.4,0.3,0.2,0.3,0.0,1.0,1.1,0.8,1.0,0.7,0.2,0.3,0.4,4.0,6.0,2.0
30,0.0,0.0,0.2,0.1,0.1,0.0,0.1,-0.0,0.1,0.0,0.0,0.0,0.0,0.0,0.1,0.0,0.0,0.0,0.0,-0.0,0.0,-0.0,0.0,0.0,0.0,-0.0,-0.0,0.1,0.1,0.1,0.1,0.1,0.1,0.1,0.1,6.0,12.0,0.0
36,0.0,-0.1,-2.3,-0.7,-0.5,-0.6,0.0,0.0,-0.9,-0.3,-0.4,-0.4,-0.3,-0.5,-0.1,-0.2,-0.2,0.1,-0.5,0.1,-0.3,-0.2,-0.4,0.2,-0.3,-0.1,-0.0,0.1,0.3,-0.1,-0.1,0.1,0.1,0.0,0.1,9.0,19.0,0.0
6,1.4,1.5,0.2,-0.4,-0.7,-1.1,-1.5,1.8,-0.9,0.4,0.5,0.7,1.6,0.3,-1.5,1.6,1.0,1.9,-1.7,0.2,-0.6,1.6,1.5,0.9,0.9,0.8,1.3,-3.5,-4.1,-4.0,-3.5,-4.2,-0.3,-0.9,-1.0,4.0,12.0,1.0
146,1.1,0.9,-1.9,0.6,0.4,0.9,0.5,0.9,0.5,0.8,1.0,1.0,0.9,0.8,-0.1,0.9,0.8,0.7,0.5,0.9,0.9,0.9,1.0,1.2,0.9,0.9,1.2,-1.1,-1.1,-1.1,-1.1,-1.2,-0.1,-0.3,0.5,10.0,16.0,1.0
18,-0.3,-0.2,0.2,-0.3,-0.3,0.0,-0.5,-0.2,-0.5,-0.3,-0.5,-0.6,0.0,-0.0,0.0,-0.3,0.0,-0.0,-0.2,-0.2,-0.2,-0.1,-0.0,-0.2,-0.2,-0.4,-0.1,-0.2,-0.1,-0.3,-0.2,-0.5,0.1,0.2,-0.3,11.0,19.0,2.0
179,0.4,0.4,0.2,0.5,0.6,0.5,0.3,0.4,0.4,0.7,0.7,0.7,0.5,1.1,-0.4,0.6,0.5,0.5,-0.3,0.2,0.4,0.4,0.3,0.4,0.6,0.1,0.5,-0.1,0.3,0.0,0.2,0.2,-0.1,-0.3,-0.6,9.0,20.0,0.0
86,0.2,0.1,0.2,0.0,0.3,0.0,0.3,-0.3,0.0,0.3,0.7,0.4,0.1,-0.0,0.0,0.2,-0.0,0.3,-0.4,-1.0,0.0,-0.3,-0.4,-0.5,0.2,-0.2,-0.4,0.1,0.4,0.6,0.4,0.4,0.0,0.2,0.4,9.0,20.0,1.0
264,0.4,0.4,0.2,0.2,0.1,0.1,0.4,0.6,0.2,0.7,0.4,0.7,0.5,0.2,-0.2,0.4,0.3,0.6,0.5,0.2,0.5,0.3,0.5,0.4,0.6,0.6,0.2,-0.1,-0.2,-0.0,-0.2,-0.3,-0.0,0.0,0.6,10.0,18.0,1.0
223,2.6,2.9,-3.5,-1.3,-1.1,0.3,1.9,3.1,-0.9,2.9,2.0,1.5,2.0,1.1,-0.2,1.2,2.5,2.2,1.0,1.5,2.4,3.5,3.2,2.1,2.5,3.1,2.8,-1.2,-0.2,-0.6,-0.5,-0.7,-0.1,-0.7,-0.1,3.0,10.0,1.0
70,1.5,0.9,0.2,0.9,1.1,1.6,0.0,1.2,1.3,0.7,1.3,1.1,0.5,1.0,0.7,-0.2,0.8,0.4,-0.1,1.6,1.0,1.1,1.4,1.2,1.1,1.5,1.2,-2.2,-2.6,-2.5,-2.3,-2.8,0.3,0.3,0.0,10.0,21.0,2.0
243,0.1,0.3,-0.2,0.3,0.3,0.1,-0.2,-0.1,0.1,0.1,0.1,0.2,0.3,-0.3,-0.2,-0.0,0.2,0.3,-0.1,-0.1,0.0,-0.3,-0.6,0.2,-0.3,0.2,-0.3,0.2,-0.1,0.2,0.0,-0.1,0.0,-0.0,0.3,9.0,18.0,0.0
98,-0.3,-0.2,0.4,0.5,0.2,1.3,-0.1,-0.6,0.0,-0.2,0.1,0.2,0.1,-0.7,-0.1,0.8,0.2,0.3,0.6,-0.3,-0.6,-0.2,-0.5,-0.1,0.1,0.1,-0.7,0.1,-0.5,-0.3,0.4,0.2,-0.0,-0.1,0.1,4.0,7.0,0.0
116,-0.0,0.1,-0.4,-0.4,-0.7,-0.6,-0.0,0.2,-0.2,0.1,-0.1,0.7,-0.1,-0.3,-0.3,0.5,-0.1,-0.1,-0.2,-0.5,0.7,0.5,0.5,0.3,0.4,-0.0,-0.2,0.1,-0.2,0.2,-0.0,-0.1,0.0,-0.2,-0.9,10.0,20.0,1.0
130,-0.1,0.0,0.1,-0.0,0.2,-0.1,0.2,-0.1,0.1,0.2,0.1,0.0,0.0,-0.1,0.1,-0.5,0.2,-0.3,0.1,-0.1,-0.3,-0.1,-0.3,-0.1,0.0,-0.1,-0.2,0.5,0.7,0.2,0.4,0.5,0.2,0.2,-0.1,10.0,15.0,1.0
28,0.6,0.7,0.2,-0.2,-0.1,-0.0,0.3,0.5,-0.1,0.2,0.5,0.4,0.1,0.4,-0.2,0.7,-0.2,0.9,-0.3,-0.8,0.2,0.4,0.5,0.6,0.2,0.5,0.4,-0.0,-0.1,-0.2,-0.0,-0.3,0.1,-0.1,-0.2,11.0,21.0,1.0
185,-0.4,-0.2,-0.3,-1.1,-1.0,-1.1,-0.4,-0.0,-1.3,-0.3,-0.9,-0.9,-0.2,-0.7,-0.9,-0.1,-0.2,-0.3,-0.0,-0.5,0.3,0.3,0.5,-0.0,0.3,0.1,0.3,0.7,0.6,0.6,0.9,0.8,0.0,-0.1,0.5,10.0,19.0,0.0
25,-0.0,-0.1,0.2,0.4,0.4,-0.0,0.0,-0.1,0.5,-0.1,0.0,0.1,-0.0,0.1,0.1,0.1,0.0,-0.0,-0.1,-0.0,-0.1,-0.2,-0.1,-0.0,-0.1,-0.1,-0.2,0.1,0.0,0.0,0.1,0.1,0.1,0.0,0.1,10.0,11.0,1.0
161,-0.6,-0.8,1.1,0.2,0.1,-0.6,0.0,-0.8,-0.1,-0.5,-0.7,-0.9,-0.4,-0.2,-0.4,0.2,-0.5,-0.1,0.7,-0.7,-1.0,-0.9,-1.2,-1.1,-1.1,-0.9,-1.0,1.3,1.2,1.5,1.5,1.5,0.0,0.1,-0.2,11.0,20.0,2.0
175,-0.0,0.1,0.2,-0.2,-0.1,-0.2,-0.2,0.3,-0.2,0.1,0.0,0.0,-0.2,-0.0,0.3,-0.3,-0.2,-0.3,-0.6,-0.2,-0.0,-0.2,0.2,0.2,0.4,-0.2,-0.4,-0.0,0.0,-0.2,0.1,-0.1,0.1,0.3,0.1,11.0,22.0,1.0
186,0.6,0.7,-0.2,0.5,0.6,0.5,0.3,0.4,0.4,0.8,0.6,0.7,0.9,0.5,-0.1,0.6,0.9,1.0,0.9,1.0,0.4,0.7,0.6,0.6,0.7,0.3,0.7,-0.9,-1.0,-0.8,-0.7,-1.3,0.2,0.3,1.1,8.0,16.0,1.0
113,-0.0,0.0,1.3,0.3,0.3,-0.2,-0.1,-0.1,0.3,0.1,0.2,0.8,0.0,0.2,-0.2,0.0,-0.1,0.0,-0.8,-1.3,-0.2,-0.5,-0.1,-0.1,0.0,-0.4,-0.3,0.1,0.3,-0.0,0.2,0.3,0.0,-0.2,-1.6,10.0,20.0,0.0
115,0.8,0.5,0.6,0.9,1.2,1.0,0.1,0.3,1.2,0.4,0.9,0.5,-0.0,0.1,0.4,0.2,-0.1,0.2,0.0,0.8,-0.1,0.1,0.0,0.6,0.3,0.3,0.2,-1.3,-1.5,-1.3,-1.5,-1.2,0.1,0.3,1.2,9.0,20.0,2.0
31,-0.2,-0.0,0.1,0.0,0.1,-0.3,0.1,0.1,-0.2,0.3,-0.2,-0.3,-0.2,0.1,-0.4,0.5,-0.4,-0.0,-0.3,-0.3,0.6,0.0,0.0,0.3,-0.1,0.3,-0.3,1.2,1.0,1.1,1.3,1.5,0.0,0.2,-0.1,8.0,16.0,1.0
64,-0.8,-0.7,0.2,0.3,0.2,0.6,0.1,-1.3,1.1,-1.5,-1.3,-0.7,-0.5,-0.5,0.1,-0.5,-0.7,-0.9,-0.3,-1.0,-1.7,-1.2,-1.7,-1.6,-0.8,-0.9,-1.2,-0.2,-0.4,0.9,1.3,0.9,0.3,0.3,0.1,7.0,14.0,2.0
71,-0.5,-0.4,0.2,-0.8,-0.8,-0.7,-0.1,-0.1,-0.9,-0.2,-0.2,-0.3,-0.2,-0.3,-0.3,0.1,-0.1,-0.2,-0.0,-0.4,-0.6,-0.2,-0.7,0.0,-0.7,-1.0,-0.5,0.7,1.0,1.2,0.9,1.1,0.0,-0.0,-0.2,10.0,21.0,1.0
152,0.6,0.8,0.2,-1.0,-1.1,-0.9,0.7,0.9,-0.4,1.2,0.3,0.2,0.5,0.7,-0.3,0.5,0.4,0.4,0.4,-0.1,1.4,2.0,1.9,0.3,1.1,1.1,1.5,-0.3,0.3,0.4,0.7,0.1,0.0,-0.1,-0.6,3.0,8.0,1.0
158,-0.9,-0.7,0.5,-0.6,-0.7,-0.3,0.1,-0.7,-0.7,-1.1,-1.1,-1.2,0.1,-0.5,0.2,-0.8,0.2,-0.2,0.4,-0.3,-0.8,-0.8,-1.0,-1.2,-1.0,-0.5,-1.5,1.0,1.5,1.0,0.9,1.3,0.1,0.0,-0.7,9.0,18.0,2.0
10,0.0,-0.5,1.1,0.8,0.8,1.1,0.4,-0.6,0.7,-0.2,-0.0,-0.6,-0.3,-0.2,0.4,-0.1,-0.3,-0.5,0.7,0.4,-0.4,-0.4,-0.4,-0.4,-0.5,-0.1,-0.4,1.0,0.6,1.0,0.6,0.9,0.2,0.2,1.1,8.0,12.0,2.0
145,-0.4,-0.5,0.2,0.5,0.4,-0.5,0.1,-0.5,0.1,-0.4,-0.5,0.3,-0.2,0.0,0.0,-0.0,-0.2,-0.4,0.3,-0.6,-0.5,-0.8,-0.6,-0.7,-0.8,-0.8,-1.1,1.0,1.1,0.6,0.9,0.9,0.1,-0.0,-0.6,9.0,18.0,0.0
26,0.1,-0.1,0.3,0.4,0.4,0.5,0.6,-0.0,0.4,0.1,0.1,0.2,-0.1,-0.2,0.7,0.2,0.1,-0.0,0.6,0.7,0.6,0.4,0.1,0.2,0.3,0.4,0.4,1.2,0.9,1.0,0.6,0.9,0.1,0.1,0.5,9.0,13.0,0.0
94,0.7,0.5,-0.5,0.4,0.8,0.8,0.4,0.5,0.7,0.2,0.7,0.7,0.5,1.2,0.4,-0.1,0.4,0.2,-0.2,0.7,-0.2,0.6,0.4,0.2,0.0,0.4,0.1,-0.8,-0.5,-1.0,-1.1,-0.9,0.0,-0.0,0.1,7.0,17.0,1.0
139,0.8,0.1,1.7,1.1,1.2,0.5,0.7,0.2,1.6,0.5,0.8,0.9,0.1,0.3,-0.3,0.1,-0.1,0.1,0.2,1.0,0.1,0.0,-0.0,0.5,0.4,0.7,0.5,-0.1,-0.1,-0.2,-0.3,-0.3,-0.0,-0.0,0.4,8.0,15.0,1.0
156,-1.0,-1.2,-0.1,-1.0,-1.0,-0.1,-0.0,-1.3,-1.0,-0.7,-0.7,-0.9,-0.5,-0.5,0.5,-1.1,-0.8,-0.9,0.4,-0.5,-0.2,-1.3,-1.2,-1.3,-1.4,-1.4,-0.9,1.9,1.7,2.7,2.7,2.7,0.2,0.4,0.4,9.0,18.0,2.0
252,-0.8,-0.6,0.5,-0.4,-0.6,-0.6,-0.1,-0.8,-0.5,-0.3,-1.1,-0.8,-0.6,-0.7,0.5,-0.2,-0.8,-0.7,-0.5,-1.2,-0.1,-0.6,-0.4,-0.2,-0.2,-0.5,-0.5,1.0,1.2,1.4,1.3,1.4,0.2,0.2,-0.0,10.0,19.0,0.0
239,-0.6,-0.3,-0.2,-0.7,-1.3,0.6,-1.1,-0.7,-1.3,-1.5,-0.9,-1.3,0.0,-1.1,0.3,1.3,-0.2,0.4,-0.8,-0.5,0.0,-0.2,0.1,-1.2,-0.7,0.4,-0.1,-0.1,-0.3,-0.1,0.9,0.4,-0.0,-0.2,0.1,3.0,7.0,2.0
62,-1.1,-0.9,0.8,-1.5,-1.5,-0.9,-1.0,-1.1,-1.3,-0.8,-0.7,-1.0,-0.9,-0.8,0.3,-1.4,-1.0,-2.1,0.6,-0.2,-0.5,-0.5,-1.0,-1.6,-1.2,-0.7,-0.8,0.4,0.3,1.2,1.0,1.1,0.3,0.3,-0.2,6.0,17.0,2.0
193,0.6,0.7,0.5,0.6,0.3,0.2,-0.2,1.0,0.7,0.6,0.4,0.6,0.2,0.1,0.1,0.0,0.2,0.4,-0.5,0.1,-0.1,0.3,0.2,0.9,0.3,-0.7,0.2,-1.1,-1.3,-1.5,-1.1,-1.7,0.2,0.3,-0.1,7.0,13.0,2.0
246,0.8,0.7,0.5,-0.4,-0.4,0.5,-0.1,0.5,-0.2,0.0,0.6,-0.1,0.6,0.4,-0.1,0.2,0.3,0.6,-0.0,0.4,1.1,0.7,1.1,0.3,0.7,0.5,0.1,-0.2,-0.4,-0.5,-0.2,-0.3,-0.1,-0.3,0.0,6.0,11.0,1.0
261,-1.1,-1.2,-0.5,-1.8,-1.7,-1.7,-0.9,-0.7,-1.7,-0.6,-1.3,-1.8,-0.7,-1.2,0.2,-0.9,-0.8,-0.9,-1.0,-1.5,-0.4,-0.1,-0.8,-1.0,-0.7,-0.6,-0.2,1.4,1.2,1.0,1.3,1.7,0.3,0.5,-0.1,4.0,8.0,0.0
37,0.6,0.5,0.7,0.4,0.5,0.6,0.6,0.5,0.5,0.3,0.7,0.9,0.7,0.7,0.6,0.0,0.8,0.4,0.4,0.9,0.2,0.4,0.2,0.5,0.9,0.2,0.6,-0.7,-0.6,-0.9,-0.8,-1.0,0.2,0.2,-0.1,9.0,19.0,1.0
105,-1.6,-2.1,1.1,1.4,1.3,1.7,-0.3,-3.0,1.7,-1.9,-1.1,-0.6,-1.7,-0.5,2.7,-0.6,-0.5,-1.6,1.4,0.1,-1.3,-3.4,-3.4,-2.3,-1.5,-2.5,-2.6,-1.0,0.7,-0.3,0.1,-0.1,0.3,0.4,0.1,2.0,7.0,0.0
97,2.3,1.6,-0.8,3.5,3.5,3.8,0.6,1.4,3.4,1.1,1.8,1.9,0.8,1.7,1.4,1.0,1.1,1.3,1.4,3.7,1.8,1.2,1.9,2.3,1.8,0.9,1.2,-3.3,-3.5,-3.1,-3.2,-3.3,-0.1,-0.1,1.5,3.0,6.0,0.0
120,-0.9,-0.7,0.7,-0.9,-0.7,0.2,-0.3,-0.7,-0.9,-0.3,-1.3,-0.4,-0.8,-1.3,0.8,0.3,-0.5,-0.7,0.6,-1.2,-0.1,-0.8,-0.6,-1.1,-0.6,-0.7,-0.3,1.4,1.8,1.2,0.7,1.3,0.1,0.7,0.2,7.0,17.0,1.0
182,0.1,0.4,-0.1,-0.8,-0.8,-0.5,-0.6,-0.4,-1.0,0.1,-0.5,-0.9,0.0,-0.3,-0.5,0.2,0.3,0.3,0.1,-0.1,0.2,0.1,0.3,0.1,-0.0,-0.1,0.2,0.0,0.3,0.4,-0.1,0.6,0.1,-0.1,-0.3,6.0,13.0,1.0
225,-0.4,-0.3,1.0,0.5,0.3,-0.5,-0.8,-0.5,0.4,-0.1,-0.4,-0.1,-0.5,-0.1,0.2,-0.1,-0.6,-0.3,-0.4,-0.6,-0.2,-0.4,0.6,0.7,0.9,0.0,-0.1,-0.3,-0.5,-0.5,-0.7,-0.4,0.1,0.4,0.1,9.0,17.0,0.0
236,0.5,0.3,-2.0,-0.0,0.0,0.1,0.1,-0.1,-0.1,0.2,0.1,0.2,0.5,0.1,-0.3,-0.6,0.5,-0.0,-0.5,0.5,-0.1,0.1,0.4,0.4,0.6,0.3,0.3,-0.5,-0.5,-0.5,-0.6,-0.6,0.0,-0.2,-0.5,9.0,14.0,2.0
110,0.3,0.3,0.4,0.4,0.3,-0.0,0.1,0.3,0.4,-0.0,0.6,0.9,0.3,0.5,0.7,0.3,0.2,0.3,0.5,0.4,0.4,0.1,0.1,0.2,0.1,0.2,0.2,-0.6,-0.8,-0.8,-0.6,-0.5,0.0,0.2,0.1,11.0,21.0,2.0
92,0.2,0.5,0.2,0.3,0.1,-0.1,0.1,0.6,0.2,0.0,0.3,0.2,0.5,0.8,0.0,0.4,0.3,0.4,0.2,0.7,-0.3,0.1,-0.1,0.2,-0.0,-0.3,-0.2,-0.2,-0.4,-0.3,0.2,0.0,-0.0,-0.2,-0.2,10.0,19.0,0.0
5,0.0,0.0,0.2,0.1,0.1,0.0,0.1,-0.0,0.1,0.0,0.0,0.0,0.0,0.0,0.1,0.0,0.0,0.0,0.0,-0.0,0.0,-0.0,0.0,0.0,0.0,-0.0,-0.0,0.1,0.1,0.1,0.1,0.1,0.1,0.1,0.1,3.0,3.0,1.0
242,0.9,0.7,0.2,0.4,0.3,-0.2,-0.1,0.5,-0.1,0.5,0.9,1.2,0.2,0.2,-0.4,0.5,-0.4,0.3,-0.4,-0.6,0.5,0.6,0.5,0.6,0.9,0.3,0.1,-0.7,-0.8,-0.5,-0.9,-0.6,0.0,-0.4,-0.0,6.0,13.0,0.0
40,0.2,0.2,-3.3,-0.1,-0.3,0.0,0.4,0.4,-0.4,0.2,0.0,0.1,0.6,0.5,0.6,0.0,0.6,0.1,0.5,-0.1,0.7,0.3,0.2,0.3,0.7,0.3,0.4,0.9,0.9,0.8,0.7,0.8,0.1,0.1,-0.1,10.0,20.0,1.0
240,0.9,0.5,1.2,1.1,0.8,2.0,1.5,-0.7,1.1,1.3,0.8,1.4,0.6,1.4,2.1,-1.2,0.3,0.0,0.4,1.7,1.5,0.9,1.3,1.2,1.8,1.0,1.3,0.2,-0.1,0.1,0.5,0.3,0.2,0.7,1.7,4.0,9.0,0.0
33,1.6,0.4,1.4,1.0,0.9,1.4,1.5,0.7,1.2,1.1,1.4,1.5,-0.0,0.5,0.5,0.4,0.2,-0.1,0.9,1.4,1.1,0.5,1.4,1.3,1.1,1.4,1.3,-0.6,-0.8,-1.0,-0.7,-0.5,0.1,0.3,-0.0,8.0,19.0,2.0
144,0.1,0.2,1.0,-0.5,-0.5,-0.8,0.3,0.5,-0.6,0.5,0.2,-0.0,0.5,-0.3,-0.3,0.4,0.5,0.2,-0.3,-0.1,0.8,0.4,0.4,0.3,0.5,0.4,0.3,0.4,0.5,0.1,0.1,0.5,-0.1,-0.3,-0.8,9.0,18.0,0.0
43,0.4,0.2,1.0,-0.2,-0.4,-0.0,0.3,0.2,-0.3,0.1,0.2,0.4,0.6,0.2,0.1,0.1,0.6,0.4,0.3,0.3,0.3,0.4,0.1,0.3,0.8,0.6,0.3,-0.1,0.5,-0.5,-0.5,-0.2,-0.0,-0.3,0.4,7.0,14.0,1.0
102,0.5,0.3,0.4,0.6,0.6,1.0,0.4,0.3,1.0,0.2,0.6,0.5,0.2,0.5,0.4,-0.3,-0.0,-0.1,0.1,0.8,0.2,0.3,0.4,0.6,0.2,0.8,0.5,-0.5,-0.6,-0.4,-0.6,-0.9,0.2,0.4,0.1,9.0,17.0,2.0
257,0.4,0.5,-0.1,-0.3,-0.4,0.3,-0.0,0.3,-0.2,0.2,0.4,0.5,-0.3,0.1,-0.1,0.1,-0.4,0.2,-0.2,0.2,0.7,0.4,0.8,0.8,0.7,0.3,1.0,-0.6,-0.7,-0.6,-0.5,-0.6,0.1,0.1,0.2,11.0,20.0,0.0
118,-0.0,0.4,-0.3,-0.1,-0.1,0.0,0.1,0.4,0.1,-0.0,0.1,0.3,-0.7,-0.1,0.1,-0.8,-0.7,-0.5,-0.5,0.3,0.4,0.3,0.6,-0.2,0.2,0.2,0.6,0.1,0.2,-0.0,0.1,0.2,0.1,0.1,-0.4,6.0,15.0,1.0
67,1.0,0.7,-2.0,0.6,0.6,0.3,1.0,0.6,0.6,1.2,0.9,1.1,0.1,0.2,0.2,0.7,-0.1,0.3,-0.2,0.1,0.9,0.7,0.5,1.5,1.0,0.4,0.9,0.4,0.1,0.0,0.2,0.1,0.0,-0.0,0.3,11.0,21.0,1.0
89,-1.6,-1.2,-0.2,-0.8,-1.0,-1.6,-1.8,-1.5,-1.1,-1.3,-1.4,-1.7,-0.5,-1.3,0.1,-0.8,-0.7,-1.2,-0.9,-1.0,-1.0,-1.5,-1.2,-2.2,-1.9,-1.5,-1.1,0.7,1.1,1.0,1.4,0.9,0.4,0.6,-0.9,7.0,18.0,2.0
230,-0.2,-0.4,-0.5,-0.2,-0.4,-0.3,0.6,-0.5,-0.6,0.6,0.1,-0.0,-0.8,-1.0,-0.0,-0.6,-0.4,-1.0,-0.5,0.6,-0.0,-0.8,-0.9,-1.0,-0.8,-0.3,-0.2,1.4,1.1,1.4,1.2,0.9,0.2,0.4,-0.4,5.0,12.0,0.0
0,0.5,0.4,0.1,-0.5,-0.5,-0.6,0.3,0.9,-0.6,0.9,0.5,0.3,0.3,0.6,-0.6,0.6,0.7,1.3,-0.1,-0.5,1.0,0.6,1.1,1.2,0.7,0.8,1.0,0.0,0.3,-0.1,0.1,0.1,0.0,-0.2,0.6,7.0,16.0,1.0
259,-1.8,-1.7,-0.5,-1.1,-1.4,-0.8,0.0,-1.9,-1.3,-2.0,-1.7,-2.6,-0.7,-1.1,0.7,-1.5,-0.7,-1.3,0.4,-0.6,-1.2,-2.2,-2.0,-2.2,-1.6,-1.6,-1.8,2.4,2.7,2.6,2.4,2.8,0.4,0.8,-0.1,7.0,17.0,2.0
260,0.5,0.7,0.6,-0.9,-0.4,-0.2,0.1,0.9,-1.9,0.8,0.6,0.5,0.5,-0.1,-1.3,0.8,-0.5,0.6,-0.3,-1.7,0.3,1.5,0.9,0.8,1.0,0.6,0.7,-0.3,-0.1,0.4,0.4,0.0,-0.0,-0.1,-0.9,3.0,10.0,1.0
170,0.4,0.4,0.1,-0.5,-0.4,-0.0,0.6,0.5,-0.4,0.5,0.5,0.4,0.5,0.5,0.3,0.3,0.3,0.3,0.3,0.5,1.0,1.0,0.7,0.4,0.6,0.8,0.7,0.2,0.1,0.1,0.1,0.3,0.0,-0.1,-0.1,9.0,15.0,0.0
189,0.1,0.1,0.5,0.2,0.1,0.1,0.1,0.2,-0.1,0.2,0.3,0.1,0.5,-0.2,-0.1,0.2,0.3,0.3,-0.7,-0.4,0.1,-0.1,-0.0,0.3,0.4,0.1,-0.3,0.1,-0.0,-0.0,0.1,0.1,0.0,0.1,-0.2,6.0,10.0,1.0
216,-1.0,-0.6,0.4,0.2,0.2,-0.7,-0.4,-1.3,-0.2,-1.0,-1.0,-0.8,-0.3,-0.5,0.2,-0.4,-0.4,-0.8,0.2,-1.1,-0.3,-0.8,-0.8,-1.2,-0.6,-0.8,-1.3,1.6,1.8,1.9,2.2,1.8,0.0,0.2,-0.5,8.0,14.0,1.0
88,-0.6,-0.7,-0.6,-0.7,-0.9,-0.8,0.1,-0.3,-0.8,-0.6,-0.5,-0.9,-0.5,-0.5,-0.3,-0.7,-0.5,-0.4,0.3,-0.3,0.1,-0.1,-0.3,-0.8,-0.1,-0.1,-0.6,1.4,1.6,1.6,1.7,1.5,0.1,0.0,1.1,10.0,21.0,0.0
77,-0.2,-0.0,0.2,0.0,0.1,0.6,-0.1,-0.2,-0.1,-0.5,-0.3,-0.7,0.1,-0.1,0.8,-0.1,0.4,0.0,0.1,0.7,0.4,-0.3,0.1,-0.8,-0.5,-0.3,-0.2,-0.1,0.3,-0.0,0.2,0.2,0.2,0.5,-0.5,10.0,18.0,1.0
214,-0.1,-0.6,0.7,0.9,0.6,0.1,-0.3,-0.5,0.4,-0.6,0.1,0.5,-0.1,0.4,0.9,-0.5,-0.4,-0.7,-0.1,1.3,-0.2,-0.5,-0.9,-0.5,-0.8,-0.5,-0.9,-0.0,-0.6,-1.2,-1.1,-1.3,0.2,0.4,-0.5,5.0,11.0,0.0
226,0.6,0.7,0.3,0.1,-0.2,0.3,0.4,0.6,0.2,-0.2,0.2,0.0,0.8,0.5,-0.2,0.7,0.9,0.4,-0.2,0.2,0.5,0.4,0.8,0.5,-0.3,0.5,0.2,0.1,0.4,0.1,0.0,-0.1,0.2,0.0,-0.4,6.0,12.0,1.0
12,0.4,0.6,0.9,0.5,0.7,0.6,-0.3,0.3,0.6,-0.3,0.3,0.3,0.5,0.7,0.5,-0.5,0.7,-0.0,0.0,1.5,0.2,0.2,0.2,-0.2,-0.2,0.4,0.2,-1.3,-1.7,-1.6,-1.6,-1.5,0.2,0.2,-0.3,11.0,19.0,1.0
194,-0.6,-0.4,0.4,0.5,0.2,0.2,-0.0,-0.4,0.2,-0.4,-0.4,-0.2,0.2,-0.2,-0.3,0.2,0.2,0.2,0.2,-0.4,0.1,-0.6,-0.0,-0.2,0.2,-0.3,0.1,0.4,0.3,0.4,0.4,0.5,-0.1,-0.2,-0.4,9.0,19.0,2.0
107,-0.6,-0.4,0.2,-0.1,-0.1,-0.2,-0.5,-0.3,-0.2,-0.5,-0.6,-0.6,0.1,0.0,-0.2,-0.1,-0.1,-0.0,-0.3,-0.8,-0.3,-0.5,-0.4,-0.3,-0.2,-0.3,-0.3,0.1,-0.0,-0.1,-0.2,0.2,0.0,0.1,-0.2,9.0,13.0,2.0
1,0.8,0.3,0.7,1.3,1.2,-1.2,-0.2,0.3,1.2,0.8,1.1,1.1,1.2,0.0,0.3,-0.2,0.9,0.4,-0.9,0.3,-0.2,-0.8,-0.8,0.1,-0.1,-0.6,-0.3,-1.5,-1.9,-2.1,-1.9,-1.6,0.1,-0.2,-0.8,2.0,6.0,0.0
248,1.1,0.9,1.3,1.0,0.8,0.3,-0.0,0.7,0.9,0.7,0.8,0.9,0.5,1.1,-0.4,0.8,0.6,0.4,-0.7,0.9,0.3,0.3,0.5,0.9,0.6,0.1,0.2,-1.8,-2.2,-1.7,-2.2,-2.1,0.1,-0.0,-0.4,4.0,6.0,1.0
20,0.7,0.6,0.5,-0.2,-0.4,-0.4,0.2,0.8,-0.2,0.5,0.5,0.2,0.3,-0.2,-0.5,0.8,0.4,0.4,-0.4,-0.2,0.2,0.7,0.7,0.6,0.3,0.4,1.0,-0.7,-0.6,-1.1,-0.7,-0.8,-0.2,-0.5,0.1,9.0,18.0,2.0
201,1.4,1.1,0.3,-0.7,-0.7,-0.5,0.5,1.1,-0.6,1.2,0.8,0.6,0.6,0.8,-0.5,0.3,0.6,1.0,-0.6,0.3,2.0,1.0,1.1,1.0,0.8,0.9,1.0,-1.7,-0.2,0.4,0.1,0.1,-0.1,-0.2,0.6,6.0,10.0,0.0
204,0.5,0.6,0.8,0.5,0.5,0.9,0.8,0.6,0.7,0.6,0.5,0.5,0.3,1.0,0.7,0.0,0.3,0.1,-0.1,1.1,0.8,0.6,1.0,0.4,0.7,1.0,0.9,-0.0,-0.1,0.1,0.0,0.2,0.1,-0.0,0.6,9.0,19.0,2.0
51,-0.6,-0.5,0.2,-0.6,-0.6,-0.3,-0.3,-0.1,-0.6,-0.3,-0.6,-0.7,-0.2,-0.4,-0.3,-0.1,-0.3,-0.1,-0.3,-0.3,-0.3,-0.3,-0.2,-0.5,0.2,-0.2,-0.3,0.5,0.7,0.3,0.4,0.5,0.0,-0.2,0.6,11.0,20.0,1.0
198,0.3,0.3,0.3,-0.4,-0.4,-0.4,0.2,0.3,-0.3,0.0,0.3,-0.1,0.4,-0.1,-0.5,0.9,0.3,0.8,0.5,-0.6,0.4,0.2,0.2,0.5,0.3,0.2,0.3,0.6,0.9,0.8,0.8,1.0,-0.2,-0.7,0.3,9.0,18.0,1.0
266,0.4,0.4,0.2,-0.1,-0.3,-0.5,0.4,0.5,-0.4,-0.1,0.3,-0.4,0.2,0.4,0.1,0.7,-0.0,0.6,0.1,0.5,0.5,0.9,0.7,0.7,0.7,1.0,1.0,-0.2,-0.3,-0.3,-0.3,-0.2,-0.1,-0.2,0.3,9.0,15.0,2.0
59,-0.4,0.0,0.2,-0.4,-0.5,0.1,-0.9,0.2,-0.4,-0.7,-0.7,-1.2,-0.1,0.1,0.4,0.1,0.2,0.6,-0.3,-0.6,0.1,0.5,0.9,-0.0,-0.5,0.4,0.8,-1.0,-1.3,-1.1,-1.3,-0.9,0.1,-0.4,0.0,5.0,15.0,2.0
199,-0.5,-0.2,-0.9,-0.6,-0.6,-0.2,-0.2,-0.0,-0.7,-0.1,-0.3,-0.2,-0.5,-0.5,0.3,-0.2,-0.8,-0.6,-0.6,-0.8,-0.7,0.2,0.1,-0.2,0.0,-0.3,-0.3,1.4,1.0,1.1,1.2,1.3,0.1,0.2,-0.1,9.0,16.0,2.0
263,-0.4,-0.4,0.6,0.3,0.3,-0.3,-0.2,-0.5,0.3,-0.3,-0.3,-0.1,-0.2,-0.4,-0.1,0.0,-0.3,-0.0,-0.3,-0.3,-0.4,-0.4,-0.3,-0.2,0.0,-0.1,-0.5,0.2,0.2,0.1,-0.1,-0.1,0.0,-0.1,0.0,10.0,21.0,2.0
147,0.1,0.2,0.0,-0.6,-0.4,-0.1,0.1,0.2,-0.5,0.2,0.2,-0.2,0.4,0.3,-0.1,0.4,0.3,-0.1,-0.2,-0.5,0.7,0.8,0.5,0.2,0.6,0.2,0.1,0.0,-0.1,0.7,0.5,-0.1,0.2,0.2,-0.6,6.0,14.0,1.0
217,0.3,0.1,1.9,1.7,2.0,1.6,0.6,-0.3,2.1,-0.7,1.0,0.8,0.7,1.7,1.0,0.7,1.0,0.9,1.8,2.5,0.2,0.4,0.3,0.0,0.5,-0.0,0.0,-1.8,-0.9,-1.4,-1.0,-1.3,-0.0,-0.6,0.5,4.0,11.0,1.0
206,0.3,0.2,0.5,1.2,1.1,1.0,0.2,0.6,1.2,0.5,0.9,0.7,0.2,0.6,0.3,0.2,0.7,-0.4,0.2,0.8,-0.1,0.1,0.6,0.4,0.7,0.8,0.9,-0.7,-1.8,-1.3,-1.5,-1.4,0.0,0.3,1.1,10.0,21.0,0.0
245,0.9,0.9,0.2,0.6,0.6,0.5,-0.1,0.8,0.4,0.1,0.7,0.5,0.3,0.7,-0.1,0.4,0.2,0.3,-0.1,1.1,0.4,0.8,0.8,0.8,0.6,0.3,0.7,-2.0,-2.1,-2.2,-1.8,-2.1,0.0,-0.1,-0.6,6.0,7.0,2.0
23,-0.5,-0.4,0.5,1.0,0.8,0.5,-1.0,-1.2,1.0,-0.8,-0.8,-0.6,-1.0,0.4,0.5,-0.0,-1.5,-0.4,0.3,0.6,-0.1,-1.9,-0.5,-0.3,-0.1,-0.3,-1.5,-0.6,-0.8,-0.9,-0.7,-0.7,0.1,0.3,0.2,5.0,15.0,2.0
162,0.9,0.9,1.8,0.9,1.1,0.5,1.3,1.2,1.7,1.3,0.9,0.4,1.0,1.2,0.9,1.6,1.4,1.2,1.2,0.0,0.7,1.5,1.4,0.6,0.5,1.3,1.5,0.5,0.7,-0.3,-0.1,-0.2,-0.2,-0.5,0.6,3.0,8.0,0.0
58,-0.8,-0.7,0.2,-1.1,-1.2,-1.5,-1.2,-1.0,-0.8,-1.0,-1.4,-1.5,-1.3,-1.3,-1.3,0.2,-1.9,-0.5,-0.9,-1.8,-1.3,-0.8,-0.6,-1.3,-0.5,-0.2,-1.2,0.8,0.9,1.3,0.6,0.8,-0.3,-0.6,1.6,6.0,16.0,2.0
29,0.8,0.7,0.2,0.6,0.6,0.5,0.3,0.6,0.5,0.6,0.6,0.8,-0.0,0.4,-0.1,-0.0,-0.2,0.6,-0.1,0.9,0.5,0.6,0.8,0.9,1.0,1.0,0.6,-0.4,-0.7,-0.6,-0.6,-0.3,0.1,0.0,-0.0,9.0,20.0,1.0
