,1Ball_Control,1Dribbling,1Marking,1Slide_Tackle,1Stand_Tackle,1Aggression,1Reactions,1Att_Position,1Interceptions,1Vision,1Short_Pass,1Long_Pass,1Acceleration,1Stamina,1Strength,1Balance,1Sprint_Speed,1Agility,1Jumping,1Heading,1Shot_Power,1Finishing,1Long_Shots,1Curve,1FK_Acc,1Penalties,1Volleys,1GK_Positioning,1GK_Diving,1GK_Handling,1GK_Kicking,1GK_Reflexes,1Height,1Weight,1Age,1Quantity,2Ball_Control,2Dribbling,2Marking,2Slide_Tackle,2Stand_Tackle,2Aggression,2Reactions,2Att_Position,2Interceptions,2Vision,2Short_Pass,2Long_Pass,2Acceleration,2Stamina,2Strength,2Balance,2Sprint_Speed,2Agility,2Jumping,2Heading,2Shot_Power,2Finishing,2Long_Shots,2Curve,2FK_Acc,2Penalties,2Volleys,2GK_Positioning,2GK_Diving,2GK_Handling,2GK_Kicking,2GK_Reflexes,2Height,2Weight,2Age,2Quantity,Winner
0,73.4,69.1,56.5,53.0,57.3,64.1,74.4,67.3,52.9,68.9,74.4,68.6,67.7,70.1,64.4,68.4,72.3,73.4,65.7,58.9,72.1,60.3,68.0,69.3,56.4,62.9,60.1,9.9,11.9,9.3,11.1,10.9,180.0,73.9,31.7,7.0,69.8,66.3,59.0,57.8,61.7,68.8,72.7,60.2,58.4,62.5,71.2,67.0,65.4,66.2,68.7,64.4,67.6,64.4,66.4,62.1,65.0,55.4,59.3,60.9,51.8,57.5,52.2,10.1,11.1,10.1,11.0,10.8,180.8,75.8,30.1,16.0,1.0
1,60.0,55.0,46.0,45.5,46.5,40.5,55.5,55.0,44.5,56.0,61.5,57.0,67.0,52.5,58.0,68.0,65.5,67.0,55.5,45.5,49.0,40.5,36.5,44.0,41.5,43.5,41.5,9.0,9.0,9.0,9.5,8.5,175.5,67.5,22.5,2.0,54.5,53.0,37.2,34.3,36.2,49.0,57.3,52.3,35.3,50.7,54.2,50.2,57.5,52.7,56.7,69.2,59.3,64.2,62.0,43.3,50.7,46.8,43.0,43.8,42.3,48.0,43.7,16.5,17.8,18.3,18.0,16.3,175.8,69.8,25.3,6.0,0.0
2,51.8,46.7,41.0,41.8,43.5,56.8,59.0,46.3,41.3,48.8,51.8,48.7,56.5,59.8,60.5,62.2,53.3,59.7,62.0,45.3,51.2,37.7,40.2,36.7,35.8,35.0,34.5,15.8,18.7,16.3,17.0,17.8,178.8,72.7,25.8,6.0,50.9,47.4,36.6,36.9,39.2,54.2,53.9,44.3,38.2,45.2,49.9,44.8,61.1,56.3,60.9,62.0,58.6,60.2,59.9,46.3,51.7,40.3,38.4,37.9,34.1,37.1,34.9,15.0,15.9,14.9,15.2,15.3,179.2,72.9,24.0,9.0,1.0
3,61.5,57.2,54.3,56.5,59.5,60.8,60.0,46.8,53.2,61.5,66.2,61.0,62.0,58.0,71.0,61.8,61.0,59.5,63.2,51.8,58.2,41.0,41.5,46.8,43.0,43.0,44.2,7.0,13.2,9.5,9.2,9.2,186.5,79.0,25.0,4.0,61.5,57.2,54.3,56.5,59.5,60.8,60.0,46.8,53.2,61.5,66.2,61.0,62.0,58.0,71.0,61.8,61.0,59.5,63.2,51.8,58.2,41.0,41.5,46.8,43.0,43.0,44.2,7.0,13.2,9.5,9.2,9.2,186.5,79.0,25.0,4.0,1.0
4,72.0,74.0,0.0,25.0,27.0,27.0,59.0,65.0,20.0,67.0,65.0,50.0,84.0,62.0,46.0,85.0,85.0,88.0,58.0,51.0,67.0,63.0,64.0,68.0,63.0,57.0,57.0,8.0,10.0,15.0,9.0,12.0,178.0,66.0,24.0,1.0,72.0,74.0,0.0,25.0,27.0,27.0,59.0,65.0,20.0,67.0,65.0,50.0,84.0,62.0,46.0,85.0,85.0,88.0,58.0,51.0,67.0,63.0,64.0,68.0,63.0,57.0,57.0,8.0,10.0,15.0,9.0,12.0,178.0,66.0,24.0,1.0,0.0
5,40.3,36.0,33.0,33.3,33.3,38.7,44.0,30.0,29.0,44.3,45.3,40.7,57.0,41.0,63.7,53.0,50.7,47.0,52.0,42.3,49.0,27.3,29.0,34.0,28.0,32.3,25.3,20.7,23.0,28.7,24.0,24.3,184.3,73.7,21.7,3.0,40.3,36.0,33.0,33.3,33.3,38.7,44.0,30.0,29.0,44.3,45.3,40.7,57.0,41.0,63.7,53.0,50.7,47.0,52.0,42.3,49.0,27.3,29.0,34.0,28.0,32.3,25.3,20.7,23.0,28.7,24.0,24.3,184.3,73.7,21.7,3.0,1.0
6,65.2,63.7,24.5,38.8,38.0,47.5,59.5,58.7,37.8,58.3,61.0,56.5,74.7,61.2,57.8,73.2,70.2,75.8,57.7,51.2,56.0,54.0,56.0,48.5,40.2,52.8,48.2,12.2,8.8,9.5,11.2,9.2,178.0,70.8,22.8,4.0,55.5,50.4,24.5,43.2,44.2,55.2,69.5,44.5,46.0,55.8,57.7,52.7,61.8,59.2,68.0,61.5,63.2,62.3,69.6,50.1,60.5,41.1,44.7,41.9,34.0,47.1,38.2,28.8,27.0,27.1,26.3,28.6,183.8,77.6,26.1,12.0,1.0
7,75.0,72.8,78.0,57.7,62.0,62.3,74.0,72.7,57.7,71.2,75.8,70.3,77.5,79.2,61.8,76.8,77.7,78.2,71.0,58.7,67.3,61.7,64.8,64.7,55.7,58.3,59.7,11.2,7.5,10.3,9.5,11.0,177.3,70.5,26.3,6.0,73.0,70.5,49.0,52.7,55.3,64.4,73.1,66.9,55.8,69.8,72.9,68.2,71.1,72.8,64.6,74.2,69.8,74.1,69.9,59.0,69.6,61.6,63.0,62.5,55.2,58.2,57.2,13.9,13.5,14.4,13.7,14.5,178.9,71.4,28.9,17.0,1.0
8,77.0,74.0,31.0,17.0,22.0,36.5,73.5,78.5,23.0,63.5,74.0,54.5,76.5,71.5,54.5,79.0,77.0,75.5,59.5,70.5,71.5,73.5,69.5,64.0,56.5,74.0,73.5,11.0,9.5,12.5,6.0,12.0,171.5,64.5,31.0,2.0,75.5,65.0,44.7,52.3,54.7,63.4,76.0,64.4,55.7,65.0,74.6,66.8,65.7,71.1,64.7,68.5,67.0,63.5,74.6,69.5,69.0,57.4,62.4,63.0,53.8,64.1,58.7,11.2,10.5,9.4,10.5,12.2,179.7,75.3,29.2,11.0,0.0
9,75.9,70.2,51.0,58.2,60.1,67.6,73.5,64.2,61.5,64.0,74.4,69.1,79.9,80.0,76.1,75.7,79.8,77.5,75.2,70.0,70.8,60.4,62.7,67.1,60.5,66.6,60.6,10.2,10.8,12.0,9.6,9.8,179.1,73.3,31.9,9.0,69.8,65.6,45.8,49.7,51.8,60.5,69.4,61.0,52.1,59.2,67.2,61.5,73.9,74.6,71.0,72.8,75.3,71.4,72.8,63.1,66.8,57.6,59.2,64.2,55.1,63.3,55.7,10.5,11.8,11.7,9.1,9.8,179.3,73.3,29.7,14.0,1.0
10,61.7,45.2,64.5,54.3,54.9,61.6,68.7,41.9,54.1,48.3,59.6,43.3,65.0,65.1,65.3,67.4,63.3,61.6,71.0,60.4,45.0,38.1,37.8,43.4,37.4,49.1,36.7,20.0,18.6,19.7,18.1,20.4,178.5,71.5,33.9,8.0,61.6,50.2,50.4,47.5,48.6,54.5,66.1,46.8,49.2,50.0,59.8,47.5,68.2,67.1,63.7,68.2,65.8,65.2,66.5,57.5,48.2,41.0,41.1,46.5,41.1,49.9,39.6,15.6,16.2,15.5,16.0,16.5,177.4,70.9,30.8,12.0,2.0
11,64.8,60.3,67.0,59.2,61.2,63.3,71.8,52.3,60.0,61.2,67.2,64.3,68.0,65.3,60.8,70.0,66.7,66.8,64.8,52.5,63.3,47.7,51.2,46.8,46.5,49.2,44.7,20.2,22.2,19.7,21.5,19.2,175.5,70.0,34.7,6.0,65.2,59.5,52.4,53.5,55.8,62.6,65.9,51.2,56.5,55.2,64.2,59.3,68.2,64.5,64.5,63.1,69.0,59.8,67.9,58.4,62.2,47.8,52.0,43.8,43.1,48.7,43.6,15.8,15.9,15.3,15.0,15.1,179.7,74.2,30.0,13.0,1.0
12,70.1,70.0,69.5,47.9,53.2,62.3,69.5,63.2,49.9,63.0,67.5,62.1,73.2,74.2,68.4,64.5,74.0,70.5,68.1,65.7,71.6,61.1,60.7,53.5,52.5,59.3,57.2,10.5,10.3,10.6,10.7,11.2,180.3,76.1,26.5,11.0,67.4,65.1,58.6,43.7,47.3,58.3,71.8,60.8,45.6,65.0,65.9,60.3,68.9,69.2,65.9,68.3,69.4,70.8,68.1,56.2,70.2,58.9,59.2,55.3,53.9,56.4,55.2,17.1,18.1,17.9,18.0,18.4,179.3,75.5,27.6,19.0,1.0
13,50.2,47.7,43.2,38.9,36.1,48.4,57.7,43.0,37.3,49.4,57.2,49.6,64.0,61.3,65.6,64.1,63.0,61.1,68.6,49.9,52.6,38.7,43.6,44.6,42.0,49.3,40.0,16.3,16.2,16.4,16.4,18.7,186.6,78.9,25.4,7.0,60.1,57.7,45.0,40.2,41.0,54.5,60.0,52.8,43.2,61.4,64.0,58.0,67.0,62.2,62.0,64.9,66.0,65.0,63.5,50.9,59.9,49.2,56.8,55.9,53.1,55.4,50.0,12.5,12.2,13.8,12.6,14.9,182.4,75.9,27.2,16.0,0.0
14,67.8,64.5,27.0,44.0,41.8,62.5,72.6,60.6,45.3,63.6,70.0,63.5,70.9,71.2,64.2,72.4,70.1,69.7,62.9,58.4,68.4,61.9,62.9,62.4,65.6,62.5,60.5,18.5,16.4,16.5,14.4,16.3,179.7,73.5,29.2,11.0,67.6,63.9,36.4,45.8,44.2,60.6,67.5,59.3,46.0,60.7,67.9,61.3,71.4,69.7,63.9,72.4,70.7,70.0,62.0,56.5,66.6,59.5,59.5,59.4,59.2,60.0,57.8,16.0,14.1,14.6,12.8,15.3,179.4,73.9,28.4,16.0,1.0
15,59.8,56.0,69.3,55.0,57.8,70.0,69.2,51.6,60.0,67.4,61.2,63.6,56.0,69.4,65.2,62.6,58.2,57.2,66.8,52.6,63.0,47.4,52.4,51.4,44.2,45.6,44.6,22.6,22.6,23.6,21.0,22.2,184.4,77.0,30.8,5.0,63.7,61.3,69.3,54.6,56.0,70.0,69.9,56.3,57.9,68.3,64.4,62.9,63.1,70.9,65.3,67.0,64.0,63.4,66.0,53.7,62.3,50.7,53.7,52.3,44.0,48.0,48.9,20.0,18.3,19.4,18.0,19.0,183.0,75.9,28.4,7.0,0.0
16,70.1,69.3,23.0,44.4,46.6,67.0,74.0,64.8,49.0,63.4,68.3,62.9,73.3,76.5,72.0,65.5,76.2,68.9,73.2,59.1,69.5,61.2,59.1,59.7,48.8,55.7,54.3,15.8,17.1,17.3,17.5,15.8,183.3,79.0,26.3,10.0,71.5,69.6,54.5,57.9,60.6,72.6,75.1,63.8,62.0,64.4,70.9,66.9,71.4,78.1,73.8,66.5,72.6,66.9,73.3,61.2,70.5,57.7,59.8,58.8,49.0,55.1,51.7,13.4,14.1,14.3,13.7,13.4,182.6,76.6,27.4,19.0,2.0
17,66.0,64.0,65.0,57.0,72.0,48.0,69.0,53.0,63.0,61.0,71.0,68.0,0.0,67.0,58.0,74.0,66.0,73.0,86.0,47.0,58.0,48.0,59.0,66.0,62.0,65.0,60.0,9.0,14.0,10.0,12.0,10.0,175.0,70.0,26.0,1.0,72.2,72.7,66.3,44.6,47.2,58.5,67.5,67.8,44.4,67.2,74.5,69.2,68.0,64.8,62.0,78.8,66.2,73.2,59.8,53.7,71.0,68.8,69.2,65.0,64.8,64.2,62.4,12.9,12.4,10.8,10.4,11.6,174.6,68.6,28.1,7.0,0.0
18,63.9,59.4,33.0,58.2,60.1,67.0,67.2,53.0,56.1,58.5,62.9,60.6,66.8,70.4,72.3,62.5,70.5,64.0,70.1,57.1,64.1,49.9,54.4,52.3,46.7,49.4,44.2,15.6,16.5,15.3,16.4,14.3,184.5,78.1,27.5,11.0,66.2,61.6,33.0,61.5,63.4,67.3,70.5,54.2,61.1,60.6,66.4,64.4,66.9,70.8,72.8,64.8,70.3,64.4,71.7,58.4,66.1,50.5,54.8,53.7,48.1,51.9,44.8,16.8,17.5,16.9,17.5,16.8,184.2,77.0,28.6,19.0,2.0
19,85.4,83.9,45.0,63.1,68.3,73.3,84.9,75.7,65.6,79.8,84.6,78.7,78.1,81.3,62.9,78.8,74.5,81.6,70.2,63.9,80.3,69.8,73.3,78.3,68.3,65.9,69.3,10.2,11.0,11.1,12.5,10.9,178.9,74.0,29.3,10.0,77.0,74.0,38.5,57.0,61.6,70.0,78.2,68.8,62.0,73.5,76.1,71.2,72.0,76.2,67.0,70.2,70.5,73.3,67.0,62.6,75.5,62.5,65.8,69.8,62.3,61.5,61.8,13.8,13.8,14.4,14.2,13.9,181.7,75.8,30.2,20.0,1.0
20,70.7,69.1,59.3,43.8,44.9,56.9,69.0,64.7,44.7,65.8,67.0,59.1,70.7,63.6,58.9,74.2,70.2,71.4,58.7,52.3,65.4,59.0,61.3,58.9,53.3,55.2,57.3,12.4,11.3,9.1,11.0,9.3,175.0,70.3,26.9,9.0,66.1,63.8,54.6,46.5,48.5,59.7,68.1,58.5,46.9,62.2,63.8,58.3,68.1,65.3,62.4,68.2,67.6,68.3,61.9,53.8,64.1,53.2,56.2,55.0,51.3,52.2,49.4,15.8,14.3,14.2,14.2,13.4,179.6,74.1,26.9,18.0,2.0
21,72.0,68.4,0.0,56.6,59.4,62.0,76.9,59.7,55.4,65.9,71.4,66.4,68.5,69.9,72.0,66.4,70.0,68.0,70.7,57.7,72.6,52.9,59.7,58.7,51.1,52.7,49.9,18.2,17.3,16.4,17.2,18.4,183.9,80.3,26.0,10.0,72.9,69.3,0.0,60.3,63.0,67.5,77.2,63.0,59.9,67.8,74.2,69.0,70.6,73.2,73.4,68.0,72.4,69.1,69.8,62.8,70.7,55.9,61.9,60.8,55.2,55.7,52.5,15.3,13.0,12.8,13.2,13.8,183.8,79.9,26.1,21.0,0.0
22,65.8,58.2,0.0,56.0,58.1,64.8,70.3,52.7,60.3,59.0,65.4,62.6,65.8,69.9,69.3,61.2,68.6,61.2,65.0,64.8,59.8,46.1,47.3,48.7,39.2,46.4,40.9,17.0,15.3,15.3,16.6,16.5,184.0,75.1,31.5,11.0,67.1,60.5,65.0,51.0,52.4,63.6,70.5,56.1,54.4,60.0,65.3,60.9,68.8,70.8,69.2,62.1,71.3,63.8,65.8,64.7,60.5,49.8,49.7,51.7,41.5,49.1,43.9,14.9,13.7,13.6,14.3,14.9,183.9,75.4,30.3,14.0,1.0
23,64.7,59.8,57.0,58.2,59.8,77.2,67.3,55.3,63.5,60.0,63.0,60.3,54.7,80.2,77.5,66.8,55.0,60.0,73.7,70.5,70.8,43.0,61.5,59.0,51.7,55.3,48.0,11.2,11.8,11.0,9.5,11.8,184.6,80.0,29.4,5.0,68.6,63.9,52.7,49.6,53.6,73.8,74.2,65.2,56.0,65.6,68.0,64.1,64.0,77.6,74.9,67.1,65.6,63.2,71.7,66.3,72.0,57.8,65.7,61.3,53.0,57.3,58.9,14.4,15.6,15.4,12.9,15.3,183.9,78.7,29.1,15.0,2.0
24,77.0,73.8,64.0,59.4,64.2,72.7,81.9,69.4,61.7,72.2,76.7,72.5,77.3,78.9,73.6,69.5,79.3,73.0,79.6,67.9,74.7,61.9,60.9,64.5,55.2,63.5,56.4,18.1,16.8,14.9,19.2,17.4,182.4,75.8,26.5,11.0,75.8,73.5,33.5,54.5,58.4,69.2,77.6,68.9,57.2,70.8,75.5,70.1,75.2,76.4,71.2,66.5,75.6,72.7,71.9,64.7,72.3,62.6,61.5,63.7,55.9,63.2,57.0,14.4,13.9,13.0,15.0,14.2,182.0,75.4,27.2,22.0,1.0
25,75.8,70.5,53.5,58.6,60.1,65.3,75.1,66.4,63.2,65.4,74.7,69.2,78.4,79.9,73.8,75.6,80.0,76.6,75.2,67.2,71.4,61.7,64.2,68.4,63.0,68.2,61.9,9.4,9.9,11.4,10.9,9.4,179.6,73.4,32.2,10.0,76.1,71.4,53.5,55.3,57.1,65.8,75.2,67.5,59.8,66.3,74.7,68.8,78.9,79.5,73.9,75.0,79.9,77.0,75.9,67.3,72.1,63.1,64.9,68.8,64.1,68.7,63.2,9.2,10.3,11.6,10.9,9.3,179.6,73.7,32.2,11.0,1.0
26,70.0,66.1,38.0,46.5,48.4,61.3,76.6,63.9,49.4,64.0,68.9,62.5,74.4,69.0,70.9,75.4,74.2,73.8,70.5,66.2,71.9,62.0,57.9,64.1,62.1,64.6,57.5,23.1,21.6,21.1,19.2,19.1,172.9,66.2,30.6,9.0,69.8,67.0,36.5,43.3,45.7,57.8,73.2,63.9,47.0,63.1,68.1,61.8,75.2,71.1,67.2,73.8,73.3,74.1,66.4,61.4,68.1,58.8,57.0,62.6,59.8,61.5,54.2,18.0,17.9,17.2,17.1,15.4,173.1,66.3,29.2,13.0,0.0
27,54.5,88.0,0.0,41.0,43.0,63.0,88.5,91.0,55.0,84.0,84.0,69.5,73.0,69.0,80.5,91.0,75.5,89.0,69.0,59.0,52.0,92.0,84.0,84.0,69.0,86.0,83.0,51.5,14.0,14.0,9.0,14.0,181.5,80.5,34.5,2.0,64.5,67.3,42.2,46.2,45.7,53.9,76.0,61.2,50.2,68.8,68.9,64.8,70.3,66.8,69.5,72.0,71.5,74.5,67.2,51.2,68.5,61.4,59.0,59.2,54.2,61.2,59.8,26.4,21.5,21.3,20.7,20.6,180.2,74.2,32.2,13.0,2.0
28,68.6,66.0,0.0,56.2,58.4,68.4,71.9,61.5,58.9,63.6,69.5,64.1,69.6,76.3,68.0,69.2,69.1,71.8,69.5,52.2,67.9,54.0,56.4,59.7,48.9,54.8,52.6,14.4,15.6,14.7,15.2,14.5,182.7,76.5,28.8,11.0,64.3,60.0,0.0,58.3,59.9,68.9,70.0,57.5,60.0,62.3,66.4,62.2,68.7,73.8,70.0,64.2,70.4,65.7,71.7,57.0,66.9,50.9,52.6,55.2,47.5,51.4,49.8,14.8,16.4,15.7,15.8,16.0,183.2,78.1,29.7,21.0,1.0
29,69.6,68.6,40.0,51.0,53.2,64.3,67.8,65.7,50.3,65.7,69.2,64.1,65.8,68.9,64.6,69.8,65.6,71.9,64.3,60.8,67.4,62.0,60.4,63.8,60.3,66.0,57.6,11.7,9.7,10.0,10.3,10.3,176.9,71.7,28.6,9.0,63.6,63.2,39.7,46.4,48.7,61.2,66.0,60.4,47.1,61.9,65.2,59.1,66.3,66.1,65.9,70.1,66.8,67.5,65.3,55.1,63.9,56.8,54.4,57.0,53.0,58.8,53.0,13.8,13.0,12.9,13.1,12.1,176.7,72.0,28.9,20.0,1.0
30,69.7,65.5,37.0,68.7,74.3,73.7,69.7,53.5,74.7,59.3,72.0,67.8,63.3,76.3,70.2,65.8,66.7,71.8,67.8,65.5,60.5,42.8,49.3,50.2,39.8,45.8,44.2,9.5,7.5,12.0,11.7,12.0,177.5,71.8,26.7,6.0,69.7,65.5,37.0,68.7,74.3,73.7,69.7,53.5,74.7,59.3,72.0,67.8,63.3,76.3,70.2,65.8,66.7,71.8,67.8,65.5,60.5,42.8,49.3,50.2,39.8,45.8,44.2,9.5,7.5,12.0,11.7,12.0,177.5,71.8,26.7,12.0,0.0
31,59.6,59.7,54.8,50.7,55.0,53.0,63.6,50.2,51.2,60.0,60.9,55.4,65.4,63.0,65.0,72.8,66.3,69.0,67.5,51.0,64.2,47.9,50.6,54.9,46.6,53.7,43.9,22.6,17.5,20.4,21.7,20.9,177.1,74.6,27.2,8.0,61.5,60.4,56.2,51.1,54.6,55.3,63.5,49.4,53.1,57.8,62.4,57.7,67.9,62.8,68.3,68.9,69.5,69.1,70.0,52.9,60.1,47.5,50.4,52.7,47.8,51.6,45.9,17.4,13.5,16.0,16.4,14.2,178.1,73.8,27.8,16.0,1.0
32,73.4,72.3,27.0,46.1,47.4,64.7,71.0,68.3,49.1,66.2,71.2,58.8,74.6,71.1,70.6,69.8,76.3,72.0,73.9,63.7,71.7,65.0,61.9,59.3,54.7,60.2,60.1,12.6,9.7,8.9,10.6,11.4,180.6,75.9,33.4,9.0,67.8,65.6,43.8,48.9,51.1,62.5,67.8,60.6,51.1,62.1,66.4,58.8,70.2,65.7,68.1,68.6,71.5,71.1,71.4,57.8,67.2,55.8,57.9,58.6,52.4,53.9,55.9,15.5,13.2,12.0,13.0,13.7,179.9,73.9,30.9,16.0,1.0
33,74.9,61.8,72.0,66.3,66.6,72.4,77.3,59.7,68.6,64.6,76.0,70.7,61.4,73.4,73.5,65.4,64.0,58.5,80.1,70.6,68.6,52.1,59.3,60.3,50.5,59.4,55.0,10.6,10.6,8.9,11.0,11.9,183.2,79.2,27.8,8.0,63.2,59.0,52.7,58.0,59.6,63.1,67.8,53.6,59.6,56.9,67.1,61.6,61.8,69.8,71.2,62.6,62.4,59.1,74.0,61.5,60.9,47.6,48.7,50.6,42.7,49.2,45.2,13.7,14.6,13.5,14.6,14.4,182.7,77.7,28.1,19.0,2.0
34,64.5,59.7,43.8,61.2,61.5,67.4,74.6,54.3,62.4,61.9,66.8,62.7,66.5,73.0,71.0,61.6,67.0,62.8,70.6,63.1,65.4,51.2,55.3,50.8,47.1,55.7,46.3,18.6,17.6,18.3,17.0,17.1,184.6,78.3,31.4,10.0,69.8,66.2,51.8,60.2,61.4,67.7,74.0,60.7,61.6,64.3,70.4,65.9,69.1,74.7,70.6,63.2,68.2,67.4,71.2,63.4,66.0,57.0,58.5,57.7,53.6,58.4,48.4,16.0,13.7,14.6,13.2,14.3,180.9,75.6,31.3,21.0,2.0
35,63.0,56.4,57.5,50.0,50.0,60.6,72.2,50.5,50.9,60.5,65.2,60.0,54.5,59.5,67.4,52.1,51.5,52.6,55.6,59.9,72.2,51.9,53.9,52.9,56.5,55.1,52.4,20.7,18.8,18.8,21.1,20.1,185.3,79.8,31.6,9.0,66.4,59.3,56.7,46.4,48.1,59.6,73.1,54.8,49.8,63.3,66.8,60.6,61.0,65.9,69.6,58.9,60.2,58.2,63.0,59.7,70.7,55.0,57.3,55.6,55.7,57.3,53.8,19.6,18.0,17.6,20.2,18.6,181.9,77.2,30.2,19.0,1.0
36,75.0,73.4,18.0,46.3,51.6,64.1,73.2,69.3,49.9,64.6,70.9,64.9,72.6,71.7,68.1,72.7,72.1,75.8,63.9,62.9,71.0,60.9,62.3,67.2,57.4,62.9,59.3,9.8,12.2,9.8,9.6,10.6,178.2,74.4,29.2,9.0,74.9,74.2,60.3,52.6,56.4,68.3,73.4,69.1,57.5,67.1,73.3,67.7,75.5,75.9,69.7,74.0,73.8,74.9,67.6,62.0,73.3,62.2,65.5,65.7,59.9,63.5,59.5,9.7,11.4,10.4,10.3,10.4,178.3,74.9,29.2,19.0,0.0
37,75.0,68.4,73.8,58.9,62.5,69.7,76.9,64.8,62.9,66.6,75.6,67.2,75.8,76.6,77.0,67.9,74.9,71.1,76.5,73.9,69.6,65.6,59.0,64.2,63.5,63.9,61.1,12.1,12.2,12.0,10.1,10.0,181.3,75.4,32.4,9.0,70.6,64.2,65.5,55.5,58.4,65.6,73.5,60.9,59.2,64.8,71.1,62.1,70.6,71.4,73.7,67.7,69.3,68.1,74.2,68.3,68.4,61.9,57.6,60.4,57.1,62.4,56.2,15.5,15.4,16.3,13.9,14.9,180.1,74.3,32.9,19.0,1.0
38,69.2,62.9,44.7,42.5,42.9,57.5,71.8,59.8,47.2,63.5,68.6,65.5,63.1,61.2,65.1,64.4,62.2,66.5,66.8,58.7,68.9,58.1,56.5,60.9,56.6,58.2,54.1,21.4,24.1,24.5,22.8,23.5,182.8,78.5,29.1,11.0,63.3,58.1,42.3,42.8,44.4,56.5,71.3,53.9,46.7,62.2,63.8,61.7,61.1,61.7,68.0,63.4,60.9,64.6,68.1,53.3,67.9,51.0,51.8,56.8,53.0,55.5,49.2,25.5,26.3,25.8,26.0,26.8,181.4,77.4,30.2,21.0,1.0
39,75.6,73.4,54.8,56.2,56.5,63.4,74.4,66.1,56.8,69.6,76.4,74.0,72.1,71.8,65.0,70.2,71.5,70.6,64.1,61.4,74.6,61.9,66.1,68.2,64.4,65.6,62.1,11.9,10.2,10.9,11.1,10.4,178.2,73.8,27.6,8.0,71.2,71.2,50.0,45.8,47.0,56.4,71.2,63.2,48.5,68.8,70.4,67.5,72.6,68.3,60.8,71.9,70.8,70.3,63.2,57.2,71.4,60.4,64.7,62.9,63.0,62.1,57.1,14.5,14.6,14.4,14.3,14.5,175.1,72.1,27.4,17.0,1.0
40,71.4,68.5,0.0,47.8,51.4,63.5,75.8,67.6,48.3,66.4,70.9,66.4,68.7,70.0,72.8,67.1,68.0,67.9,75.7,64.5,73.2,61.8,61.1,62.7,58.5,64.1,59.4,17.7,18.1,16.9,15.5,17.8,180.4,74.9,30.9,10.0,70.0,67.0,59.6,49.4,54.1,63.6,73.8,64.4,52.5,64.9,70.8,66.2,64.2,66.4,69.9,67.1,64.0,67.6,72.7,65.0,68.7,58.9,59.4,60.6,53.4,62.2,56.4,13.8,14.7,13.8,12.9,14.3,179.6,74.8,31.5,20.0,1.0
41,72.0,67.4,57.5,62.7,64.7,79.4,77.1,60.0,63.0,64.1,76.0,72.4,71.0,76.3,70.8,62.3,71.1,69.4,82.0,75.7,68.9,62.9,63.9,59.3,49.3,58.7,55.1,10.4,11.0,12.9,10.0,11.9,182.6,77.3,31.7,7.0,75.1,70.6,55.7,59.2,60.8,73.6,76.8,65.1,60.9,66.2,76.4,70.3,72.4,76.2,71.9,65.9,72.7,70.2,77.2,71.9,73.1,65.4,67.6,65.0,54.5,61.6,59.9,10.2,11.0,12.5,10.8,11.0,180.1,75.9,30.5,16.0,1.0
42,67.1,62.3,0.0,47.7,51.6,60.8,76.7,58.7,47.8,66.4,69.1,60.4,72.1,69.7,65.1,74.3,71.7,72.6,70.4,52.7,68.0,55.6,56.7,60.7,53.0,55.6,48.4,25.9,25.3,26.0,24.3,27.2,174.6,68.9,27.3,9.0,67.3,63.3,31.0,47.9,51.7,59.6,76.8,58.5,49.8,63.5,68.3,62.4,68.2,68.6,67.2,70.7,67.0,71.5,69.9,54.6,69.1,55.4,56.3,58.2,52.1,56.0,49.5,25.2,25.1,24.8,24.1,26.5,177.4,70.8,28.0,19.0,1.0
43,67.7,64.1,76.0,50.8,53.2,59.4,74.2,56.5,52.5,63.2,64.8,60.2,74.7,69.3,68.1,73.6,73.8,73.0,75.8,60.1,69.3,51.5,53.5,59.0,54.5,55.7,51.3,21.6,23.2,20.7,19.8,22.8,176.4,70.6,29.4,7.0,65.2,62.4,62.3,53.5,57.1,59.9,72.8,55.2,55.7,62.5,63.6,57.8,70.1,67.9,67.9,72.9,69.5,70.2,73.8,58.2,67.6,48.2,52.5,57.2,48.5,51.3,48.8,22.6,21.4,23.3,22.5,24.1,178.2,73.0,28.4,14.0,1.0
44,65.7,61.6,53.0,55.4,57.7,60.2,66.0,46.3,58.2,56.6,66.7,63.8,72.1,64.6,68.9,69.8,74.1,71.0,70.4,57.4,54.2,46.2,49.1,51.8,49.1,50.1,46.7,11.7,9.3,12.0,11.4,9.2,176.4,71.6,27.3,9.0,69.3,65.2,48.0,51.9,57.8,64.1,68.1,53.4,57.2,59.4,68.9,64.5,72.5,68.8,70.6,69.4,71.4,71.4,65.5,58.5,58.6,51.9,53.9,54.5,49.2,52.2,49.4,10.7,9.8,11.1,10.8,10.2,178.2,72.4,26.4,17.0,2.0
45,77.4,74.3,25.0,57.3,59.3,66.4,74.6,69.1,57.5,67.0,77.6,64.2,72.3,76.3,70.3,73.1,73.6,71.9,66.8,64.6,70.2,62.4,60.9,66.9,60.1,58.4,57.3,11.4,8.4,11.0,10.6,9.3,177.2,73.4,32.9,10.0,77.2,74.4,37.6,53.4,55.3,64.7,74.6,70.8,54.8,70.4,77.2,66.1,69.5,71.7,69.6,72.1,69.2,70.8,65.4,65.6,70.9,62.8,62.0,68.3,61.4,58.6,59.5,11.2,9.3,10.3,10.1,10.1,177.8,72.3,31.3,19.0,1.0
46,74.0,72.3,75.5,59.4,61.4,74.1,74.0,73.0,61.8,72.1,78.4,73.1,74.7,82.7,72.0,70.1,73.2,75.2,76.6,67.7,72.0,65.1,68.4,66.5,60.2,66.1,62.5,12.0,10.8,11.1,10.9,10.4,179.0,72.3,30.0,9.0,72.9,70.2,69.0,53.1,56.3,69.6,75.5,67.9,57.2,70.2,75.1,70.1,73.5,75.5,69.8,70.9,71.5,73.9,71.5,63.9,72.4,62.4,66.2,65.2,59.5,63.3,60.2,16.4,16.6,16.8,15.9,16.8,179.0,74.1,30.8,17.0,0.0
47,66.1,61.4,46.5,50.7,53.0,61.9,71.6,52.8,53.7,59.3,65.5,57.9,65.2,69.4,72.6,61.6,65.5,60.5,68.3,60.2,62.8,46.9,48.9,53.3,44.3,49.7,42.5,17.2,17.0,16.0,18.3,16.0,180.6,75.1,28.1,10.0,63.3,63.1,43.6,44.8,47.8,57.1,70.3,55.4,51.2,60.1,64.6,59.6,66.3,69.2,71.2,63.0,67.6,62.6,66.7,55.9,62.3,52.7,50.7,51.7,45.5,54.1,45.7,18.5,19.3,20.3,22.1,20.7,180.4,75.9,29.1,18.0,0.0
48,64.0,63.7,49.0,52.1,52.3,61.4,67.4,57.0,52.0,59.9,66.7,62.7,68.1,66.6,64.6,63.4,65.6,66.9,65.9,50.9,62.1,48.7,52.4,47.4,46.6,49.9,45.0,19.1,20.4,19.3,20.6,20.1,180.6,75.9,25.3,7.0,60.8,56.9,44.9,48.0,48.2,59.4,69.6,49.5,48.2,57.3,63.0,58.3,63.7,60.8,65.9,65.4,64.1,65.9,64.9,49.4,59.5,43.9,48.4,46.2,44.5,48.9,41.7,26.0,26.2,25.3,25.3,25.8,181.2,76.5,29.4,17.0,1.0
49,50.2,48.0,9.0,40.3,43.3,49.7,63.0,39.8,41.3,51.7,49.3,50.3,60.8,53.3,60.2,62.5,65.2,65.3,68.0,41.7,55.5,33.3,39.5,51.3,42.7,36.5,39.7,31.2,30.5,27.2,27.0,29.5,180.3,71.0,26.3,6.0,60.4,57.4,47.2,48.6,50.9,59.4,69.1,47.9,50.8,57.9,60.5,58.2,66.4,62.2,67.0,65.9,67.1,66.5,70.3,52.0,61.2,42.0,47.7,53.9,45.8,44.6,45.0,23.6,24.1,21.8,21.8,22.5,179.1,70.6,26.6,14.0,0.0
50,66.2,62.2,75.0,59.2,60.1,61.5,72.6,55.0,58.4,65.1,66.0,64.2,63.5,65.2,72.8,61.6,63.5,64.2,62.8,59.4,66.7,52.2,55.9,55.6,49.5,50.2,52.6,20.4,18.4,18.3,16.6,17.8,186.4,79.6,28.8,9.0,65.6,62.4,75.0,60.1,61.3,62.4,71.9,55.1,59.6,63.9,66.1,63.4,64.1,66.1,73.1,61.2,64.7,63.2,63.0,59.7,65.8,50.2,53.7,55.6,47.8,49.2,51.5,19.3,17.2,17.1,16.3,17.4,186.3,79.2,29.0,10.0,1.0
51,63.1,59.4,61.0,48.2,52.5,62.5,75.4,58.2,50.7,66.9,67.9,63.9,67.4,64.9,61.7,67.5,68.5,69.5,66.9,55.7,63.0,48.7,53.0,54.2,49.5,48.2,45.9,22.7,23.6,21.5,22.2,24.3,183.1,73.5,29.0,11.0,67.5,64.2,61.0,53.8,57.8,64.8,77.8,58.8,55.9,69.0,71.9,68.3,69.2,68.0,64.3,67.9,70.8,70.2,69.4,57.8,65.5,51.0,54.8,57.8,48.6,49.5,48.2,20.9,21.1,20.4,21.1,22.4,184.0,75.8,27.2,20.0,1.0
52,77.7,76.6,22.0,57.3,59.9,73.2,75.2,71.2,57.0,70.4,74.9,65.8,78.0,77.7,70.9,72.9,76.6,76.7,73.7,68.2,73.9,62.9,69.9,71.7,64.5,63.8,63.0,10.3,9.5,11.2,12.1,9.1,179.2,73.5,32.9,10.0,74.1,72.4,50.3,54.8,59.4,68.0,70.9,66.2,55.0,66.1,72.1,63.9,75.1,76.0,67.9,72.5,74.3,74.9,72.5,63.1,70.7,60.8,65.0,67.6,62.0,61.0,58.9,10.0,10.0,11.0,11.9,8.6,179.7,73.7,30.8,15.0,1.0
53,67.1,63.4,39.0,53.2,55.3,66.0,71.7,59.8,53.0,62.1,64.0,54.5,70.5,69.5,74.8,67.8,71.5,71.4,72.3,64.4,65.2,58.4,58.6,53.2,53.4,62.0,48.4,17.9,16.7,17.7,18.1,17.7,181.9,77.1,30.2,10.0,67.9,62.7,39.3,51.3,52.7,60.6,73.7,58.6,52.0,63.0,65.9,58.7,66.2,67.7,71.5,67.9,67.3,67.9,69.6,60.6,68.1,56.5,58.5,57.1,54.5,57.4,51.3,21.6,19.8,21.4,20.9,20.7,181.2,75.2,31.6,20.0,1.0
54,66.5,61.1,69.0,42.2,45.7,57.3,71.7,59.1,45.3,60.3,66.8,59.1,65.1,64.3,65.2,64.7,63.9,64.1,65.9,56.6,67.9,58.2,56.6,54.1,46.2,55.0,52.1,17.9,19.2,17.9,16.9,17.6,183.3,76.8,26.8,10.0,67.0,62.6,69.0,46.2,49.1,57.1,70.6,60.4,48.4,61.5,67.0,61.6,66.5,66.1,65.6,63.9,65.1,66.2,66.8,55.6,67.9,57.6,57.6,55.8,50.4,53.8,52.5,18.1,18.7,17.1,16.8,17.3,183.3,76.7,26.3,18.0,1.0
55,61.3,53.0,49.5,40.7,42.0,61.3,73.3,48.0,39.3,60.0,64.7,59.0,57.7,56.7,70.0,64.7,55.3,58.7,63.3,52.3,63.0,46.0,52.7,51.3,53.0,57.7,53.3,20.8,21.8,21.2,22.2,21.5,186.0,78.8,29.2,4.0,61.8,56.2,55.3,40.8,42.2,61.0,71.2,53.4,40.0,56.2,63.8,57.4,64.6,61.8,68.3,64.2,62.6,62.8,67.4,58.4,64.4,48.8,55.8,49.2,51.6,55.4,52.8,16.3,17.3,18.2,18.3,18.5,184.5,77.3,28.2,6.0,2.0
56,72.5,67.2,0.0,47.0,54.5,69.8,77.2,59.7,55.9,68.7,72.1,68.5,66.8,74.5,75.9,63.9,68.8,64.4,71.3,66.5,71.9,59.1,59.5,60.7,58.9,57.1,55.1,17.1,17.9,16.7,16.9,17.4,187.4,81.9,30.0,11.0,71.7,67.7,41.0,49.9,54.5,70.2,74.3,62.6,54.3,69.0,71.5,65.8,66.7,75.2,71.0,70.1,66.7,68.0,72.0,64.6,70.7,59.9,61.6,62.2,56.5,60.8,55.4,13.9,14.9,13.5,14.6,14.2,182.4,77.2,30.2,20.0,1.0
57,67.1,64.8,63.0,52.2,54.9,67.2,72.2,57.6,52.7,61.4,67.0,63.4,72.9,70.6,67.2,66.8,73.7,72.2,72.4,57.2,67.0,55.2,59.9,58.4,52.9,53.1,46.2,19.0,18.0,18.7,15.9,20.4,182.2,76.0,28.0,9.0,66.5,63.9,63.0,52.4,55.3,64.7,71.3,56.7,53.8,61.5,67.6,64.0,69.5,67.9,66.3,65.8,70.3,69.2,71.7,58.1,65.2,53.0,56.8,56.2,49.6,53.8,45.8,17.8,17.9,17.1,16.4,18.1,182.4,75.2,27.4,20.0,1.0
58,66.5,61.0,38.4,38.8,44.0,50.6,69.4,56.0,48.0,62.4,64.0,56.2,53.3,58.2,61.6,71.4,55.0,66.8,65.0,50.0,60.0,52.8,55.7,49.8,49.0,57.6,48.6,21.2,22.4,22.4,20.2,22.0,176.3,72.0,34.5,6.0,72.6,67.9,38.4,49.0,54.4,61.3,77.6,64.2,55.3,69.7,73.3,65.9,65.1,68.2,70.5,69.8,68.9,70.1,71.2,61.3,69.6,58.9,60.4,59.9,53.3,59.3,57.7,17.9,18.8,17.0,17.9,18.5,181.9,76.5,29.8,16.0,2.0
59,72.0,70.0,32.0,58.2,61.4,75.2,72.0,69.0,61.8,70.2,72.6,68.0,65.6,77.2,75.0,68.4,68.6,70.6,70.8,59.6,76.8,64.4,70.4,67.8,56.0,65.6,65.8,9.2,8.6,11.4,9.8,11.4,182.6,75.0,27.4,5.0,75.1,70.3,32.0,61.8,66.3,74.7,78.1,67.0,65.9,75.0,77.4,75.7,66.5,76.7,73.1,67.7,67.5,66.7,73.1,63.6,76.5,60.0,63.6,68.3,59.9,62.6,59.9,14.4,14.5,16.5,15.8,15.7,182.5,78.1,27.5,15.0,2.0
60,64.3,63.8,64.0,53.8,56.7,62.4,68.7,55.3,56.5,60.8,65.2,61.0,66.0,67.8,68.2,67.6,66.9,68.0,63.7,57.8,66.2,53.4,55.6,55.1,49.0,49.0,49.0,17.7,17.4,17.9,16.3,17.4,181.2,73.5,28.8,10.0,65.2,63.0,64.0,49.8,52.9,60.7,69.8,55.8,52.3,61.5,67.2,61.1,67.9,66.8,66.4,67.7,69.0,67.5,62.0,57.9,65.3,53.5,54.4,54.7,48.4,50.2,47.8,16.6,16.9,17.1,16.4,17.5,182.1,73.9,26.9,20.0,2.0
61,76.2,72.1,34.5,59.7,61.0,70.0,74.6,61.7,63.3,61.6,75.6,66.9,69.5,70.4,71.0,66.0,69.4,67.1,73.1,66.8,67.8,55.4,56.0,59.0,50.0,56.4,53.7,11.5,10.3,10.3,9.6,11.0,184.0,75.4,26.8,8.0,72.7,68.8,50.5,59.1,60.9,68.1,69.8,59.1,61.4,59.5,72.1,64.6,69.9,69.5,69.2,65.8,70.0,65.9,72.8,64.4,64.8,52.2,55.5,56.9,47.3,54.2,51.6,10.6,11.1,9.9,10.0,10.5,182.8,74.8,27.1,12.0,2.0
62,52.8,50.3,40.0,31.3,32.7,54.3,61.3,45.7,36.3,56.2,57.7,52.2,57.3,61.0,69.2,51.3,56.5,48.5,67.8,51.3,57.7,45.7,43.2,42.2,34.8,48.8,44.0,22.8,23.0,24.0,23.3,23.8,186.2,78.7,25.3,6.0,61.2,58.3,29.5,44.9,46.1,60.6,68.1,54.6,47.5,62.1,62.5,58.9,65.7,66.9,68.0,61.7,63.8,63.1,63.6,52.6,61.5,49.4,51.0,54.2,43.9,53.6,49.9,21.1,21.9,19.1,19.4,18.9,183.4,77.3,26.2,17.0,2.0
63,65.5,62.3,0.0,54.2,55.0,65.8,68.9,50.6,54.5,57.5,67.9,62.8,62.0,69.6,69.8,61.5,65.1,62.3,69.5,57.5,66.0,46.7,55.7,57.2,51.5,46.9,44.6,16.3,16.1,16.5,16.9,14.8,184.1,75.8,26.2,11.0,69.0,65.1,52.0,54.9,57.1,65.3,70.3,55.1,53.9,58.4,69.7,63.9,68.1,69.5,69.1,66.2,69.8,66.7,70.3,62.8,67.3,51.9,56.3,59.2,54.7,53.6,50.1,13.4,13.6,13.6,13.7,12.6,181.2,74.2,27.4,20.0,0.0
64,54.5,56.5,51.0,46.4,49.1,57.4,63.6,48.3,56.7,41.7,46.4,46.3,65.8,61.2,63.1,65.1,62.3,60.3,62.4,43.4,41.0,43.2,33.9,36.3,39.9,41.1,32.6,8.8,8.5,18.4,20.3,17.7,181.9,74.3,24.9,7.0,60.9,62.7,50.5,44.6,48.2,53.7,63.2,58.5,48.0,52.4,55.1,50.9,70.1,65.5,63.4,68.6,67.6,66.7,64.9,49.5,52.9,52.2,47.1,48.1,45.8,47.8,41.4,10.2,10.5,14.9,15.2,14.0,178.4,72.6,24.7,14.0,2.0
65,52.9,48.3,40.2,29.5,34.2,43.9,58.3,46.8,39.2,60.3,53.6,49.5,56.4,51.6,56.0,66.9,47.5,62.7,65.2,33.5,56.4,40.6,46.1,50.3,44.0,49.7,42.8,29.1,29.0,28.7,27.3,30.0,177.5,75.0,28.4,8.0,62.7,58.7,39.4,46.6,49.9,55.7,70.3,53.6,52.2,68.1,64.4,60.9,59.7,60.7,67.1,64.8,58.6,63.9,64.6,45.7,66.3,49.3,54.9,56.6,52.1,53.4,48.4,25.4,25.6,25.4,24.3,26.7,181.5,77.9,28.3,19.0,2.0
66,73.9,72.7,59.7,56.9,58.9,55.2,70.0,68.4,55.9,70.2,71.7,65.1,76.7,76.4,61.8,78.0,73.7,77.1,64.9,56.3,67.6,60.8,63.1,64.3,57.1,56.4,57.4,12.0,8.0,10.7,9.9,11.4,174.0,68.9,26.6,9.0,72.8,69.6,62.7,56.7,59.8,63.2,72.9,64.4,58.5,67.4,72.1,67.2,68.4,70.4,63.9,68.6,67.7,69.3,66.1,61.8,69.2,58.9,62.6,62.6,57.8,59.8,55.9,11.0,10.3,10.7,11.3,11.6,178.2,73.1,28.8,18.0,1.0
67,84.3,80.0,0.0,61.7,65.3,69.3,82.9,73.5,64.8,80.6,83.9,79.7,75.2,80.5,74.1,80.7,72.7,78.1,71.4,64.4,75.7,70.1,67.5,78.8,68.5,64.4,69.5,11.5,9.7,8.9,10.6,10.8,177.8,72.5,30.3,11.0,77.5,74.5,37.0,56.9,60.9,67.2,76.8,68.6,60.4,72.3,77.9,72.9,74.4,79.3,73.6,75.3,73.8,76.3,72.8,63.9,69.5,64.3,63.7,68.2,61.5,61.9,62.6,9.8,9.6,9.2,10.0,10.8,179.2,73.4,29.7,21.0,1.0
68,68.6,66.2,34.0,48.9,52.3,65.6,70.0,60.2,49.3,61.4,66.6,59.6,76.6,71.4,67.4,69.7,76.0,70.5,74.7,62.8,65.3,57.1,51.9,55.7,51.5,53.3,49.6,9.7,9.6,10.3,9.7,8.2,180.5,76.6,30.5,10.0,68.6,66.6,46.7,51.4,54.5,66.4,68.1,60.5,52.2,61.4,66.8,61.2,72.1,68.6,69.9,66.5,74.2,70.0,72.5,61.6,66.4,56.4,55.9,59.7,52.8,54.2,52.8,10.2,10.0,10.0,9.6,8.6,180.9,74.9,29.2,17.0,2.0
69,68.4,65.6,56.5,46.8,50.9,67.0,75.4,57.9,51.6,66.0,66.6,62.1,69.7,67.3,65.6,73.8,67.7,71.7,71.1,55.2,72.9,58.0,58.9,58.4,53.2,57.2,55.6,19.2,17.2,16.2,16.2,18.3,176.8,73.7,28.1,9.0,70.4,66.5,52.8,50.8,54.5,66.1,75.7,58.4,55.1,67.7,69.9,65.2,67.8,68.4,66.8,73.5,66.1,70.6,70.0,57.2,70.5,56.5,58.4,61.6,53.5,55.3,53.8,17.5,17.2,15.9,16.6,17.2,177.7,73.2,27.6,19.0,1.0
70,70.8,64.9,51.8,55.5,59.1,76.0,70.3,64.4,62.1,63.6,69.4,65.4,65.8,70.5,77.4,61.8,67.0,62.7,68.6,69.1,68.9,57.7,62.0,60.7,58.8,62.7,56.4,14.8,12.7,12.2,14.2,12.3,185.0,79.5,31.0,10.0,60.0,57.6,51.9,48.1,50.3,65.2,70.5,54.7,51.9,58.5,61.2,58.7,62.0,63.1,73.9,63.5,61.3,60.3,69.2,59.0,62.2,48.9,50.8,52.1,50.9,52.2,47.1,25.3,24.6,23.4,24.5,25.4,182.1,77.8,31.1,21.0,2.0
71,68.7,63.4,0.0,51.2,54.2,63.5,80.5,58.7,54.3,68.0,72.6,66.3,68.7,69.4,70.1,67.5,70.4,66.5,72.8,60.3,65.8,55.3,52.5,60.1,47.9,51.3,49.6,24.8,24.0,24.7,23.2,24.6,182.9,77.5,27.8,10.0,72.4,67.1,0.0,58.8,61.5,68.8,81.2,59.3,62.0,69.6,74.2,68.5,70.5,72.0,72.7,67.0,71.2,68.0,73.3,62.8,70.0,56.8,58.3,60.0,53.3,58.5,53.0,21.6,19.9,19.9,20.0,20.0,184.1,78.3,28.6,21.0,1.0
72,69.6,66.5,56.4,52.0,53.9,64.0,72.4,61.1,54.3,62.2,68.7,64.1,72.0,71.9,72.0,60.7,70.3,70.5,68.3,59.1,65.0,58.7,56.9,58.3,53.1,58.7,46.6,17.8,14.9,16.8,14.5,17.0,179.5,74.9,31.4,11.0,65.0,62.1,57.9,50.3,52.2,63.5,72.3,55.2,52.7,62.4,65.1,62.9,67.9,67.9,70.6,60.5,67.1,66.9,65.0,55.0,65.2,53.1,54.1,55.4,53.0,57.9,46.8,20.3,20.1,20.2,18.4,20.6,180.5,74.8,30.9,20.0,2.0
73,74.6,75.5,74.0,57.1,57.9,67.2,73.0,68.8,56.2,66.5,72.8,63.6,80.6,71.2,69.9,69.7,80.7,75.2,75.5,62.1,66.4,61.4,59.5,64.8,50.1,52.4,57.2,11.2,9.8,10.2,13.1,9.9,182.1,75.3,25.5,10.0,69.4,66.9,57.0,51.5,52.5,62.1,74.2,61.8,53.7,62.3,69.3,59.3,73.7,69.0,66.9,68.8,74.6,73.2,75.9,57.3,67.4,57.2,56.1,58.8,49.7,53.9,54.2,18.2,17.6,17.8,19.1,17.8,179.8,72.6,29.2,18.0,1.0
74,66.4,60.8,41.3,47.4,49.5,63.1,62.4,55.8,51.1,54.1,63.2,57.8,68.5,65.5,68.6,58.4,70.7,54.9,69.1,64.7,65.0,53.0,57.8,48.6,48.5,53.5,48.2,11.8,10.4,10.4,8.2,10.9,184.2,77.2,26.2,9.0,64.4,60.2,43.0,51.1,55.1,64.6,67.1,55.1,54.1,59.1,63.4,59.3,67.6,68.1,68.9,63.8,66.2,62.2,66.1,57.9,62.8,50.3,54.1,51.6,47.3,50.2,48.3,15.5,14.2,13.4,12.1,14.7,182.5,75.6,27.4,19.0,1.0
75,61.0,52.2,60.3,60.0,61.4,62.0,62.5,38.2,56.8,51.0,62.4,58.4,66.5,60.5,69.4,66.2,63.2,58.0,61.6,61.2,51.4,35.8,37.2,43.6,36.4,53.0,41.4,8.2,9.8,9.8,9.4,10.0,185.4,79.8,28.4,5.0,64.3,59.9,60.3,52.3,54.9,60.1,64.1,48.9,52.1,54.5,63.4,58.8,67.7,64.7,67.5,68.9,67.9,61.8,64.6,56.2,58.1,47.0,45.2,54.7,43.0,56.6,46.9,9.1,11.1,10.0,9.1,10.1,181.0,75.6,27.9,9.0,0.0
76,75.0,70.6,0.0,60.6,64.2,69.7,79.6,63.5,64.0,72.0,75.3,72.0,76.5,76.2,75.7,69.0,79.3,73.6,76.0,64.9,68.9,59.7,56.8,61.2,51.4,53.0,49.7,16.2,16.4,16.7,16.4,16.5,183.6,75.4,27.0,11.0,75.8,72.5,0.0,60.1,64.0,68.9,80.0,64.4,63.6,73.7,76.6,73.6,76.0,76.3,72.8,70.9,75.8,75.4,73.2,61.4,70.8,59.9,60.6,62.7,55.7,58.5,55.3,16.9,16.2,16.7,16.5,17.5,182.2,75.4,28.0,21.0,2.0
77,63.5,61.4,52.0,47.0,53.0,67.7,69.0,58.2,47.2,58.0,63.0,53.4,64.1,65.7,75.3,61.8,66.8,63.6,66.4,62.5,66.6,53.6,53.7,46.2,44.9,49.0,44.4,17.5,17.3,16.3,17.0,19.4,183.9,82.1,27.6,10.0,65.3,62.0,52.0,47.1,52.7,63.7,70.3,59.6,48.3,61.8,65.3,57.9,63.3,66.6,71.1,62.8,64.3,63.6,66.2,57.9,64.4,55.5,53.1,52.2,49.0,51.2,45.4,18.3,16.4,16.7,16.7,18.9,182.3,79.4,29.4,18.0,1.0
78,69.5,64.5,59.5,56.7,59.0,58.8,75.2,58.3,57.3,66.8,71.3,66.4,70.6,70.9,71.1,69.8,72.1,68.5,68.1,59.7,63.5,53.1,53.0,54.9,49.3,54.1,43.1,18.5,19.3,15.0,17.2,18.0,179.1,71.6,26.7,10.0,69.2,65.1,47.0,54.7,57.5,59.3,72.6,61.2,57.3,64.7,69.2,62.9,69.3,68.9,70.2,69.3,71.1,68.1,68.0,60.6,64.7,56.3,55.1,56.8,51.7,56.1,48.3,14.8,16.1,13.6,15.0,14.7,176.7,71.2,28.9,18.0,1.0
79,62.9,60.7,22.0,46.3,48.7,51.0,70.0,55.2,48.9,66.6,66.2,59.8,63.7,64.3,69.2,63.8,63.7,62.4,64.1,52.4,65.9,52.1,51.9,54.4,50.2,49.2,52.0,24.9,21.9,23.9,23.4,23.4,182.9,77.0,33.1,9.0,67.3,63.6,42.5,51.7,53.8,58.8,70.2,54.9,53.6,63.8,69.5,62.8,64.6,68.2,69.1,66.8,66.5,65.4,68.9,59.8,64.9,51.1,52.3,54.1,48.7,50.8,51.4,18.0,16.4,17.4,18.0,17.1,182.1,76.1,30.6,18.0,1.0
80,61.6,60.9,28.8,35.2,39.0,55.7,69.2,59.5,36.9,59.5,60.5,54.3,66.2,62.2,65.9,67.6,65.1,67.8,70.0,55.1,66.5,57.9,56.4,55.6,49.8,56.5,51.7,22.9,22.6,21.4,22.9,22.8,178.2,73.4,31.7,11.0,58.3,56.6,28.8,37.5,40.4,54.2,70.4,52.8,40.6,57.4,58.2,52.1,64.5,59.3,67.4,62.8,63.5,64.5,65.7,49.2,62.7,50.8,50.0,49.5,47.4,51.1,42.9,27.1,27.4,26.3,25.9,28.5,178.8,72.8,31.2,20.0,1.0
81,73.9,69.9,0.0,58.3,62.9,69.5,83.1,64.0,63.4,72.7,74.2,70.0,70.2,74.5,76.8,65.8,72.2,68.8,74.1,68.7,76.9,60.4,65.6,63.4,58.0,52.3,57.8,18.7,18.4,18.5,16.9,18.1,185.9,81.9,27.9,10.0,70.0,66.0,0.0,52.0,56.0,64.2,77.0,60.1,55.8,67.4,71.7,65.6,70.0,70.2,70.4,66.8,71.7,67.9,67.2,63.3,70.7,57.0,59.4,58.9,52.9,51.9,52.1,17.1,17.4,17.4,16.8,17.9,184.4,78.1,26.4,20.0,0.0
82,51.2,50.0,34.2,41.0,43.4,44.2,56.8,46.4,42.0,60.2,57.2,51.0,65.0,61.6,59.0,65.6,67.2,60.8,57.8,40.0,48.8,41.2,35.8,46.8,42.6,39.6,35.2,22.6,21.4,19.4,20.4,20.6,179.2,72.0,26.0,5.0,55.8,49.5,37.7,37.7,40.0,50.5,56.3,49.7,39.2,59.0,60.1,52.0,67.0,64.3,63.6,67.2,69.2,61.7,59.5,47.0,53.2,41.1,43.6,47.7,46.3,44.7,39.7,20.4,18.6,18.0,18.7,18.8,181.8,75.2,27.1,8.0,1.0
83,78.5,74.7,30.0,55.1,60.5,65.5,75.2,69.7,56.4,71.2,77.5,70.5,72.5,73.9,69.0,69.7,72.5,74.0,62.8,63.8,72.3,64.3,65.7,69.3,60.3,57.7,59.5,11.3,9.7,10.8,9.8,10.5,182.2,72.3,26.7,11.0,76.6,74.4,48.4,56.8,60.2,67.5,75.4,68.8,57.1,71.4,75.7,69.9,71.4,74.5,71.3,68.5,72.1,72.5,68.5,63.8,71.6,63.4,65.6,68.2,58.6,59.9,58.4,10.9,9.5,10.5,10.1,10.4,182.7,72.9,28.2,17.0,0.0
84,67.8,67.2,38.0,47.9,50.2,57.2,69.1,62.8,53.2,64.1,66.3,62.8,69.6,68.6,62.6,70.0,66.7,72.7,68.3,59.3,64.8,58.0,59.2,57.3,52.7,59.4,54.8,17.8,15.9,16.9,16.7,16.9,176.6,74.1,28.0,9.0,71.8,71.8,24.0,45.9,48.5,59.6,72.1,68.6,50.9,68.1,71.1,62.8,72.9,70.3,63.8,68.1,70.8,73.8,66.2,61.4,70.9,66.2,66.3,65.2,61.3,65.1,60.6,14.2,13.2,14.2,14.4,13.9,177.4,72.5,29.9,17.0,1.0
85,64.5,61.7,22.0,49.7,50.9,58.9,71.2,56.0,51.4,56.9,65.1,60.6,69.4,66.9,70.7,62.0,70.3,61.3,68.5,61.2,64.7,51.4,55.9,46.5,44.4,52.7,47.4,16.9,16.6,17.7,15.0,16.5,184.4,78.0,26.1,11.0,64.5,61.5,40.0,55.8,57.7,62.5,71.5,52.5,57.0,56.8,64.8,60.6,68.0,66.2,69.4,62.6,68.8,63.0,67.0,62.0,66.8,48.9,53.6,49.8,46.3,50.1,47.8,16.5,17.1,17.2,15.2,17.6,184.8,77.9,27.1,21.0,2.0
86,79.4,72.7,0.0,63.0,70.1,73.4,86.0,60.3,68.8,76.1,83.6,79.6,71.4,76.8,74.5,72.3,71.3,74.6,67.0,57.1,73.2,55.4,57.4,60.9,55.9,57.3,53.7,17.2,18.1,19.0,19.3,19.8,182.0,78.3,31.0,9.0,78.2,72.0,0.0,63.2,67.7,73.4,84.6,62.5,69.0,74.2,79.3,77.5,71.3,77.3,74.9,70.6,71.5,72.3,70.1,63.4,73.2,57.5,61.0,64.8,54.8,58.7,56.6,17.2,16.9,16.8,18.2,18.4,182.8,77.5,29.9,20.0,1.0
87,67.5,66.8,43.0,47.4,47.6,64.5,70.1,61.0,46.7,61.9,63.9,60.0,67.5,67.5,72.0,69.3,65.9,74.9,66.9,60.7,69.5,58.0,59.1,59.2,55.4,59.4,55.2,15.2,18.4,15.6,14.5,17.2,180.7,73.8,29.6,11.0,67.5,62.8,49.3,47.6,48.6,63.3,73.4,58.2,49.4,63.2,67.5,60.6,65.9,65.8,71.4,65.2,64.5,70.3,67.2,58.5,68.1,56.1,55.7,58.5,54.0,58.0,51.7,18.8,21.8,20.4,19.3,21.3,180.9,73.2,29.2,20.0,1.0
88,65.3,60.3,30.8,43.0,41.6,56.1,73.1,60.3,44.6,57.6,65.8,55.5,66.3,66.8,69.6,64.0,67.6,66.9,75.2,57.7,71.0,58.4,57.6,52.4,52.6,59.4,51.1,22.0,22.7,24.0,23.8,22.9,179.7,73.1,33.0,10.0,69.8,66.4,44.9,49.5,49.8,62.3,72.5,62.8,51.7,62.2,69.0,61.4,71.0,71.0,72.0,69.0,71.5,70.1,73.6,59.9,70.5,59.1,59.7,58.3,53.5,60.4,55.1,15.7,16.3,17.4,16.8,16.2,179.7,73.6,29.9,21.0,0.0
89,53.1,53.1,47.8,41.8,45.7,49.3,53.3,45.5,43.2,51.5,57.5,50.2,61.3,57.3,66.6,55.0,59.0,56.8,59.0,51.1,53.6,42.3,43.9,37.2,35.7,43.8,36.0,17.9,17.2,18.0,19.2,18.3,183.3,78.1,24.9,7.0,65.0,63.7,54.1,49.4,54.4,60.8,65.2,57.4,53.2,61.0,66.9,61.4,66.2,66.9,66.5,60.8,63.8,65.5,65.1,57.2,61.1,54.2,53.7,53.8,50.5,54.4,44.1,14.9,12.9,13.9,13.5,14.6,179.2,74.9,27.8,18.0,2.0
90,69.4,62.2,73.0,56.1,61.9,73.0,75.6,60.4,60.7,65.6,71.3,70.1,64.6,65.4,67.6,60.5,65.0,60.5,69.7,67.3,68.8,52.0,62.7,61.3,55.4,62.6,50.6,10.5,12.6,9.4,12.6,12.2,182.1,78.2,30.1,8.0,65.4,59.5,45.5,55.1,58.7,70.4,75.9,57.5,58.5,63.5,68.0,65.5,64.4,68.3,71.2,59.5,66.1,59.8,72.1,67.1,67.7,53.3,57.9,55.2,51.1,58.9,50.2,16.9,16.6,15.6,17.2,16.8,183.9,79.9,31.0,16.0,0.0
91,72.8,70.8,67.0,54.9,58.8,64.3,71.3,67.1,57.7,67.9,74.0,66.6,69.7,70.6,62.6,62.7,68.2,71.9,61.0,60.3,70.2,64.6,64.2,67.2,62.2,62.9,56.8,9.2,10.6,11.2,11.2,9.4,179.8,71.1,28.8,9.0,67.4,64.1,67.2,49.8,55.1,58.6,71.0,61.9,54.3,66.5,70.6,65.4,68.5,68.8,66.6,65.8,68.1,69.6,63.9,56.5,68.8,59.6,60.1,60.1,57.6,60.5,53.1,16.6,18.2,18.7,18.6,17.4,180.3,73.2,28.8,17.0,2.0
92,61.7,62.9,65.7,45.7,46.3,63.8,70.8,57.4,48.1,60.1,63.3,58.4,63.8,63.9,73.0,66.4,61.6,63.3,69.4,61.4,62.0,51.9,50.5,53.8,52.4,51.7,48.1,22.5,23.9,21.2,22.0,24.0,179.4,75.1,31.3,10.0,60.1,58.7,65.2,43.6,46.3,65.1,70.5,52.1,47.1,60.0,61.2,57.7,59.8,58.6,73.4,63.3,59.9,60.3,68.0,56.7,64.6,50.8,51.0,52.5,52.9,54.1,49.7,23.6,25.9,22.7,21.7,24.3,181.6,77.2,32.2,19.0,0.0
93,66.9,63.9,0.0,51.4,55.6,68.1,70.7,57.6,53.9,61.9,66.3,60.7,77.9,70.1,67.5,70.1,78.6,69.6,78.1,66.7,64.1,53.6,50.4,54.7,52.0,53.1,47.7,10.4,10.6,12.0,8.6,8.3,180.1,78.1,30.9,7.0,66.1,60.1,50.0,55.7,58.7,66.7,68.7,49.9,57.0,57.7,67.4,61.7,72.8,66.2,71.4,65.5,74.9,66.0,75.9,65.5,57.4,48.6,47.8,51.5,50.5,49.9,46.6,11.7,10.8,11.1,9.5,8.3,180.7,75.2,29.4,15.0,1.0
94,73.6,70.9,37.0,55.9,67.0,71.9,73.1,66.1,62.1,66.9,73.0,67.1,74.9,78.9,70.6,73.7,72.0,73.6,65.4,61.6,64.7,60.3,60.3,61.3,50.0,57.6,52.4,11.3,11.3,10.1,9.7,10.3,178.0,72.7,25.9,7.0,68.8,67.0,48.7,53.3,60.9,66.4,70.8,62.1,57.2,65.8,68.9,63.0,70.6,70.5,68.8,74.1,68.9,72.0,66.8,57.2,66.2,55.1,57.2,59.8,50.2,54.5,51.8,15.6,13.8,14.9,15.0,14.6,178.8,73.3,25.8,17.0,1.0
95,58.5,51.2,48.8,47.0,47.8,60.5,71.8,44.2,48.1,53.8,58.4,53.0,59.9,58.0,72.7,62.6,60.1,60.6,71.2,56.6,69.2,43.2,48.5,49.9,43.5,51.9,46.8,28.4,29.4,27.5,27.2,28.6,180.2,75.0,29.1,8.0,67.6,63.4,42.6,48.5,50.3,64.8,73.2,59.4,50.5,61.4,66.7,57.6,67.4,66.9,73.9,66.4,68.2,65.9,73.2,61.9,70.9,56.0,57.1,55.9,51.8,58.1,54.9,19.8,19.4,17.7,18.9,20.5,180.8,76.0,31.7,17.0,1.0
96,71.0,64.3,52.3,63.6,62.1,66.9,76.0,58.4,65.8,63.1,73.5,69.7,66.4,70.2,69.7,64.4,66.6,67.3,75.7,63.9,70.8,56.5,57.9,58.2,54.2,60.1,52.1,15.9,17.6,17.4,16.4,18.2,181.1,75.1,31.3,10.0,63.1,57.4,41.5,55.6,55.7,60.8,72.9,51.7,58.4,59.5,65.1,63.4,62.8,64.8,66.2,62.5,64.4,65.1,73.1,56.1,65.9,48.4,50.8,54.4,48.4,51.9,47.7,22.6,24.1,23.1,22.2,24.5,181.5,73.9,30.2,14.0,2.0
97,77.3,71.0,0.0,78.3,78.7,78.3,78.0,55.3,80.0,69.0,75.7,73.0,74.0,75.3,70.7,75.7,74.0,71.0,78.0,73.3,73.7,54.0,58.3,69.3,63.7,55.0,53.7,9.7,11.3,12.0,13.7,11.7,174.3,72.0,37.3,3.0,60.8,57.3,17.5,48.2,49.3,51.8,74.5,44.3,52.8,61.7,64.0,61.3,67.7,63.3,62.5,68.5,66.5,61.7,68.5,49.5,61.2,44.3,43.7,52.2,50.2,48.8,44.5,25.4,26.8,25.6,27.6,27.0,177.8,73.0,32.7,6.0,0.0
98,62.0,62.0,48.5,46.3,46.0,59.2,56.0,51.3,39.3,58.7,62.0,56.7,64.8,54.0,58.8,70.5,65.3,70.3,56.0,47.5,52.8,54.7,45.7,53.7,41.0,53.3,43.0,14.5,8.7,7.0,12.3,10.0,177.8,72.8,26.2,4.0,64.7,64.3,46.0,42.6,44.6,50.1,57.2,55.8,39.8,60.0,61.2,55.6,64.7,59.3,60.1,64.8,63.8,68.6,52.4,49.4,57.2,55.8,49.6,55.0,40.4,52.6,47.8,14.4,11.2,8.8,11.0,9.6,180.0,74.4,26.1,7.0,0.0
99,58.0,58.8,31.0,63.8,68.8,74.0,72.2,52.5,68.5,53.5,66.5,60.2,63.6,72.0,72.4,71.2,68.0,60.0,71.0,63.5,48.8,47.8,49.8,49.2,47.2,59.2,47.0,25.7,11.2,10.0,7.8,10.0,179.5,74.5,27.5,6.0,59.5,47.8,39.3,63.8,68.8,65.0,70.5,52.5,68.5,53.5,64.4,57.8,64.0,73.7,70.7,71.2,67.7,60.0,71.0,61.0,40.8,40.0,40.4,49.2,53.4,59.2,47.0,23.6,11.5,10.0,7.8,10.0,179.6,74.7,28.1,7.0,0.0
100,65.7,63.0,57.0,56.3,58.4,64.0,71.8,50.9,58.5,51.8,65.3,57.9,68.4,71.6,71.8,67.4,66.7,67.2,67.0,62.2,63.0,48.4,54.0,57.1,49.9,59.6,51.9,16.6,16.9,18.3,15.9,17.8,179.2,71.3,30.5,10.0,68.2,66.0,56.8,54.6,56.5,64.0,71.4,57.4,55.5,58.5,68.2,62.1,72.6,75.7,70.1,69.6,71.7,71.3,68.1,62.6,63.9,53.4,56.7,59.5,53.4,59.6,52.7,14.2,14.4,13.6,13.9,13.9,179.2,71.3,30.5,19.0,2.0
101,74.7,69.9,72.5,50.9,54.8,66.9,75.2,73.8,59.1,69.2,72.8,68.1,67.7,69.0,68.2,71.6,67.3,68.2,67.0,71.8,71.8,67.6,67.7,68.2,61.2,66.4,66.2,10.8,12.1,9.9,11.6,10.3,179.8,72.6,33.2,9.0,76.0,71.4,60.8,55.0,57.5,66.6,75.2,71.6,60.6,68.5,74.9,70.2,73.5,74.5,69.2,74.6,73.4,73.3,68.5,68.9,71.7,65.9,67.1,68.9,62.4,66.5,64.4,10.9,11.8,10.8,11.1,9.9,177.6,70.2,32.8,17.0,0.0
102,74.0,67.1,47.7,54.5,59.4,75.0,71.9,67.9,61.1,68.9,73.0,68.2,67.6,77.3,76.0,66.2,67.6,65.2,74.9,72.6,70.5,63.1,62.4,63.7,53.6,68.0,61.4,8.7,11.0,11.1,9.4,9.4,182.3,77.9,31.0,9.0,70.4,64.6,44.5,49.8,54.8,68.1,69.4,65.2,53.8,67.4,69.4,65.2,66.6,73.7,74.2,68.1,67.9,66.0,74.2,67.5,69.1,60.1,59.4,59.8,52.7,62.2,57.7,11.6,13.9,13.3,12.4,13.9,181.2,75.9,30.9,17.0,2.0
103,70.8,67.0,66.0,60.4,61.9,71.9,73.4,64.4,62.4,64.1,72.4,67.9,73.1,72.9,73.8,70.8,76.9,68.9,69.5,66.8,67.7,56.8,52.8,60.1,52.0,58.1,53.0,11.5,11.2,12.5,12.8,11.6,176.6,71.4,30.3,9.0,68.9,65.5,48.8,51.4,54.2,63.4,73.6,64.0,56.1,64.4,71.6,65.3,71.9,71.3,69.8,69.7,75.1,67.2,67.7,62.7,67.6,59.8,57.2,59.8,55.4,59.9,55.7,14.6,13.6,15.2,14.2,14.2,176.7,71.8,30.8,19.0,1.0
104,55.5,54.5,63.0,64.5,62.0,73.0,68.5,48.0,65.0,49.0,58.0,55.5,70.5,67.0,62.0,58.0,69.5,62.0,58.0,59.0,57.5,32.0,48.5,45.0,42.5,40.0,32.5,9.0,6.0,7.5,8.0,12.0,176.0,74.5,24.5,2.0,55.5,54.5,63.0,64.5,62.0,73.0,68.5,48.0,65.0,49.0,58.0,55.5,70.5,67.0,62.0,58.0,69.5,62.0,58.0,59.0,57.5,32.0,48.5,45.0,42.5,40.0,32.5,9.0,6.0,7.5,8.0,12.0,176.0,74.5,24.5,2.0,0.0
105,56.5,44.0,66.5,63.0,66.0,76.5,66.5,39.5,68.0,46.0,57.0,51.5,45.5,63.5,77.5,56.0,59.5,49.0,70.5,67.5,58.5,31.5,27.5,41.0,41.5,40.5,35.0,5.5,12.0,9.0,10.5,8.0,185.5,81.0,30.5,2.0,68.4,62.6,51.4,51.0,55.5,65.0,69.0,63.3,54.2,59.7,64.3,55.6,60.3,67.3,61.0,60.0,63.0,60.3,61.3,66.7,67.7,57.6,54.6,58.2,53.3,58.2,54.3,10.7,9.4,10.7,10.3,9.0,182.7,78.7,30.3,7.0,0.0
106,77.3,71.8,49.0,53.3,55.2,66.9,75.1,69.0,56.7,71.7,75.7,72.8,67.7,70.2,70.9,75.4,67.7,72.8,71.3,65.9,71.1,66.8,68.0,63.7,62.4,63.9,60.6,11.2,11.8,11.0,10.9,11.7,175.1,72.0,29.7,9.0,72.9,68.1,52.0,51.3,53.6,65.0,73.6,64.6,55.6,69.6,72.6,69.5,63.8,68.7,69.2,71.8,64.2,71.5,65.5,60.7,69.5,60.2,63.8,62.6,60.1,60.8,58.1,13.9,15.4,14.2,14.4,14.5,177.2,73.8,31.5,20.0,0.0
107,59.2,59.1,29.5,41.5,44.9,58.7,63.7,58.4,43.0,56.8,59.0,51.8,70.0,70.9,62.1,67.4,66.2,69.9,68.5,51.1,60.2,53.3,53.0,50.5,46.8,53.5,50.4,10.0,10.3,10.2,10.0,12.2,178.9,74.3,25.0,9.0,63.5,63.3,29.5,42.8,46.3,60.2,67.2,60.8,45.2,60.8,62.7,55.6,69.5,71.0,64.0,68.0,67.2,70.0,70.7,56.3,62.9,56.6,56.1,53.2,48.2,55.5,52.5,9.8,10.8,10.8,11.3,11.7,180.1,74.2,25.9,13.0,2.0
108,51.8,50.2,54.9,44.8,48.4,59.5,66.0,40.9,48.8,54.8,59.1,56.6,55.8,60.2,69.9,55.4,57.4,52.9,66.9,50.4,60.6,38.4,44.9,46.2,44.0,43.2,39.5,22.9,21.8,20.1,25.2,24.8,185.2,82.6,31.5,10.0,55.0,52.1,51.5,43.7,46.1,57.5,67.2,46.8,47.9,58.1,59.8,55.7,59.0,64.5,68.2,60.7,59.2,58.4,67.2,49.6,60.5,41.8,45.4,46.6,42.2,44.6,41.1,23.3,23.1,22.3,23.9,24.2,183.4,79.2,30.6,20.0,0.0
109,62.0,58.3,29.7,45.6,43.2,55.8,65.2,54.2,41.7,53.9,60.5,55.2,66.9,61.7,69.2,64.5,64.4,64.8,67.8,54.0,61.1,49.2,51.2,46.8,42.4,49.9,46.1,18.2,18.9,17.8,16.7,18.5,181.3,75.5,29.5,10.0,61.9,59.0,36.4,44.5,43.4,53.0,65.3,56.9,43.7,55.0,60.6,55.5,67.8,64.2,65.6,66.2,66.1,66.1,68.3,53.6,60.4,53.1,53.6,51.8,45.9,54.2,50.8,16.6,17.7,17.3,15.3,17.4,181.6,74.9,28.8,20.0,1.0
110,57.4,52.5,53.7,53.2,54.6,60.0,65.2,49.2,57.1,52.8,62.0,58.2,65.6,70.3,71.4,64.1,64.5,61.5,71.4,55.2,61.3,42.0,43.4,45.0,38.5,45.7,40.2,17.1,16.1,15.6,15.6,18.5,184.3,78.9,27.4,11.0,55.2,50.4,50.4,50.1,52.1,60.5,64.6,46.8,54.0,53.0,58.0,52.7,63.4,66.9,67.8,62.0,63.0,59.3,68.1,52.8,59.0,41.1,42.9,43.9,38.3,44.4,38.3,20.2,20.0,19.3,18.5,20.9,185.0,78.4,27.2,21.0,2.0
111,66.8,63.0,38.0,37.6,39.2,60.2,76.5,61.5,45.8,69.8,67.8,59.5,70.0,67.0,65.4,65.4,69.0,65.8,68.0,54.0,63.0,59.2,61.0,57.4,54.2,59.5,55.8,25.8,22.8,24.6,22.2,24.6,177.8,72.8,28.6,5.0,67.0,65.7,48.5,44.3,45.5,65.2,76.8,61.8,51.3,68.4,69.2,62.4,70.7,70.7,67.3,65.4,71.3,70.0,69.3,63.3,59.2,56.4,60.7,59.5,57.2,61.0,55.0,22.8,21.5,22.8,19.5,22.5,178.0,73.0,28.4,7.0,2.0
112,71.2,70.2,49.7,53.5,58.0,64.0,68.2,62.0,60.8,60.5,68.8,62.0,62.8,68.0,63.2,72.0,68.5,68.5,67.6,59.8,65.2,55.2,57.4,58.0,49.0,56.8,58.8,8.8,10.4,10.4,12.0,10.8,177.8,70.0,29.0,5.0,69.3,67.1,43.7,49.0,51.7,58.5,67.7,60.0,53.8,59.5,65.9,61.0,69.5,70.6,69.5,70.5,67.9,70.3,67.9,55.2,66.2,57.2,60.4,59.0,52.7,59.5,53.6,13.5,15.3,14.2,14.9,15.7,179.5,74.7,28.3,11.0,1.0
113,69.3,66.2,71.2,48.8,50.9,60.6,72.3,64.1,52.3,66.9,68.9,64.6,71.0,71.5,64.8,70.1,69.5,69.8,65.4,52.4,69.2,58.3,63.0,61.4,58.4,60.0,55.4,17.1,18.3,16.8,17.2,18.7,175.8,70.9,30.8,10.0,69.5,66.2,53.1,46.4,48.8,62.4,73.1,64.7,50.2,66.3,67.6,59.9,71.2,70.1,66.9,69.9,70.1,69.6,71.1,60.5,70.7,61.6,64.0,62.3,58.6,62.7,57.6,17.1,17.3,17.2,16.9,17.7,176.7,72.8,36.1,20.0,0.0
114,69.5,64.2,25.0,43.2,41.8,62.2,72.0,61.7,51.0,68.2,70.8,62.0,79.4,76.0,61.6,77.4,79.2,77.6,66.2,55.0,69.7,62.7,61.2,65.0,59.3,61.8,52.5,10.7,12.8,12.7,10.8,11.0,174.2,71.7,32.7,6.0,68.2,64.7,44.1,41.9,44.6,57.4,71.3,59.0,48.9,65.2,68.6,64.3,77.2,70.3,67.3,73.4,75.6,73.9,64.8,52.5,68.8,54.8,57.0,60.2,55.6,57.2,49.0,17.8,16.9,16.2,14.2,16.2,176.4,72.5,33.0,13.0,2.0
115,68.8,64.6,53.3,52.0,57.8,60.9,73.1,56.0,54.6,69.8,69.8,63.2,65.4,64.2,68.1,65.7,64.1,72.2,61.6,60.1,64.9,50.8,50.0,59.2,48.5,55.5,48.6,18.4,18.6,19.5,16.1,20.1,179.3,76.3,35.2,9.0,63.1,60.3,46.7,44.8,47.8,54.5,72.9,53.6,45.6,67.2,64.1,60.1,66.0,63.5,66.0,64.4,64.8,70.9,61.7,54.6,65.8,49.6,49.8,54.6,46.8,53.4,46.9,24.9,25.7,25.5,22.9,25.8,179.8,75.0,31.5,20.0,2.0
116,63.9,58.2,40.5,52.9,54.0,57.4,70.1,55.4,59.9,59.4,64.8,65.0,62.3,65.4,67.3,68.0,62.3,63.4,70.6,55.7,62.2,49.1,50.8,52.9,48.7,49.9,41.0,18.7,15.3,16.2,14.9,15.9,179.5,73.0,29.3,10.0,64.2,57.2,51.1,56.6,60.5,61.8,70.5,53.6,62.4,58.7,65.7,60.8,63.7,68.1,69.6,64.6,63.1,63.9,72.1,59.1,57.7,45.0,47.1,50.7,46.2,50.1,42.5,18.4,16.4,15.8,15.4,16.5,180.2,74.8,32.2,20.0,1.0
117,67.1,67.1,56.0,54.3,59.2,64.6,67.3,62.6,55.0,56.7,71.4,64.3,72.4,76.6,69.2,72.9,72.6,73.6,74.4,61.7,59.0,47.8,53.8,58.5,51.9,54.0,47.4,12.1,10.8,8.8,9.0,10.2,176.6,72.9,28.4,9.0,73.2,71.3,44.3,51.5,55.7,62.1,72.3,64.8,53.5,63.2,74.4,67.6,74.3,76.5,71.3,72.6,74.6,75.5,72.8,64.0,63.7,59.1,58.9,61.6,56.1,59.9,55.0,11.5,11.5,9.9,10.6,10.9,175.7,69.6,28.4,19.0,2.0
118,72.3,71.7,53.5,51.7,53.8,61.8,72.8,65.8,53.7,68.0,72.5,67.5,64.5,73.2,69.6,63.3,67.8,65.5,66.3,67.7,70.0,59.0,63.7,60.5,54.2,61.7,55.5,10.2,10.8,10.5,9.8,10.8,181.0,75.8,29.5,6.0,72.5,68.9,62.5,52.9,55.4,62.1,72.5,62.7,53.6,68.3,71.9,66.1,71.2,74.1,69.6,68.8,72.7,69.4,69.7,66.0,67.1,56.4,59.0,62.1,53.1,60.5,51.1,9.9,10.4,10.9,9.6,10.4,180.2,75.7,30.9,15.0,1.0
119,65.9,61.8,61.7,54.7,56.5,56.1,75.5,51.5,57.1,61.1,67.1,61.9,67.2,68.6,70.1,68.9,67.2,67.4,66.8,60.5,60.9,50.1,49.1,52.7,49.1,53.2,48.5,23.3,22.7,22.7,20.0,24.1,179.8,72.6,30.4,11.0,66.7,62.6,53.8,53.6,56.3,61.9,75.1,52.8,56.4,64.4,69.0,64.8,68.1,67.6,70.5,69.0,66.9,70.6,69.0,57.1,61.7,50.5,49.2,53.8,48.5,52.4,47.8,23.5,23.0,23.6,21.7,24.0,178.9,72.6,30.5,21.0,2.0
120,64.2,60.3,64.0,40.1,45.9,67.9,70.4,55.7,45.3,62.7,61.5,58.3,60.3,54.7,73.0,65.7,64.2,62.9,71.3,53.0,68.8,55.3,56.1,53.7,56.7,58.4,57.7,20.0,22.7,19.7,15.9,20.0,181.0,77.7,32.4,7.0,70.8,66.6,55.0,48.2,52.8,66.8,72.6,61.6,53.3,64.9,70.0,61.1,67.1,64.6,68.4,63.8,67.8,68.1,67.3,60.6,69.8,61.5,61.1,62.2,61.7,63.4,59.5,13.8,15.4,14.7,13.5,14.4,180.3,73.5,32.1,17.0,1.0
121,57.5,53.4,52.0,38.5,43.4,49.4,64.8,51.5,43.9,58.6,61.4,57.4,67.1,63.8,70.6,67.5,68.1,66.4,63.4,47.5,65.4,49.9,48.9,46.9,45.5,52.9,43.1,24.6,25.9,26.1,26.6,26.0,182.0,76.4,28.0,8.0,56.6,54.4,52.0,42.4,45.4,53.9,68.1,50.5,45.2,56.9,59.7,56.7,62.9,61.3,70.7,66.4,62.3,61.8,66.5,51.9,61.1,46.8,46.2,47.3,46.3,49.2,42.4,28.2,29.1,27.7,28.4,29.5,179.9,76.1,29.7,18.0,2.0
122,60.4,54.8,39.5,56.7,57.6,65.8,73.4,50.5,60.3,60.4,64.1,61.2,61.1,69.6,72.5,57.4,65.3,60.2,71.1,63.3,64.0,48.8,51.6,48.5,48.5,54.5,43.6,19.9,18.1,19.0,18.9,17.6,185.2,80.4,32.0,9.0,57.6,55.9,44.7,53.8,55.6,60.6,66.6,49.6,56.0,55.4,62.2,57.9,61.7,68.2,70.8,59.0,62.8,59.9,70.1,58.5,58.9,46.1,46.1,45.6,41.8,47.5,39.9,17.9,17.9,18.3,18.4,17.1,183.6,78.3,30.0,20.0,1.0
123,67.0,65.4,50.0,48.4,46.5,61.5,69.6,62.6,46.4,60.1,65.1,60.4,75.3,71.1,74.4,65.3,72.8,74.3,67.5,60.4,68.4,58.9,57.9,56.2,52.2,61.3,51.9,15.5,15.8,16.9,13.7,16.0,179.8,75.9,30.9,11.0,68.8,65.2,49.8,49.2,50.8,64.8,72.7,63.5,50.1,62.6,67.4,64.2,71.7,68.0,71.0,64.4,70.3,70.6,68.2,63.6,69.2,58.6,61.1,59.3,54.3,62.9,52.0,13.1,14.2,13.7,13.2,14.2,179.5,75.4,31.0,19.0,0.0
124,50.8,47.4,29.4,31.4,32.0,43.6,56.6,44.0,29.4,53.4,51.6,46.0,65.0,53.0,62.0,65.8,66.2,60.0,67.6,42.8,52.0,43.8,37.6,39.4,36.6,45.6,36.0,20.2,22.0,23.6,20.0,22.2,178.6,71.6,27.6,5.0,62.1,59.5,33.5,33.9,36.6,44.7,63.5,57.7,32.8,56.7,60.5,51.7,66.8,64.3,63.2,70.2,68.0,65.9,67.0,58.2,59.4,56.5,51.6,50.2,45.0,54.3,51.0,14.8,15.8,15.9,14.4,15.5,173.5,66.8,27.8,11.0,1.0
125,48.3,47.3,47.8,32.2,34.5,45.5,68.3,43.3,38.5,55.5,50.4,46.7,63.6,65.7,66.9,67.5,64.6,67.2,72.7,43.9,58.3,35.1,32.4,40.2,32.4,40.2,32.7,30.9,26.0,32.3,31.3,32.0,175.9,68.1,28.7,7.0,56.3,51.1,45.3,42.3,45.9,52.3,66.1,46.5,46.0,55.9,56.2,51.7,61.5,65.5,66.1,65.0,61.6,65.6,68.7,50.0,57.9,41.2,39.5,44.4,38.5,46.6,38.1,22.3,21.7,24.7,22.8,23.1,177.9,70.7,29.0,15.0,1.0
126,57.6,57.0,39.9,40.0,43.0,57.9,63.5,54.9,41.9,56.1,57.2,50.5,74.8,64.6,56.9,74.8,73.9,75.6,72.5,45.6,61.4,50.4,50.2,47.9,44.9,50.2,46.4,15.5,16.6,16.8,15.8,17.9,172.6,69.2,26.0,8.0,58.0,53.5,41.2,40.1,42.7,57.8,63.1,49.3,42.4,53.7,57.5,51.7,67.3,60.3,60.8,67.5,67.7,70.2,67.4,49.3,59.6,47.7,46.3,47.3,42.3,48.0,44.4,17.8,17.5,18.2,18.3,18.9,176.3,72.3,27.9,15.0,1.0
127,63.0,56.2,60.1,61.1,63.4,65.1,62.1,52.5,63.4,53.4,64.7,61.9,63.7,69.8,69.6,66.1,65.9,62.9,68.2,59.0,55.0,39.2,45.5,47.5,43.6,43.7,38.3,11.0,12.1,10.2,11.5,9.5,177.7,71.1,29.3,10.0,62.7,55.2,60.1,61.7,64.0,65.3,62.0,50.5,63.7,51.4,64.6,62.3,64.7,69.6,70.6,64.3,66.7,62.7,69.1,60.4,54.1,37.7,43.7,44.9,43.0,43.4,36.8,11.4,11.9,10.5,11.1,9.7,178.5,71.5,29.0,11.0,0.0
128,66.1,64.1,54.7,52.5,52.8,60.0,69.3,60.5,54.4,63.2,67.4,62.5,69.6,70.5,66.3,71.7,70.0,71.5,69.4,51.4,60.9,48.6,53.1,52.8,49.4,46.5,43.2,13.3,15.1,15.5,13.4,17.1,178.5,73.2,27.7,10.0,68.7,67.3,52.4,47.8,50.5,60.4,68.3,64.7,50.4,65.2,68.5,64.1,72.0,71.5,66.0,72.3,70.9,74.3,69.2,53.5,64.2,56.6,60.7,58.0,54.5,52.8,52.3,12.0,12.7,12.9,12.4,13.8,178.2,72.8,28.8,20.0,2.0
129,50.8,46.2,56.2,47.2,49.0,54.3,61.2,43.8,51.5,47.2,57.5,52.2,61.7,67.2,67.2,67.7,68.0,61.3,66.0,46.8,52.0,38.2,39.0,36.8,36.7,43.7,34.0,19.0,18.3,18.5,18.8,21.3,177.2,71.8,27.2,6.0,51.9,48.6,45.0,42.1,44.3,52.8,61.8,45.3,43.7,46.9,54.7,46.8,64.0,62.6,68.1,63.3,67.4,63.6,67.0,51.3,53.7,41.1,40.7,36.3,36.6,41.9,37.1,18.1,17.9,18.8,18.3,19.2,179.4,74.9,26.6,14.0,2.0
130,61.2,56.7,46.8,46.7,53.6,55.6,63.0,56.0,52.3,59.9,64.7,58.0,64.1,64.8,60.9,65.7,65.1,62.6,63.0,54.3,52.2,48.5,48.2,44.4,44.4,48.9,43.8,16.1,16.7,14.8,15.3,16.1,177.7,69.6,28.0,10.0,62.4,57.0,49.3,47.3,52.2,56.4,62.2,56.7,52.3,58.4,64.1,58.0,64.3,65.9,60.9,69.4,63.8,65.1,62.4,54.9,54.4,49.3,50.6,45.3,44.3,49.5,45.4,14.3,14.2,14.2,14.2,14.1,176.5,69.1,28.5,15.0,1.0
131,71.2,69.8,49.2,50.7,59.5,61.7,70.5,67.7,57.3,69.0,71.5,68.2,76.8,78.0,61.0,77.7,77.0,77.2,68.2,55.2,67.7,64.0,62.0,62.2,51.5,58.3,57.8,9.7,10.2,8.2,10.2,10.2,171.8,63.7,26.7,6.0,61.7,59.8,38.5,40.8,45.2,53.8,65.4,53.9,46.7,61.7,64.1,61.0,70.1,67.1,63.2,70.4,70.6,70.4,70.0,50.3,64.3,54.4,54.1,53.9,45.9,50.9,50.3,18.4,17.6,17.1,18.1,17.6,175.4,68.5,26.5,14.0,1.0
132,62.3,62.5,45.6,47.4,53.6,54.0,64.4,59.2,49.9,59.9,60.0,55.0,66.6,65.1,65.6,72.4,64.9,65.5,69.6,52.1,58.3,50.4,53.4,53.2,50.3,53.3,50.0,14.6,14.9,15.8,14.7,16.0,175.0,70.9,27.5,10.0,63.7,62.3,37.9,41.6,45.9,43.8,65.2,58.9,46.1,59.9,61.7,56.9,69.9,65.6,60.1,72.6,67.6,70.1,66.1,49.7,60.5,52.2,53.9,53.3,53.3,51.5,49.9,16.9,16.0,17.5,16.0,16.8,172.4,67.9,28.3,18.0,2.0
133,67.7,61.7,46.8,50.5,52.7,51.2,65.3,64.0,55.0,57.8,64.3,53.5,66.0,71.3,60.2,74.5,67.0,72.0,68.2,57.8,62.2,58.2,59.8,56.5,54.5,59.2,50.8,10.7,10.7,10.2,10.2,9.8,171.2,65.7,29.8,6.0,70.2,64.4,53.2,57.6,59.4,54.6,68.4,61.6,60.1,60.5,67.2,55.9,69.2,72.7,60.4,72.6,68.3,71.6,67.4,58.4,63.4,56.5,57.1,59.3,58.9,57.0,50.4,10.0,10.0,10.4,9.9,10.4,174.0,67.9,30.2,14.0,1.0
134,51.0,48.0,35.3,40.1,43.0,46.4,62.4,43.9,41.6,58.9,54.1,54.9,63.0,55.1,61.6,69.0,60.4,67.4,71.3,46.0,54.1,35.3,36.7,40.4,39.9,43.6,35.6,29.0,26.3,28.0,27.7,30.9,174.6,68.7,28.4,7.0,58.1,53.1,42.1,46.4,49.9,52.5,66.1,49.1,48.6,61.7,60.1,57.6,63.7,64.4,63.9,68.2,62.2,67.1,71.8,50.1,60.1,45.4,45.9,44.9,45.3,48.0,38.6,23.9,21.4,23.4,22.4,24.1,175.1,69.1,29.0,14.0,2.0
135,54.0,59.5,62.0,73.0,74.0,64.5,63.0,43.0,63.0,53.0,49.0,48.0,52.0,52.0,59.0,47.0,52.5,44.0,70.0,61.5,59.0,38.0,40.0,34.0,45.0,49.0,31.5,10.5,11.0,7.0,10.0,10.0,188.5,83.5,27.0,2.0,55.5,55.5,54.7,54.4,56.8,60.2,63.2,43.8,56.0,48.8,49.0,45.8,52.8,57.2,67.0,57.0,55.0,53.0,67.4,63.2,60.8,42.2,48.6,37.4,47.6,52.0,42.8,10.5,12.2,9.0,10.8,9.0,184.0,75.8,30.0,5.0,1.0
136,71.9,68.0,64.0,56.5,57.2,69.6,70.9,59.4,56.8,65.0,73.1,67.2,67.5,74.9,75.1,62.1,73.0,67.6,72.5,68.8,63.1,54.9,55.7,56.8,52.5,57.0,52.9,8.5,10.6,9.5,8.1,9.6,180.8,73.6,28.3,9.0,70.6,67.6,40.2,55.8,58.1,59.1,74.9,60.4,57.2,65.9,72.1,65.6,67.8,71.8,69.2,67.7,69.1,66.8,68.5,59.7,60.8,58.6,56.2,58.3,53.4,58.6,49.9,16.9,18.4,17.2,16.9,16.7,174.4,67.2,27.2,18.0,2.0
137,64.9,59.7,37.3,44.8,51.3,70.4,72.6,59.5,53.0,65.0,64.4,55.9,70.9,67.0,74.7,58.7,70.9,64.6,68.7,59.6,65.9,54.3,57.0,52.4,40.9,48.0,47.3,23.1,19.9,22.4,21.1,19.3,179.1,71.3,31.1,7.0,65.7,62.6,45.3,46.5,51.1,66.2,69.2,58.1,51.2,59.7,63.2,55.5,69.8,66.8,71.5,62.8,69.2,64.1,65.6,61.8,66.5,56.2,57.2,51.0,46.3,51.1,48.2,16.8,15.8,16.3,17.0,15.1,180.2,71.5,27.8,13.0,0.0
138,56.5,53.2,41.7,38.4,40.8,47.0,58.0,59.4,29.8,50.8,55.2,42.2,63.0,68.0,70.6,68.8,66.8,60.4,65.6,63.4,58.8,57.8,56.2,51.2,46.8,60.0,54.8,9.0,8.8,9.2,11.6,10.2,180.0,74.8,26.6,5.0,54.2,50.8,32.0,42.4,45.3,55.1,66.5,47.1,42.1,55.0,58.1,52.4,61.5,59.8,69.1,61.9,61.8,58.3,65.4,51.6,57.8,42.2,44.6,46.6,40.6,47.3,42.6,25.2,24.1,23.4,25.7,24.5,183.0,76.1,26.9,14.0,2.0
139,72.6,57.9,80.0,56.9,60.8,62.2,74.6,53.8,61.2,63.8,72.6,64.1,66.5,65.2,63.4,64.0,65.2,67.4,66.0,58.8,62.2,49.9,51.8,50.5,52.1,54.4,48.4,19.4,18.2,17.5,18.0,16.6,179.6,72.6,26.6,8.0,66.9,57.5,54.8,47.7,51.0,58.9,70.4,51.8,48.5,60.5,67.4,58.5,66.4,63.2,66.1,63.6,65.9,67.0,65.0,52.5,61.9,49.6,52.1,46.8,49.7,49.3,44.2,20.0,18.9,18.8,19.6,18.5,181.3,73.3,25.5,15.0,1.0
140,60.6,58.0,42.8,42.3,45.0,49.6,67.1,57.0,46.7,55.4,62.1,56.9,73.0,64.7,61.3,71.3,70.4,69.3,60.1,55.4,63.7,55.9,56.0,54.6,50.4,56.0,54.0,18.6,19.3,18.6,20.9,18.7,177.0,71.6,28.3,7.0,61.0,59.0,46.8,46.0,47.9,52.5,66.8,55.1,49.4,55.6,62.2,56.8,73.2,65.5,63.4,70.6,71.4,69.0,62.4,57.0,62.4,52.8,54.8,53.5,50.0,54.2,51.2,18.0,17.9,18.1,19.6,17.9,177.4,72.0,27.8,8.0,1.0
141,74.5,74.0,0.0,54.8,57.5,67.0,72.5,69.2,56.1,70.4,73.6,68.9,74.5,74.6,64.4,69.6,73.0,75.4,67.5,57.4,75.5,63.3,70.7,71.6,65.7,62.8,61.5,10.0,11.1,9.1,10.6,9.9,177.7,70.5,27.9,11.0,70.6,69.3,58.5,57.8,61.0,67.2,70.0,63.9,60.2,64.2,70.0,65.5,68.7,71.5,65.5,68.0,67.8,69.9,65.3,56.8,68.4,57.1,63.4,65.7,59.5,58.9,54.8,9.9,10.2,9.7,10.1,9.2,179.0,73.4,28.1,20.0,2.0
142,71.1,65.7,48.6,55.3,56.5,66.2,74.5,56.4,59.4,66.3,72.1,67.0,64.0,69.5,69.3,66.5,66.5,65.0,67.5,62.5,70.3,50.7,57.0,58.2,51.3,53.5,54.3,17.0,17.2,17.5,18.0,18.1,182.7,76.0,32.1,11.0,69.9,65.3,53.7,53.8,54.6,67.7,74.3,59.1,56.5,67.0,70.1,64.1,67.5,69.9,68.7,69.4,68.8,67.2,69.4,61.3,70.4,51.6,55.3,58.2,49.9,52.1,53.3,18.6,17.0,18.9,18.3,18.7,181.4,76.0,30.4,20.0,1.0
143,63.8,59.9,75.0,46.6,49.9,59.0,69.3,55.4,51.9,57.6,67.2,59.9,66.8,68.9,65.9,65.9,67.7,67.9,64.5,53.8,59.1,55.8,54.0,49.1,47.6,49.6,43.4,19.9,16.2,18.9,17.1,17.8,178.4,75.7,29.6,10.0,61.4,56.0,64.5,51.1,53.4,58.1,69.4,49.8,55.1,58.5,64.8,59.1,63.9,66.2,66.8,65.4,64.8,62.2,66.9,52.2,62.0,48.1,51.3,49.2,47.7,45.8,42.1,21.5,20.1,20.8,20.5,21.8,180.4,77.1,28.7,18.0,2.0
144,63.9,61.1,37.0,38.4,39.1,50.9,76.1,58.9,40.7,68.8,65.5,61.0,69.9,64.1,65.3,69.9,67.6,69.1,67.9,50.1,70.1,59.2,57.8,56.5,53.3,59.6,53.6,31.1,27.1,26.5,26.0,28.9,177.2,72.6,29.1,9.0,63.6,59.6,23.5,42.9,44.2,56.9,74.4,55.1,46.2,65.5,64.6,61.5,65.9,66.3,68.0,66.9,64.3,67.8,70.1,50.4,64.9,55.5,54.4,54.2,49.8,56.6,51.1,29.4,25.4,26.4,25.8,26.9,179.7,75.2,31.7,18.0,0.0
145,67.7,61.6,47.0,54.2,55.7,61.0,71.7,59.9,52.2,61.3,67.0,62.3,66.4,66.6,69.0,68.8,66.3,64.1,73.6,61.2,67.2,54.9,54.6,54.3,53.6,58.3,50.6,19.0,18.9,16.4,17.3,17.9,178.4,72.9,30.2,9.0,70.8,66.1,46.7,50.4,52.7,65.0,71.7,64.1,51.6,64.5,70.6,60.7,68.4,66.7,69.4,68.9,67.6,66.8,71.9,64.9,71.3,60.7,59.4,59.9,60.1,63.9,58.6,14.5,14.4,14.1,14.1,14.2,178.4,73.8,32.4,18.0,0.0
146,74.4,70.8,0.0,56.3,57.2,74.8,76.9,65.3,55.1,70.3,72.5,67.3,74.9,73.6,72.0,68.6,73.9,74.2,71.8,63.0,72.0,58.2,61.5,63.4,52.9,57.3,58.5,18.8,18.2,16.7,16.4,18.2,177.7,74.6,30.6,10.0,66.4,63.1,36.0,51.1,53.9,68.6,74.1,58.1,51.4,65.0,66.3,61.2,67.8,68.0,73.5,62.2,68.2,69.4,68.8,57.4,65.6,51.1,53.4,54.9,46.5,50.9,49.7,24.2,23.4,21.6,21.4,24.2,181.3,77.4,29.3,16.0,1.0
147,74.8,72.3,49.2,48.0,51.3,66.5,74.8,67.2,53.2,67.7,74.0,68.5,78.0,78.0,73.8,74.2,77.5,72.2,69.2,68.8,78.7,70.2,72.0,69.8,70.7,66.3,64.3,11.3,10.3,13.2,12.5,9.8,181.3,76.2,32.5,6.0,74.4,71.2,52.2,53.9,55.3,67.8,74.2,65.5,58.0,66.7,73.1,69.9,75.1,75.9,74.9,71.0,75.2,73.0,71.1,71.8,74.2,63.4,68.5,68.5,66.8,65.2,63.2,11.5,11.1,10.6,10.7,10.4,179.4,75.1,34.5,14.0,1.0
148,67.4,67.4,51.2,41.7,42.4,51.6,73.6,64.6,45.0,61.7,65.1,55.9,72.9,67.7,61.1,71.7,72.6,73.1,62.7,55.7,64.9,56.7,54.3,62.6,49.3,58.0,56.4,18.3,19.6,18.0,19.9,19.1,177.9,74.7,26.3,7.0,64.9,64.3,51.7,48.9,49.9,57.8,70.7,58.7,50.3,59.7,65.5,58.7,68.8,65.7,63.7,64.8,67.3,67.7,63.2,54.1,62.4,50.5,51.7,52.3,45.6,51.6,49.4,18.0,19.3,18.1,19.4,19.1,180.1,76.5,26.0,15.0,1.0
149,60.2,59.0,35.8,40.1,43.4,56.1,72.0,57.5,41.5,58.8,57.1,54.6,63.0,54.6,73.2,59.5,62.2,58.4,65.1,53.6,66.5,53.8,53.8,48.5,49.1,58.6,47.0,25.5,26.5,26.6,24.8,27.1,181.5,78.9,29.2,8.0,65.7,62.5,46.7,46.7,49.2,62.4,74.8,56.2,48.3,62.4,63.2,59.7,69.4,65.5,74.2,60.9,69.4,65.3,73.9,61.2,66.8,56.1,56.5,53.5,48.8,57.5,47.6,20.4,21.4,21.5,19.1,22.4,182.6,79.7,31.7,18.0,1.0
150,80.5,81.0,50.2,50.3,50.3,60.5,74.7,71.7,49.0,76.5,77.7,74.2,77.0,73.7,60.0,77.5,76.5,80.5,63.7,58.7,76.0,67.2,72.3,77.0,70.2,68.5,67.5,13.3,10.3,9.3,11.5,9.8,177.8,72.0,27.0,6.0,74.3,71.4,54.5,52.3,53.3,63.5,72.7,64.3,53.3,67.5,73.8,68.6,67.8,70.0,65.1,66.1,66.3,68.1,61.2,63.5,74.3,61.5,65.1,65.7,63.9,63.4,59.8,12.4,10.4,9.0,11.5,9.5,181.3,76.2,29.0,16.0,1.0
151,61.5,55.8,67.0,62.5,64.0,65.0,65.7,45.0,60.3,50.3,63.2,59.0,66.8,71.7,70.2,60.0,66.0,64.0,73.5,61.7,67.1,45.0,57.2,48.8,49.2,43.7,44.5,12.4,9.3,12.8,10.5,10.2,181.0,78.0,29.6,8.0,62.5,59.1,62.5,54.6,56.4,62.3,64.7,53.8,54.5,58.0,63.1,59.7,66.8,69.5,68.1,65.1,65.4,66.0,68.6,56.6,66.6,49.3,55.2,54.4,50.6,46.8,47.3,14.8,13.3,16.1,14.4,13.5,179.9,76.5,29.6,17.0,0.0
152,75.0,76.7,0.0,35.0,38.3,57.0,72.3,71.7,39.0,70.7,70.0,62.7,81.0,69.7,63.7,76.3,82.3,81.3,76.0,62.7,72.0,71.3,69.7,61.3,57.3,65.0,63.7,9.3,13.7,12.3,13.3,12.0,180.0,71.3,24.3,3.0,70.7,69.8,0.0,44.0,48.0,63.8,68.3,64.2,43.2,62.3,68.3,61.8,77.5,64.7,66.2,72.7,79.2,78.3,73.3,63.0,62.3,55.3,55.3,58.9,49.4,56.9,52.3,11.0,12.6,11.1,10.9,11.8,181.1,72.5,26.2,8.0,1.0
153,64.7,52.5,49.8,44.8,42.6,52.8,67.0,51.3,57.7,61.2,58.8,55.0,61.0,58.8,61.8,65.8,64.4,66.4,66.0,54.0,52.0,52.7,47.8,47.2,41.6,57.8,49.8,26.5,22.0,22.2,21.6,21.2,179.8,71.6,27.8,5.0,59.7,55.3,42.5,42.7,42.8,54.2,62.3,53.9,45.7,56.9,58.9,54.4,66.7,62.6,58.5,65.2,67.0,66.8,63.4,51.1,55.6,50.5,50.3,51.2,45.8,54.2,49.7,17.0,15.4,15.5,16.0,15.5,179.9,72.2,25.2,12.0,2.0
154,65.3,63.2,41.0,39.0,41.6,54.3,65.1,59.2,41.6,60.6,65.3,59.2,73.4,61.8,65.8,68.7,73.1,73.3,66.1,56.7,64.9,54.4,54.9,56.0,51.4,53.1,50.5,19.7,17.8,18.9,15.6,17.6,176.7,73.9,28.2,10.0,67.4,63.1,49.1,48.3,50.3,58.4,69.3,57.2,50.2,61.9,67.7,61.0,71.8,65.9,68.8,68.9,71.8,70.1,67.0,58.3,63.3,51.7,52.1,54.3,49.8,51.4,44.3,19.2,18.4,17.6,16.6,17.3,178.5,73.5,28.4,20.0,2.0
155,60.7,56.7,66.0,54.2,55.1,66.8,68.4,52.1,54.6,49.1,61.2,57.4,70.2,68.4,70.9,69.8,69.6,70.2,72.6,59.0,61.1,45.4,50.3,46.3,41.0,49.3,40.8,17.9,16.3,17.4,16.3,16.7,178.7,74.6,29.6,9.0,69.7,66.2,46.3,54.8,56.6,66.4,71.6,59.8,54.3,58.0,70.0,61.3,71.6,70.7,69.8,71.8,71.6,71.9,69.9,61.4,65.3,53.8,54.9,56.4,49.9,53.5,47.7,14.6,12.3,14.3,13.1,12.9,177.4,73.2,31.7,19.0,0.0
156,56.1,50.6,54.5,41.1,43.7,62.6,69.1,46.6,41.0,59.0,60.9,57.0,64.2,62.0,73.6,54.3,63.2,57.9,69.0,54.5,64.0,39.8,41.2,43.9,32.5,39.6,38.9,27.6,25.3,31.3,30.4,31.0,182.9,78.8,30.9,9.0,63.6,61.1,59.3,50.8,52.9,63.5,69.5,57.2,50.1,64.4,65.7,63.1,69.2,65.8,71.0,62.2,68.8,64.4,66.3,58.0,65.9,49.9,51.0,53.9,43.2,49.7,45.4,18.9,18.3,19.8,19.4,19.1,181.7,76.7,29.9,18.0,2.0
157,61.6,58.2,10.0,49.8,55.3,60.4,74.0,50.5,52.2,54.1,62.9,59.3,65.4,66.6,68.8,65.9,66.1,68.4,70.5,57.5,66.6,47.5,49.3,50.5,44.9,49.6,43.1,23.2,23.9,21.3,20.9,24.2,181.0,73.7,28.3,11.0,64.5,60.0,46.5,51.7,55.5,61.5,72.8,52.0,54.6,58.2,65.3,60.7,64.8,65.7,67.6,67.5,66.1,67.6,69.4,57.8,64.2,49.8,51.3,54.5,49.4,52.6,45.9,19.7,20.0,18.3,18.6,19.6,179.2,73.1,29.1,21.0,0.0
158,48.7,45.1,42.3,37.4,38.4,48.7,70.2,41.4,38.8,48.3,51.9,43.6,62.4,56.7,69.0,52.3,63.9,57.3,67.8,46.7,52.8,36.8,34.1,36.0,35.2,42.3,28.2,33.2,33.8,31.6,30.1,34.6,183.1,76.9,28.2,9.0,55.4,51.9,37.2,43.6,44.9,50.8,69.6,46.8,45.2,56.3,59.2,51.6,61.9,60.4,68.5,57.8,62.3,58.9,65.3,48.7,58.8,43.0,42.3,45.1,42.8,45.5,39.2,28.8,27.8,27.5,26.8,28.9,182.7,77.4,30.6,18.0,2.0
159,67.6,64.9,40.3,45.8,49.7,56.0,67.4,64.6,51.4,63.1,65.7,58.6,67.1,64.1,69.1,68.6,69.2,67.7,67.2,56.6,66.3,58.9,59.3,59.6,58.8,61.7,53.6,10.4,11.9,11.0,12.4,10.8,172.9,69.2,32.1,9.0,66.4,63.3,41.8,53.8,57.5,62.4,70.0,62.6,57.1,61.0,68.4,60.8,65.7,67.5,70.9,67.8,68.9,65.4,69.3,59.9,64.7,56.1,58.8,57.3,58.7,61.2,56.1,13.9,11.9,11.5,11.5,11.2,177.5,74.6,32.2,18.0,2.0
160,63.2,58.7,56.0,62.5,64.2,70.9,67.3,55.0,62.4,63.4,70.2,64.6,63.6,68.1,67.6,63.9,63.3,61.8,67.1,56.7,61.8,45.3,47.7,58.6,53.3,53.9,46.0,18.4,17.8,16.8,15.1,17.5,174.4,68.9,29.4,9.0,72.0,67.8,56.0,61.7,65.8,65.5,75.8,64.3,64.1,68.6,75.3,69.3,72.0,72.3,66.4,69.3,70.2,70.4,67.4,59.0,69.4,55.2,57.1,64.4,56.0,56.6,52.4,18.9,17.7,17.7,17.2,18.1,171.1,63.8,28.6,20.0,2.0
161,63.1,56.0,58.0,50.3,51.8,59.6,71.8,54.5,52.3,61.3,64.3,57.7,60.4,63.7,62.9,66.3,60.6,68.1,72.0,52.5,57.5,49.3,48.4,50.6,44.5,52.4,42.9,22.2,23.2,23.1,22.1,23.9,179.0,74.5,30.5,11.0,67.9,63.4,43.3,49.1,51.0,63.9,72.1,60.6,54.1,64.7,69.1,63.4,64.5,65.8,66.0,65.1,64.4,69.1,67.6,57.1,65.0,56.2,57.6,58.7,52.8,58.7,50.3,16.6,18.6,17.1,16.1,17.3,179.7,74.4,31.4,20.0,2.0
162,78.3,76.7,80.0,53.3,60.7,60.3,75.7,76.0,65.3,73.0,74.7,64.7,77.0,78.0,79.0,76.7,81.7,76.0,73.0,64.3,73.7,72.0,73.3,64.3,57.7,68.7,63.0,12.3,13.3,9.7,10.3,9.3,175.7,69.7,28.7,3.0,72.1,69.2,53.2,46.0,51.5,57.1,67.6,66.0,52.2,63.9,68.8,62.8,68.4,69.8,74.1,65.1,72.1,67.6,65.2,64.1,69.0,60.0,62.2,60.4,54.1,59.1,52.0,10.4,10.8,11.2,11.0,10.5,179.6,73.4,27.0,8.0,0.0
163,62.0,56.8,0.0,39.2,43.2,62.0,75.2,48.2,46.0,55.2,65.2,55.0,69.2,62.0,72.7,68.2,69.2,61.2,81.5,54.8,63.5,45.2,42.2,46.8,36.8,42.0,40.0,28.2,28.8,25.0,26.2,24.8,183.0,78.0,30.0,4.0,70.6,61.6,64.0,50.4,52.8,67.2,73.3,47.8,52.8,61.4,71.7,62.0,71.1,70.3,75.8,64.1,69.6,64.9,74.0,64.7,67.5,53.9,52.7,56.6,53.1,55.4,53.0,18.9,18.2,17.2,18.8,17.4,179.9,75.9,33.1,10.0,0.0
164,57.2,52.5,43.8,51.3,54.2,57.8,62.3,45.5,54.8,54.2,60.0,60.8,61.7,63.8,62.5,61.7,68.8,62.3,67.5,48.2,57.0,35.0,42.3,39.0,39.5,37.7,30.2,21.0,18.2,21.2,18.2,20.0,179.3,73.3,28.3,6.0,59.7,56.0,49.2,50.1,53.2,59.0,64.1,49.3,53.4,57.1,61.2,57.7,65.7,66.4,65.8,63.3,68.9,63.3,70.4,54.1,59.1,41.1,44.6,48.4,42.7,41.9,39.7,17.9,16.7,18.1,16.9,18.2,180.5,73.9,28.6,15.0,2.0
165,77.7,75.0,45.0,27.3,36.3,61.3,68.7,75.7,35.3,74.3,73.7,66.7,69.7,55.3,63.0,69.3,69.3,78.7,69.3,63.7,69.3,68.0,65.0,67.3,69.0,69.7,71.7,10.3,11.0,10.0,11.0,8.3,183.0,80.3,34.7,3.0,77.4,74.4,54.7,38.4,43.6,60.2,74.4,74.5,44.5,71.9,74.9,67.6,77.5,72.9,69.0,77.0,78.4,81.0,67.4,63.6,72.0,67.5,67.5,65.6,64.9,66.8,62.9,10.9,9.8,10.6,10.4,10.4,176.9,73.8,32.2,8.0,2.0
166,71.3,71.7,15.0,35.3,36.3,50.3,67.3,68.7,38.3,61.7,61.7,55.7,72.7,61.0,63.0,65.0,75.0,65.3,68.0,61.3,67.3,69.0,62.3,61.7,61.3,66.7,64.7,7.3,8.3,9.7,14.3,9.7,183.0,75.7,28.7,3.0,70.6,67.2,34.3,46.8,48.2,61.1,68.2,63.9,48.8,61.9,66.0,58.4,70.2,66.0,70.4,64.1,75.0,67.0,74.6,66.5,67.4,62.2,61.4,59.9,55.5,62.4,57.4,9.8,9.6,10.5,12.2,10.2,182.5,73.9,28.5,8.0,0.0
167,65.2,60.1,37.5,52.6,56.1,60.1,73.2,55.3,57.6,60.7,68.2,63.1,69.3,69.2,65.0,67.4,71.4,66.9,66.2,57.1,61.7,52.8,51.9,54.2,49.9,56.8,51.7,18.2,18.4,17.6,16.8,17.0,177.1,71.9,30.8,9.0,70.0,65.3,59.0,51.2,55.2,63.3,74.2,62.0,56.6,63.0,70.6,65.8,72.3,69.9,68.0,70.1,71.6,70.1,69.9,63.4,67.6,60.1,60.4,60.9,53.8,59.2,58.1,15.1,16.3,14.0,13.6,13.9,178.3,72.9,30.8,18.0,2.0
168,55.9,55.2,39.0,41.6,44.5,51.4,69.4,53.8,48.0,56.6,57.0,52.9,61.7,65.3,66.7,63.3,63.6,62.5,68.6,52.7,61.5,51.2,56.3,51.0,53.8,50.9,47.9,21.8,22.2,20.1,21.3,21.1,183.4,74.2,33.1,10.0,65.5,62.1,49.4,48.6,52.5,61.5,71.2,61.2,55.0,63.4,65.7,61.5,64.8,71.4,69.8,66.4,65.8,64.1,70.7,60.7,65.9,58.0,59.9,56.5,53.9,58.9,54.3,15.4,16.9,15.8,15.7,15.5,180.9,74.2,32.0,20.0,1.0
169,71.5,69.8,60.0,57.2,61.1,68.1,73.1,65.8,61.5,63.2,71.8,67.1,77.2,78.9,70.7,70.8,80.4,73.8,74.2,70.5,63.8,58.9,60.5,59.6,55.6,59.0,53.2,12.1,11.4,12.0,10.8,9.6,174.0,68.1,30.0,8.0,70.3,69.1,53.3,49.5,53.6,63.5,71.6,67.4,53.6,64.6,69.5,64.6,72.7,74.4,69.6,69.5,75.9,71.4,70.3,67.1,65.4,61.9,61.1,57.9,57.3,61.5,55.8,10.8,11.5,12.0,11.5,10.2,176.4,71.3,29.7,18.0,0.0
170,72.8,70.8,57.5,48.7,53.1,61.8,72.4,69.3,54.7,65.9,73.1,67.8,75.1,73.7,70.7,72.7,71.4,71.7,67.4,65.1,72.8,68.1,67.0,61.2,60.0,66.9,61.2,10.9,11.0,10.9,10.0,12.0,176.2,70.4,30.1,9.0,70.2,67.7,59.3,53.7,57.3,62.2,69.1,65.1,58.3,62.5,70.2,65.3,70.9,70.3,69.3,70.6,69.0,69.6,65.3,61.9,65.9,60.0,61.7,58.7,55.8,61.0,55.7,10.4,11.0,10.9,9.9,10.9,177.3,71.5,30.5,15.0,0.0
171,64.6,58.7,51.5,47.3,50.2,60.4,71.3,59.7,54.4,63.1,64.1,61.2,71.0,70.5,68.3,68.7,71.4,67.9,69.9,63.1,64.7,54.3,54.7,55.5,49.4,58.3,53.8,18.3,17.8,17.6,15.2,15.5,178.5,68.2,32.6,10.0,64.3,59.6,51.5,46.6,48.6,59.8,70.4,58.2,52.2,59.8,63.8,58.9,71.4,70.7,68.9,67.9,71.9,69.0,70.8,60.7,64.7,53.4,54.8,54.1,47.3,57.1,52.7,17.9,18.0,18.0,15.4,16.6,178.8,70.3,30.9,16.0,2.0
172,61.4,59.8,44.3,33.4,36.2,46.2,71.8,59.2,33.0,58.8,62.6,54.2,59.2,65.6,64.5,57.6,59.4,57.8,60.0,56.8,68.4,56.2,56.6,50.8,51.6,54.2,52.4,21.4,21.2,20.6,20.6,23.6,183.0,79.4,29.4,5.0,59.7,58.3,51.8,42.3,43.6,53.9,70.9,56.0,38.3,56.0,61.3,54.6,62.4,65.8,64.0,57.7,62.3,59.0,59.4,57.4,65.3,49.3,54.3,49.1,49.0,50.1,46.7,19.3,18.7,16.9,17.0,20.3,181.0,78.0,28.0,7.0,1.0
173,65.0,67.0,37.0,44.0,40.0,49.0,51.0,59.0,23.0,64.0,65.0,58.0,80.0,70.0,59.0,69.0,82.0,78.0,59.0,49.0,55.0,70.0,38.0,60.0,49.0,49.0,46.0,14.0,14.0,10.0,10.0,12.0,181.0,72.0,21.0,1.0,66.1,65.1,51.2,50.7,51.9,57.4,70.4,59.7,53.0,65.0,67.0,61.7,68.4,70.3,65.3,72.6,65.9,71.7,66.3,52.3,69.0,56.7,56.4,60.9,53.7,54.3,51.3,20.9,22.4,18.3,21.3,20.7,177.4,71.3,25.3,7.0,2.0
174,58.1,55.6,44.2,51.4,53.0,63.2,63.8,48.2,52.1,50.0,59.9,56.1,69.0,64.2,61.4,64.6,72.1,65.4,67.9,48.4,61.9,43.9,50.8,48.2,44.6,46.4,45.9,12.4,15.4,18.6,16.1,17.5,181.5,74.2,25.6,8.0,52.5,47.8,42.2,49.3,51.3,58.0,61.2,42.9,49.7,47.1,54.7,52.1,62.8,59.5,62.5,63.3,61.5,61.4,65.6,47.1,56.8,39.4,42.7,42.1,37.3,41.7,40.2,18.1,18.6,20.7,20.1,20.6,182.7,76.2,25.5,16.0,0.0
175,58.1,55.2,0.0,47.4,48.9,59.2,58.5,53.8,47.8,53.0,58.5,55.5,59.0,67.5,69.2,58.4,61.4,58.5,61.2,51.5,58.5,44.5,47.7,49.5,46.1,46.0,41.2,14.6,14.5,14.5,15.4,15.3,186.4,78.2,26.4,11.0,58.3,54.7,0.0,49.4,50.5,61.1,60.2,51.7,49.9,52.7,58.6,55.6,61.5,67.9,67.9,60.7,62.7,60.6,65.3,52.9,59.1,45.5,46.5,48.1,43.6,47.1,43.9,15.0,14.9,15.7,15.5,16.0,185.8,76.5,26.4,22.0,1.0
176,73.9,67.6,0.0,64.4,66.4,65.0,84.6,63.4,68.4,65.9,78.1,70.6,73.1,74.3,72.3,68.4,75.4,73.7,75.9,63.9,68.3,60.6,51.0,57.4,48.9,60.0,51.9,21.0,23.7,22.4,20.1,22.1,171.4,60.6,29.3,7.0,72.9,64.0,49.2,59.1,60.6,65.3,75.0,63.8,62.5,65.0,76.5,71.3,73.5,72.1,68.8,70.0,76.2,75.5,70.2,62.4,66.1,55.9,52.6,58.9,54.0,59.4,52.0,19.6,18.5,19.7,18.1,19.3,173.7,65.8,28.1,12.0,2.0
177,65.0,55.5,56.5,60.3,60.8,64.8,64.9,51.3,55.5,55.3,63.4,60.9,64.1,72.4,64.9,63.5,62.3,61.5,64.5,61.0,63.9,54.1,50.0,55.8,53.0,58.3,49.8,11.0,11.0,10.7,11.3,11.3,183.1,75.8,28.3,9.0,64.2,60.3,49.8,53.4,55.3,62.7,63.4,57.9,50.3,55.7,63.2,56.7,64.7,68.6,62.2,63.6,64.1,66.6,64.7,58.2,62.1,55.8,52.9,55.5,52.4,55.7,50.2,12.3,10.9,10.3,10.9,10.7,180.7,73.9,26.9,19.0,2.0
178,54.1,49.3,60.0,51.2,51.6,56.7,64.9,42.8,53.1,54.6,59.4,56.8,61.3,62.6,69.1,62.8,58.9,62.0,62.7,47.2,55.9,41.8,40.5,47.1,42.6,42.9,36.2,22.2,22.7,20.9,20.6,25.2,179.4,74.1,27.2,10.0,60.8,55.1,64.2,53.7,55.3,58.9,67.3,50.9,56.3,58.4,63.0,58.5,63.7,66.7,67.4,64.3,62.9,64.7,67.1,53.5,57.6,47.4,46.0,52.6,45.5,47.2,43.8,16.3,17.0,16.2,16.6,19.8,181.3,73.8,26.2,19.0,1.0
179,63.1,61.2,38.0,48.1,51.4,60.0,63.9,58.9,46.7,65.2,62.9,59.0,63.6,68.8,60.9,71.1,63.0,68.1,60.8,52.6,64.9,55.0,54.9,56.6,50.6,55.9,54.3,14.7,16.8,15.4,16.0,17.2,177.9,70.7,28.7,9.0,60.6,57.7,38.0,43.8,46.8,56.8,62.2,56.0,43.6,60.5,58.2,54.8,59.7,61.1,64.0,67.1,59.4,64.4,63.4,51.1,62.5,51.5,52.9,53.8,46.2,55.2,50.2,15.6,15.8,15.6,15.7,16.8,180.2,73.3,30.8,20.0,0.0
180,63.1,58.2,47.0,45.9,48.6,58.5,63.1,55.2,48.5,59.7,61.3,56.8,69.2,66.0,63.2,73.8,66.9,71.6,60.6,48.2,62.0,49.4,46.5,53.7,46.1,55.6,48.9,16.8,15.8,15.0,14.3,15.0,178.4,71.0,27.7,11.0,57.9,55.8,42.5,42.1,43.9,56.0,59.9,51.2,43.9,55.3,58.1,52.8,67.8,62.1,62.6,70.6,66.9,67.7,62.6,48.2,56.8,47.6,45.5,47.8,41.4,51.1,44.2,15.5,15.6,14.4,14.8,14.1,177.8,70.7,26.2,21.0,0.0
181,67.2,64.8,62.0,57.6,59.1,68.8,67.2,62.3,57.0,60.2,67.6,62.3,61.8,66.0,68.6,64.0,61.1,64.7,73.8,64.1,65.8,57.4,55.3,57.7,52.2,56.9,49.8,13.3,10.8,9.0,10.2,9.3,181.2,73.6,27.7,10.0,61.6,59.7,60.2,54.5,55.9,65.0,63.3,55.8,54.0,59.2,63.1,57.8,60.8,63.5,68.7,60.6,59.4,63.4,67.1,57.9,61.4,51.8,52.1,52.3,47.5,51.1,46.0,15.1,13.9,12.2,12.9,12.4,181.4,74.2,26.9,18.0,1.0
182,60.3,55.8,43.0,42.8,46.0,61.8,54.8,45.0,44.5,54.2,55.4,51.0,61.6,58.0,64.7,65.0,63.6,65.6,66.4,58.3,60.2,48.0,51.0,50.4,47.8,43.2,46.6,14.2,10.8,13.2,10.2,14.0,183.0,77.7,25.7,6.0,60.0,52.8,48.4,50.8,53.7,65.4,59.3,48.3,52.9,53.8,58.8,56.7,61.7,60.5,68.7,63.8,61.9,63.8,66.0,58.6,58.8,47.2,48.9,50.0,48.2,44.1,45.2,14.3,9.7,11.9,11.2,11.6,183.5,78.7,26.8,13.0,1.0
183,69.7,66.5,76.0,62.6,63.2,71.0,70.6,62.5,65.0,66.8,70.5,67.5,70.5,76.5,68.0,72.8,71.1,71.1,72.9,68.5,61.8,53.5,57.3,57.4,51.5,56.0,47.8,11.4,10.2,9.8,11.2,11.5,177.2,75.1,28.9,11.0,68.7,63.2,58.8,60.5,61.0,68.8,71.2,59.6,62.8,64.4,69.9,65.5,69.3,73.9,69.1,69.5,70.8,69.7,74.0,66.2,61.9,53.9,55.0,57.9,50.6,55.3,49.1,14.5,13.5,12.3,13.3,13.8,178.3,75.3,29.4,21.0,1.0
184,75.6,75.9,27.6,49.3,53.9,65.9,74.9,73.4,53.7,69.9,75.4,59.3,77.1,67.9,68.2,72.6,77.7,73.1,72.4,72.0,76.1,68.3,69.3,75.0,64.7,66.0,67.7,12.1,9.4,11.0,9.9,11.1,177.2,73.5,36.4,8.0,72.2,70.6,38.9,52.2,55.0,65.8,71.9,66.0,57.4,66.6,73.2,64.3,73.4,70.1,65.4,73.0,74.8,70.7,69.6,64.2,69.3,60.3,61.2,65.3,61.2,61.7,53.1,12.1,10.1,10.9,10.1,10.3,176.1,71.4,31.9,18.0,2.0
185,63.9,62.4,26.6,38.2,40.6,55.4,67.4,62.2,38.6,60.3,61.9,57.0,64.4,61.7,62.0,66.2,63.1,61.4,70.1,61.8,67.9,61.2,61.7,58.6,53.8,61.0,56.7,17.3,15.6,16.0,17.1,17.0,178.3,75.2,31.9,10.0,66.7,64.2,34.5,48.6,49.9,63.3,70.1,62.3,50.2,62.6,67.6,62.7,66.2,67.1,68.4,66.8,64.9,63.3,70.4,64.9,65.8,58.7,58.0,59.0,52.1,60.6,54.6,14.1,13.3,13.7,13.9,13.7,179.4,76.3,30.4,19.0,0.0
186,77.8,76.6,37.8,52.1,54.0,64.4,74.9,71.5,52.9,76.2,74.8,70.2,81.4,73.8,67.1,76.6,79.2,80.9,74.9,66.4,74.2,66.6,72.1,68.2,65.9,65.4,67.4,9.4,10.5,9.5,11.0,9.0,178.2,74.1,37.4,8.0,73.6,70.9,44.0,47.8,48.9,60.9,73.1,68.2,49.8,70.5,71.2,65.9,73.8,70.4,68.3,72.5,72.9,74.0,69.1,59.7,71.9,61.1,67.4,63.9,61.0,63.3,61.9,14.2,15.2,13.2,14.4,15.2,177.1,72.9,34.3,16.0,1.0
187,68.2,67.9,68.7,59.1,64.1,69.8,73.9,60.6,60.1,60.1,70.5,63.5,73.7,77.0,68.9,71.1,73.1,73.2,76.4,66.1,63.8,48.4,56.2,60.4,48.6,51.9,49.7,11.0,10.1,9.2,9.9,10.9,177.5,73.6,28.8,10.0,66.4,66.3,51.1,50.6,54.6,62.3,71.4,60.8,51.8,60.4,65.4,58.5,72.7,69.3,68.4,69.8,71.6,72.4,70.7,60.6,66.3,51.6,57.2,59.9,51.7,54.4,51.2,19.1,17.0,17.5,17.6,19.1,178.0,74.5,29.8,21.0,2.0
188,76.3,78.3,51.0,46.3,53.3,74.0,79.7,86.5,46.3,85.5,82.0,71.7,80.0,78.0,74.2,80.7,82.7,82.7,79.7,67.2,75.0,83.0,74.3,76.7,76.5,76.0,79.0,7.3,10.3,15.0,14.0,12.7,180.0,74.0,36.0,4.0,77.9,77.6,47.0,41.0,47.4,66.5,77.9,79.3,38.3,78.7,79.0,71.3,77.6,72.3,71.9,79.4,75.3,80.6,71.7,61.9,74.5,78.8,75.6,74.1,70.7,74.4,72.7,9.6,10.3,13.3,13.3,11.9,179.1,74.1,34.4,8.0,0.0
189,74.8,73.8,57.6,52.3,55.8,64.2,70.4,69.2,55.2,68.7,73.2,62.6,74.5,68.4,61.0,76.0,75.2,74.8,57.0,55.5,68.3,58.8,60.3,65.2,58.0,60.0,58.0,10.0,9.7,9.8,11.8,10.7,174.5,70.0,28.0,6.0,74.6,73.6,53.3,51.2,55.4,63.5,70.1,67.8,57.0,67.4,71.6,62.1,70.3,69.8,62.2,74.9,72.8,72.6,62.3,57.9,67.9,58.9,60.4,63.4,55.1,59.5,60.4,9.8,10.3,10.3,11.7,10.6,175.8,70.0,28.8,10.0,1.0
190,69.4,48.6,50.5,57.2,57.2,66.8,69.2,43.2,59.5,53.2,65.2,64.0,56.6,68.0,69.8,55.2,57.5,50.0,78.5,67.8,65.4,46.8,42.4,50.5,49.8,55.8,44.0,11.7,9.4,11.6,10.2,12.2,182.3,77.7,26.2,6.0,69.6,53.8,50.5,56.3,58.4,71.5,71.1,48.7,56.7,57.1,68.7,65.6,59.5,66.5,72.3,57.1,61.3,55.0,74.3,67.9,65.5,51.0,49.0,53.4,52.7,54.4,48.0,11.4,9.2,11.9,10.2,12.9,182.3,77.0,31.7,9.0,1.0
191,71.8,66.0,75.7,68.5,70.2,70.7,75.3,56.5,70.5,59.2,77.2,72.0,62.7,70.5,68.4,75.3,62.0,64.5,66.8,73.7,62.5,58.0,55.8,61.0,62.7,55.3,46.2,10.0,10.8,11.5,8.3,11.8,172.3,64.2,32.2,6.0,67.7,61.3,74.0,67.0,68.3,69.8,75.8,51.5,68.8,54.7,71.7,69.5,63.3,69.1,67.6,71.3,64.6,65.4,70.8,67.9,59.9,49.9,51.8,54.8,57.1,55.1,40.6,18.5,16.7,17.8,15.5,17.4,173.5,65.9,31.0,11.0,1.0
192,70.5,62.5,43.3,52.2,54.0,68.3,76.2,68.4,57.6,58.4,63.3,53.7,67.3,70.8,72.8,60.8,70.8,63.2,72.0,70.7,76.2,67.0,60.5,56.4,49.0,65.6,65.4,10.0,8.5,10.2,11.8,9.8,182.2,77.2,38.0,6.0,70.8,64.5,50.0,56.3,58.1,70.5,74.6,64.4,57.5,57.8,66.6,58.5,66.6,71.2,74.3,65.2,69.0,62.7,69.8,69.7,71.8,59.8,57.2,57.1,50.2,61.1,55.6,11.4,9.5,11.3,11.6,10.1,180.8,73.9,34.9,12.0,2.0
193,68.3,68.6,39.0,50.0,52.8,56.4,66.0,64.2,54.0,61.8,65.0,56.9,68.7,66.9,66.1,69.7,70.3,72.3,63.5,56.6,60.7,55.6,52.3,60.0,49.9,51.3,48.7,12.0,9.0,10.5,13.2,8.2,178.0,72.4,26.3,7.0,64.2,62.5,34.0,45.2,50.9,55.4,67.9,56.2,48.8,57.4,62.5,53.6,67.7,66.2,66.1,69.6,69.1,69.8,67.1,55.9,61.5,52.6,50.5,53.8,48.2,56.1,47.0,17.5,15.2,17.2,18.4,16.2,176.9,70.8,26.9,13.0,2.0
194,65.4,61.9,62.8,59.7,60.4,67.0,74.6,56.9,61.8,61.6,67.1,62.9,69.1,71.4,68.6,73.0,67.0,70.3,72.6,57.4,70.8,51.4,59.3,64.7,55.1,55.4,53.9,18.4,18.7,18.2,19.1,19.8,175.2,69.9,28.7,9.0,69.7,65.3,59.2,56.1,59.1,65.9,75.2,59.7,60.5,64.6,69.6,64.7,67.9,73.3,71.3,71.2,65.6,68.8,71.3,59.9,70.7,56.0,59.5,66.2,54.2,57.2,52.9,16.7,17.9,16.9,17.8,17.9,177.8,71.9,30.2,19.0,2.0
195,70.0,66.0,53.4,53.6,58.7,65.5,73.4,61.7,57.3,68.7,69.8,65.2,66.6,69.9,67.5,66.7,65.6,70.1,63.1,57.3,67.2,53.2,56.5,60.4,51.0,50.1,46.6,17.7,17.7,16.8,15.4,17.6,180.8,73.0,27.4,11.0,69.8,68.1,50.9,47.2,50.5,62.0,73.1,64.3,50.7,69.0,69.4,65.4,69.6,69.7,66.7,69.8,68.9,73.0,67.9,58.4,68.6,58.4,59.1,58.8,53.1,55.0,50.2,17.6,16.6,17.3,15.8,16.8,178.9,74.0,28.8,21.0,0.0
196,71.7,67.1,51.0,54.8,57.5,64.5,69.1,58.0,56.5,64.8,65.3,61.6,74.7,73.5,75.0,70.5,72.0,74.3,72.2,62.6,68.3,63.6,56.7,58.3,50.8,55.3,57.0,11.2,12.0,10.2,9.2,9.0,179.9,75.4,28.0,9.0,66.8,61.1,49.4,54.9,57.7,63.1,68.6,53.0,53.8,60.5,66.2,60.5,67.3,67.1,76.8,65.3,68.1,66.5,70.4,64.1,65.0,56.7,52.6,54.1,50.0,55.1,51.1,14.0,14.5,12.7,11.7,13.6,180.8,76.0,30.4,17.0,1.0
197,75.5,74.9,52.8,54.8,56.9,65.5,73.8,70.7,57.3,70.4,73.7,69.6,73.0,74.5,68.1,70.3,69.6,75.3,68.2,61.4,70.0,64.5,65.1,69.0,64.0,65.4,55.6,12.7,10.2,11.7,9.8,11.5,176.0,71.6,30.9,11.0,73.5,72.8,52.8,55.5,57.1,66.5,71.8,67.2,56.9,67.1,71.7,67.6,72.5,73.9,70.5,66.6,72.3,72.4,69.9,62.4,69.0,61.6,63.7,67.3,60.9,61.2,54.4,12.3,10.5,11.2,10.2,11.1,178.0,72.5,29.3,15.0,1.0
198,64.6,59.2,41.0,47.6,49.6,58.8,75.3,55.3,53.3,60.3,67.6,59.3,68.9,68.1,64.0,70.7,69.7,71.8,78.9,54.4,69.4,52.6,54.8,55.7,52.2,56.7,49.2,25.4,25.3,25.4,25.2,26.2,175.6,70.0,33.4,9.0,62.8,57.1,40.0,51.6,53.1,62.1,74.4,53.1,56.4,60.4,66.1,60.2,65.5,68.8,67.6,64.4,67.8,66.4,75.5,58.3,66.9,50.8,53.3,52.3,50.5,55.6,46.6,22.7,21.7,22.4,22.2,22.2,180.4,75.2,32.7,18.0,1.0
199,54.8,55.2,30.0,39.4,40.2,57.3,69.4,49.9,40.3,56.2,57.8,54.6,63.0,59.9,70.6,66.1,59.1,57.1,67.6,51.9,56.1,51.9,49.3,47.5,45.8,45.6,41.9,34.0,31.7,31.4,30.8,35.0,180.7,75.9,31.3,9.0,58.9,56.9,48.4,45.0,45.9,58.8,71.3,50.1,46.3,57.4,59.9,56.1,67.4,63.7,69.3,67.3,64.7,61.5,71.9,56.7,61.2,50.4,48.4,49.0,45.8,47.4,43.7,27.9,27.9,26.9,26.1,29.2,180.3,75.4,31.8,16.0,2.0
200,73.0,70.6,37.0,54.9,65.4,70.9,71.9,65.4,60.7,67.0,72.3,66.7,74.0,78.4,70.4,70.6,71.6,71.9,61.1,60.6,63.9,59.7,59.0,61.6,52.0,57.1,52.7,10.9,10.9,10.0,9.0,10.1,179.9,74.0,26.0,7.0,70.8,67.5,50.5,51.6,59.9,71.9,70.9,61.5,57.5,64.5,69.9,64.0,68.0,69.3,70.7,67.5,68.3,66.5,63.5,60.7,68.0,60.5,60.9,61.8,57.9,61.1,56.8,9.8,11.5,10.2,8.2,9.7,180.0,75.5,29.3,14.0,0.0
201,77.5,66.5,48.4,36.7,43.0,49.5,78.3,75.0,42.3,71.3,76.8,65.0,76.8,81.5,60.3,78.2,76.8,80.5,50.0,67.3,71.2,66.3,61.8,60.7,53.0,66.8,64.5,12.3,6.2,13.8,7.2,8.8,174.3,70.3,30.8,6.0,67.2,56.8,47.3,43.5,49.5,53.6,75.3,66.4,47.8,62.9,72.0,61.4,72.1,75.9,64.1,75.8,72.3,73.6,54.0,65.1,57.4,57.9,53.1,53.6,47.4,60.1,57.0,20.8,7.7,12.4,7.4,8.6,176.6,72.4,29.2,10.0,0.0
202,79.0,0.0,41.0,23.0,32.0,39.0,82.0,81.0,31.0,77.0,80.0,64.0,79.0,88.0,59.0,78.0,79.0,83.0,44.0,68.0,72.0,70.0,61.0,65.0,53.0,76.0,74.0,14.0,6.0,15.0,6.0,9.0,178.0,73.0,33.0,1.0,70.4,61.3,41.0,48.2,53.4,62.0,72.0,61.8,53.0,58.2,71.0,68.4,63.2,71.8,66.2,62.6,67.8,70.0,50.4,67.4,67.0,51.4,54.2,64.6,53.8,58.2,61.8,12.4,8.6,14.0,9.0,9.6,181.2,76.6,28.0,5.0,1.0
203,0.0,0.0,0.0,0.0,0.0,0.0,0.0,0.0,0.0,0.0,0.0,0.0,0.0,0.0,0.0,0.0,0.0,0.0,0.0,0.0,0.0,0.0,0.0,0.0,0.0,0.0,0.0,0.0,0.0,0.0,0.0,0.0,0.0,0.0,0.0,0.0,48.0,60.0,62.0,70.0,69.0,50.0,55.0,38.0,52.0,50.0,27.0,27.0,71.0,70.0,59.0,63.0,65.0,56.0,70.0,40.0,50.0,25.0,30.0,30.0,60.0,42.0,22.0,12.0,12.0,6.0,8.0,8.0,182.0,73.0,26.0,1.0,0.0
204,69.9,64.7,68.0,63.0,66.3,73.3,71.2,58.9,65.8,62.0,70.8,65.6,68.7,78.2,71.2,65.7,68.8,66.3,70.2,66.8,65.2,51.6,57.6,57.6,53.8,55.0,53.1,9.3,9.2,10.6,10.4,11.3,181.3,74.6,30.8,9.0,66.7,60.1,58.6,58.9,62.3,67.4,66.6,53.7,60.9,57.7,67.7,63.0,66.2,71.1,67.4,65.5,67.0,65.6,71.3,59.8,59.6,46.6,50.0,54.6,48.6,48.1,46.2,9.8,10.1,10.4,10.7,10.7,181.5,75.5,29.1,19.0,2.0
205,56.7,55.2,29.5,44.3,46.3,59.9,70.0,57.4,48.5,54.0,58.2,55.1,64.1,66.4,68.1,64.7,67.1,60.6,71.2,58.8,51.9,47.1,44.1,46.3,39.2,45.1,41.2,23.4,25.1,26.3,23.0,25.0,180.4,76.2,28.3,9.0,59.6,56.4,38.0,47.0,48.6,60.8,67.7,53.2,49.8,54.7,60.0,55.0,64.6,65.2,64.9,64.8,65.7,62.1,68.6,55.8,56.1,47.3,46.1,50.1,42.9,47.7,44.9,20.5,21.5,21.3,20.1,21.3,181.4,75.4,27.1,18.0,2.0
206,66.6,61.8,43.0,63.8,67.6,70.8,75.2,60.4,65.2,59.6,71.2,64.0,64.4,70.1,70.5,66.9,68.8,61.8,72.3,65.9,65.1,52.7,59.9,53.2,55.1,60.2,58.3,16.2,10.0,11.3,10.0,11.6,180.5,77.8,35.2,10.0,64.3,60.0,38.2,54.0,58.5,64.2,74.4,55.5,55.8,56.2,65.5,59.8,62.8,66.0,69.4,65.6,64.1,64.7,71.3,61.0,66.3,51.8,55.2,50.2,50.4,54.8,51.6,19.6,18.1,17.4,16.7,18.4,181.3,76.3,32.0,21.0,0.0
207,49.7,48.6,34.3,33.0,39.2,53.1,69.8,41.8,37.0,55.0,49.9,41.9,57.1,57.7,77.7,51.0,60.1,59.0,61.7,46.1,58.0,43.1,43.1,38.2,36.7,36.2,32.8,39.1,39.0,41.8,40.3,45.8,186.6,83.5,29.1,8.0,61.2,59.1,43.6,44.2,49.1,56.8,71.4,56.5,47.1,59.6,59.9,52.8,62.0,65.2,74.9,60.9,64.2,64.0,67.9,56.9,63.4,53.2,53.0,50.5,47.2,52.2,47.1,23.4,23.8,24.0,22.7,25.5,181.1,77.0,29.5,17.0,0.0
208,77.3,73.2,25.0,58.8,60.9,67.7,74.7,67.0,58.6,64.5,77.6,63.5,71.7,76.2,70.6,73.5,72.9,71.0,68.6,66.4,68.1,60.3,58.9,66.2,56.9,55.5,53.7,11.8,8.5,11.9,11.2,9.7,176.4,72.5,33.6,10.0,66.2,62.6,37.8,50.7,52.4,61.1,72.6,57.6,51.2,57.8,67.7,55.9,68.2,68.4,71.2,64.0,69.6,64.8,67.4,59.6,61.3,51.4,49.3,54.0,48.5,51.1,43.6,18.9,17.1,18.4,17.4,18.2,179.3,74.6,31.3,18.0,1.0
209,70.3,70.3,69.0,58.3,60.1,64.3,69.8,65.6,57.2,68.7,70.0,68.6,73.6,69.2,68.7,68.4,73.7,69.6,64.2,61.1,67.6,59.0,59.7,61.7,52.7,57.6,50.6,10.3,11.2,10.8,10.8,9.8,180.6,74.7,28.9,9.0,65.2,62.9,66.8,57.4,58.4,66.8,69.7,58.2,56.9,58.8,65.5,62.9,71.4,68.8,70.8,68.5,71.0,69.1,69.5,60.4,63.6,51.5,54.1,52.9,46.2,53.1,45.5,14.5,14.0,14.4,13.8,13.5,179.8,74.9,29.6,17.0,0.0
210,74.2,74.1,0.0,53.2,57.3,64.9,74.1,68.9,56.7,70.5,72.8,67.9,76.3,76.2,64.5,70.0,74.9,76.1,65.9,55.5,73.6,60.6,69.2,70.1,62.4,61.6,58.9,10.5,12.0,9.8,10.2,10.2,177.8,70.2,28.5,11.0,72.3,71.7,51.5,51.1,55.5,65.9,72.9,65.5,58.2,68.8,71.7,66.1,75.5,75.3,65.8,70.9,73.5,74.2,66.1,55.8,71.5,59.7,67.6,67.2,62.7,60.1,58.3,10.3,11.7,10.1,9.9,10.7,177.9,72.1,29.5,16.0,1.0
211,0.0,0.0,0.0,0.0,0.0,0.0,0.0,0.0,0.0,0.0,0.0,0.0,0.0,0.0,0.0,0.0,0.0,0.0,0.0,0.0,0.0,0.0,0.0,0.0,0.0,0.0,0.0,0.0,0.0,0.0,0.0,0.0,0.0,0.0,0.0,0.0,75.5,75.0,34.0,61.0,57.0,54.0,69.5,73.0,56.5,71.0,74.5,70.0,69.5,62.0,62.5,73.0,67.5,72.5,59.5,55.5,74.0,64.5,72.0,75.5,66.5,66.5,70.5,7.5,10.0,9.0,8.5,10.0,178.5,75.0,32.0,2.0,2.0
212,69.3,66.7,50.3,54.3,51.3,73.0,66.0,60.0,61.0,62.0,65.3,58.0,72.0,69.3,66.3,69.7,70.7,69.3,69.3,66.0,67.0,56.7,62.3,53.7,52.3,47.0,53.3,9.7,9.0,12.3,9.7,8.3,176.0,72.0,30.3,3.0,67.6,65.2,52.0,52.6,52.3,66.4,65.0,61.1,51.4,58.2,64.4,57.1,71.9,71.8,68.1,69.0,70.1,71.3,68.9,63.0,66.7,55.8,60.2,56.6,49.3,53.6,52.0,9.8,9.2,10.4,9.4,9.2,179.2,73.1,28.7,9.0,1.0
213,78.7,73.7,61.5,59.0,67.0,65.3,79.0,65.3,53.3,75.3,81.0,76.0,79.7,72.7,83.7,73.7,74.7,74.7,69.0,66.7,76.3,70.0,77.0,69.0,76.0,74.7,67.3,11.0,11.0,10.3,8.3,10.7,177.7,76.0,42.3,3.0,67.3,63.4,51.2,57.3,61.3,60.1,72.1,56.9,55.3,62.0,69.6,64.7,72.6,69.6,76.0,71.9,69.1,69.6,62.9,54.0,64.0,52.7,58.7,56.6,56.7,53.9,49.9,19.4,18.3,19.0,19.4,18.6,179.3,76.3,34.6,7.0,1.0
214,57.0,44.8,59.8,63.0,59.0,64.0,60.8,42.8,54.2,43.5,60.6,60.2,69.0,69.4,68.6,60.8,68.6,61.8,68.2,61.2,61.8,40.0,42.6,46.0,36.6,42.8,38.8,13.2,11.6,12.0,9.8,10.0,183.6,77.8,23.4,5.0,57.6,50.5,52.0,55.2,54.1,63.5,63.3,46.4,51.2,48.1,59.8,57.5,70.3,66.5,63.6,64.4,71.8,66.5,69.1,52.5,63.8,43.4,49.4,49.6,42.6,46.6,45.1,13.7,14.5,17.6,14.8,16.4,181.2,75.5,25.2,11.0,0.0
215,59.8,54.8,46.0,36.0,41.8,58.2,72.5,55.5,44.5,66.0,69.0,64.5,52.0,46.8,60.7,67.5,46.8,66.2,70.2,54.2,64.5,49.2,50.2,52.2,47.8,53.5,52.5,28.2,26.0,29.0,26.0,29.5,182.2,76.0,36.0,4.0,52.2,46.0,55.6,46.8,49.5,55.0,61.0,43.0,49.3,48.7,57.5,54.4,54.8,54.5,65.0,64.7,53.4,61.8,66.7,50.2,53.4,37.3,38.5,44.6,36.6,39.9,38.7,20.3,18.8,20.7,19.5,20.8,182.8,78.4,29.2,12.0,0.0
216,55.0,53.0,32.4,38.6,41.7,50.4,64.9,45.7,37.7,54.3,55.9,49.0,62.5,60.5,65.4,61.9,64.6,60.1,65.4,43.0,62.0,48.9,48.5,41.9,46.2,48.0,41.4,27.4,25.5,27.3,27.9,29.6,178.1,74.9,25.6,8.0,62.7,59.0,29.7,37.1,40.2,55.5,67.9,56.3,39.7,61.7,62.6,54.4,65.6,64.4,65.0,65.1,67.3,65.8,64.6,50.0,64.5,55.2,54.7,51.2,50.6,54.0,50.9,20.2,18.0,19.4,18.9,21.6,179.5,74.0,27.4,14.0,1.0
217,65.7,62.0,75.0,59.0,62.0,67.8,71.7,49.5,59.7,48.0,66.7,60.0,72.2,71.7,74.8,69.8,74.8,66.0,76.5,72.5,64.0,50.8,47.5,48.0,42.8,51.8,45.0,5.8,13.2,9.2,9.8,9.2,178.2,70.0,28.0,4.0,63.4,61.5,46.2,44.6,45.5,57.1,67.8,51.8,43.4,53.4,60.4,55.5,66.6,59.8,69.3,64.5,67.9,59.8,64.6,56.5,63.0,47.2,45.0,48.2,39.6,52.0,44.6,14.6,17.5,15.8,14.6,15.6,179.7,75.0,26.7,11.0,1.0
218,63.5,59.8,61.7,55.0,56.3,58.8,75.5,49.0,56.9,58.0,64.7,59.2,68.4,68.7,70.7,67.5,68.5,67.3,68.2,61.7,59.2,47.6,46.5,49.4,46.1,52.9,45.8,24.4,24.4,24.2,21.4,25.4,179.5,72.5,30.4,10.0,65.4,59.3,40.7,45.0,45.1,56.5,74.0,53.0,48.3,59.0,64.5,55.9,66.1,65.0,70.0,65.2,67.4,67.1,67.0,57.7,62.8,50.7,50.0,51.5,47.6,53.7,48.7,24.1,24.6,23.9,22.9,25.1,179.8,72.3,29.2,20.0,1.0
219,76.0,77.0,0.0,41.0,42.3,60.7,75.7,76.3,47.3,73.3,73.3,68.3,84.3,83.7,75.0,83.3,86.0,84.7,73.0,57.7,76.0,68.3,74.0,74.3,72.7,69.0,62.0,10.7,11.0,11.0,11.3,13.3,176.0,71.7,32.0,3.0,68.1,67.1,39.3,35.1,40.4,49.7,71.0,67.2,41.9,66.6,65.9,60.1,70.9,68.7,66.4,71.6,73.3,71.0,64.8,56.0,68.1,63.4,61.8,61.1,60.1,64.1,57.1,15.0,15.1,16.3,16.4,16.6,177.8,72.4,29.6,9.0,0.0
220,78.0,74.5,45.0,20.5,29.5,63.0,69.0,77.5,23.5,73.0,72.0,65.5,69.0,50.5,65.0,66.5,69.5,76.0,74.5,66.5,75.0,73.5,69.0,66.0,69.5,73.0,75.0,11.5,13.5,11.5,13.0,9.0,184.5,85.5,35.0,2.0,66.5,68.9,44.3,52.3,55.1,66.9,71.9,66.0,52.1,66.4,70.7,64.2,70.0,64.5,73.5,65.4,73.0,71.7,74.1,67.4,64.1,61.1,62.9,61.6,58.4,59.7,58.7,21.4,11.3,10.9,11.4,9.6,183.3,79.4,31.4,9.0,0.0
221,74.0,72.1,0.0,61.4,66.7,71.4,73.4,61.0,67.0,66.4,73.6,69.3,74.9,77.9,69.9,71.0,75.6,72.3,66.9,61.9,64.6,57.9,57.4,62.7,50.7,53.0,51.6,11.1,10.4,11.6,9.6,9.0,179.9,72.3,26.9,7.0,74.9,73.8,52.8,57.5,60.9,67.8,73.7,66.7,61.3,68.8,73.7,69.5,73.7,75.8,68.8,70.6,71.9,74.1,67.6,61.6,67.9,61.9,62.1,66.4,58.8,60.3,53.9,12.1,10.3,11.6,9.7,10.5,177.5,71.9,29.3,18.0,0.0
222,64.1,58.7,76.0,52.5,53.3,60.7,74.2,50.3,53.3,59.0,63.2,58.0,73.1,68.1,67.5,68.7,73.0,67.3,77.7,62.9,67.0,48.5,47.0,51.0,45.8,49.7,46.2,21.0,22.2,20.8,19.8,21.5,179.9,74.9,32.3,7.0,65.3,61.1,51.2,46.3,47.9,58.6,75.3,56.7,50.6,61.9,66.1,57.1,72.6,68.7,65.1,70.1,72.6,71.9,78.1,58.8,69.8,54.3,54.7,55.9,52.2,55.7,50.6,23.5,23.9,24.0,23.4,24.3,177.1,71.8,34.9,16.0,2.0
223,75.0,76.7,0.0,35.0,38.3,57.0,72.3,71.7,39.0,70.7,70.0,62.7,81.0,69.7,63.7,76.3,82.3,81.3,76.0,62.7,72.0,71.3,69.7,61.3,57.3,65.0,63.7,9.3,13.7,12.3,13.3,12.0,180.0,71.3,24.3,3.0,56.3,51.4,62.5,46.6,48.1,55.1,60.1,46.9,46.8,50.1,57.0,53.8,64.0,62.1,65.6,67.7,64.6,66.1,69.4,53.1,55.7,43.4,45.1,45.8,39.1,42.7,42.4,15.1,15.2,15.1,16.0,15.7,182.5,76.9,24.9,10.0,1.0
224,66.3,64.8,56.0,51.8,53.8,58.8,73.7,59.8,58.0,65.2,67.3,62.3,66.5,70.3,66.3,73.2,63.2,70.7,67.5,52.8,71.3,54.5,59.5,61.0,54.5,55.2,52.2,22.0,23.8,19.7,23.2,22.2,176.8,71.2,26.0,6.0,66.7,66.9,50.5,48.4,49.7,59.2,71.6,59.8,50.6,63.9,68.0,62.4,69.6,68.8,63.8,73.7,67.0,73.0,66.2,54.4,67.9,55.7,59.2,59.7,53.3,55.8,52.6,18.9,18.4,16.4,18.4,17.3,177.3,71.3,26.7,11.0,2.0
225,59.4,56.2,42.0,48.8,50.8,56.3,66.8,48.4,50.2,61.2,62.3,59.9,64.3,67.7,69.8,65.6,61.8,64.0,68.7,47.8,64.1,42.7,54.2,61.4,54.3,51.6,46.2,23.9,24.4,23.1,22.2,24.2,181.7,77.8,30.6,9.0,62.6,58.8,28.0,44.9,48.3,59.8,72.4,52.0,47.9,62.1,65.1,60.8,68.8,68.4,69.3,66.4,66.4,66.2,71.5,51.4,65.5,45.5,49.6,56.4,47.7,51.4,46.5,25.8,27.1,25.8,25.6,26.5,181.5,75.5,30.4,17.0,0.0
226,64.2,64.5,39.6,33.8,38.3,47.5,69.0,60.7,40.0,56.3,61.3,53.5,77.3,63.0,60.5,71.7,74.3,71.2,64.3,52.8,68.0,60.3,59.3,59.2,50.5,60.0,54.3,22.3,20.0,20.8,22.8,19.8,178.2,72.5,27.7,6.0,59.9,58.3,38.3,33.7,40.6,45.9,66.4,55.7,39.0,57.9,60.1,53.6,70.7,59.8,62.2,66.6,68.0,68.4,65.6,51.4,65.0,57.1,53.3,55.8,52.9,56.6,52.7,22.3,18.6,20.6,23.2,20.5,177.2,73.0,29.2,12.0,1.0
227,52.0,48.7,54.0,58.8,61.0,67.7,62.7,39.3,60.2,50.5,60.5,57.7,59.7,68.3,74.8,55.5,60.5,61.0,72.8,58.3,49.8,36.0,38.0,42.0,34.3,37.5,37.7,21.2,22.3,19.7,17.0,18.7,186.8,79.2,27.5,6.0,58.4,51.3,41.0,52.7,54.3,67.0,63.9,47.9,54.2,56.1,62.2,59.5,57.5,66.9,74.1,59.5,60.1,59.2,71.6,59.2,59.5,45.3,46.8,46.2,41.9,46.9,43.2,20.2,18.7,16.7,17.4,17.4,184.9,79.3,29.2,16.0,0.0
228,66.6,62.5,51.2,52.5,54.4,60.4,65.2,58.2,52.4,59.7,68.4,61.2,63.1,67.1,61.3,66.4,64.0,70.5,69.6,60.5,58.8,55.0,53.2,55.0,46.5,55.6,48.1,10.2,11.2,9.9,9.6,10.0,176.5,72.1,29.0,11.0,68.0,65.7,55.6,52.0,55.1,63.1,68.7,62.9,51.7,61.8,69.3,62.7,68.3,70.6,65.7,66.9,68.8,71.8,71.8,62.8,63.1,55.6,57.5,59.0,50.6,57.9,50.2,10.4,11.3,10.6,9.9,10.8,177.3,72.7,29.3,21.0,0.0
229,73.1,71.1,18.0,46.8,51.3,66.1,72.0,65.7,50.0,65.3,69.2,63.6,72.6,71.7,66.6,71.2,72.4,73.8,66.4,67.4,73.8,62.0,61.9,65.0,56.3,63.8,62.8,9.4,11.9,10.2,10.4,10.3,178.3,75.8,30.8,9.0,66.7,62.8,50.6,45.2,49.3,61.5,71.5,57.2,49.7,62.2,66.8,61.9,66.6,67.7,67.1,64.9,67.8,66.8,66.2,62.1,65.7,56.9,56.2,56.1,51.8,57.3,52.4,18.4,17.8,16.9,17.7,17.8,179.7,76.9,30.6,20.0,1.0
230,64.6,57.4,25.0,47.0,46.0,55.6,75.0,49.6,43.2,64.0,66.2,61.4,62.4,61.4,74.0,58.6,64.4,57.8,64.8,62.8,65.4,46.2,49.6,44.2,44.4,57.4,44.4,27.0,25.4,26.4,23.6,24.8,186.2,82.0,27.0,5.0,65.9,61.2,36.4,49.2,49.7,57.9,71.7,53.3,48.7,60.1,65.4,61.9,69.2,68.8,74.9,63.2,67.1,65.0,68.5,59.0,65.9,52.5,56.8,52.0,50.3,59.3,45.5,20.7,20.9,20.9,18.9,21.1,183.8,80.1,28.4,12.0,0.0
231,64.0,62.9,52.6,55.7,55.2,62.8,67.3,50.2,53.8,58.4,66.1,61.0,65.7,62.1,63.9,63.1,62.7,64.9,65.9,54.3,61.7,48.8,53.3,45.6,45.1,49.4,46.8,16.2,17.8,17.7,17.9,18.2,180.8,76.2,25.7,9.0,65.2,63.8,52.6,45.6,46.6,58.8,72.3,55.4,46.6,61.6,65.9,58.6,68.9,63.1,63.7,64.1,67.0,66.4,63.9,54.8,65.4,52.1,53.4,52.2,46.2,53.4,51.5,21.2,22.3,21.8,22.7,22.6,181.3,76.9,26.9,17.0,2.0
232,73.6,68.4,56.4,52.9,57.9,64.9,75.8,62.3,59.3,67.4,71.9,66.4,66.9,74.9,74.1,69.5,64.4,67.4,70.1,62.1,70.7,60.1,59.7,67.5,53.3,58.7,52.1,15.2,17.3,15.7,16.6,16.3,180.2,73.8,31.6,10.0,68.7,63.5,55.2,48.0,51.4,62.1,76.5,59.7,54.2,65.3,68.3,61.7,66.6,72.5,69.6,69.1,66.8,68.8,71.3,58.8,69.2,56.0,54.9,60.7,50.8,57.9,49.5,20.3,21.3,20.9,21.7,21.9,179.0,72.6,30.6,19.0,0.0
233,63.3,56.7,45.1,50.6,54.3,61.5,74.1,49.7,53.5,65.9,67.8,64.1,68.3,64.3,70.6,68.4,65.6,72.8,73.5,51.7,60.7,45.6,42.4,49.7,40.4,47.5,41.8,29.5,29.1,30.4,28.0,30.1,177.6,74.0,35.5,10.0,67.2,61.4,46.8,49.8,54.3,62.2,73.7,55.5,53.5,66.2,68.5,64.2,68.0,67.0,68.7,68.0,66.5,72.3,69.3,54.4,64.2,51.6,50.5,54.3,47.2,50.6,45.7,23.7,23.8,23.6,22.0,24.3,179.2,73.4,31.6,20.0,1.0
234,80.2,74.4,52.0,54.2,61.0,71.6,78.4,75.4,58.0,70.8,79.4,70.0,75.4,67.0,69.0,75.0,74.6,74.6,73.8,63.2,73.0,69.6,67.0,73.0,64.6,57.6,62.2,10.2,12.0,13.6,11.0,11.0,169.4,63.8,28.6,5.0,78.6,72.9,52.0,62.4,68.1,66.9,81.4,69.4,66.1,69.9,79.4,71.8,75.7,72.6,67.5,72.1,73.6,73.0,71.8,64.5,72.6,62.2,62.4,68.1,58.4,56.2,56.2,16.0,15.8,16.5,16.2,16.1,169.1,61.1,28.0,16.0,1.0
235,63.6,53.9,46.2,46.4,50.9,46.3,75.1,47.6,50.3,62.0,62.4,52.9,55.3,64.3,60.4,72.9,60.9,67.9,65.6,55.9,63.0,48.3,47.7,41.0,45.0,53.0,38.1,27.1,28.4,29.4,28.3,28.9,169.3,61.6,28.9,7.0,67.1,62.2,44.6,42.4,47.0,49.7,73.4,55.4,46.9,65.6,65.8,58.4,63.1,64.5,61.4,74.3,64.8,68.2,63.1,53.4,63.6,54.7,56.0,52.3,51.9,55.0,47.5,22.1,23.4,24.2,23.1,23.1,173.0,65.7,28.1,15.0,1.0
236,69.4,61.3,0.0,51.1,51.3,56.6,71.4,54.8,47.3,61.0,67.4,60.8,70.7,65.2,69.1,59.6,70.7,64.3,60.2,60.8,62.3,55.3,58.7,57.4,55.8,58.2,51.2,15.1,15.7,16.3,16.2,16.9,171.9,63.9,25.0,9.0,65.7,59.1,37.0,51.9,51.6,56.1,70.9,55.9,48.4,59.7,66.7,60.0,66.5,64.4,71.6,63.7,67.5,64.6,63.6,57.5,63.3,54.1,55.4,54.6,51.6,56.0,48.5,17.9,18.3,18.9,19.2,19.8,173.1,66.1,26.6,14.0,2.0
237,67.8,62.9,10.0,55.1,59.9,62.2,75.2,61.6,57.0,59.4,69.0,59.5,71.0,68.8,67.4,73.0,69.8,66.4,66.8,55.1,61.9,52.5,56.6,55.4,51.6,50.1,45.1,18.4,19.6,21.1,21.1,21.5,172.8,64.4,29.5,8.0,65.9,61.3,34.7,49.6,53.2,62.6,69.9,60.3,51.5,57.2,65.9,56.6,67.7,68.1,70.0,68.6,67.3,64.5,67.8,59.4,63.9,52.5,55.7,53.1,50.8,54.0,47.8,15.1,14.6,15.7,15.0,15.6,176.8,70.0,29.3,18.0,1.0
238,71.8,70.8,21.0,32.0,34.5,45.8,65.2,60.5,38.2,60.8,68.8,56.5,76.0,62.5,68.7,62.8,81.0,74.5,66.0,64.8,65.0,58.5,54.5,51.2,45.0,59.5,50.5,9.8,9.0,9.5,8.8,11.5,182.2,81.5,28.2,4.0,74.6,73.3,40.7,41.1,45.7,52.0,69.7,67.1,49.9,66.0,71.3,60.0,76.4,69.1,73.8,68.7,81.3,75.1,69.0,64.6,68.7,64.3,62.6,56.9,50.4,63.4,55.9,10.9,10.9,9.6,9.4,10.6,179.4,76.4,28.4,7.0,1.0
239,63.5,66.0,30.5,23.5,22.5,54.0,51.0,58.0,21.0,48.5,54.5,43.0,68.5,44.5,67.5,72.5,64.0,73.0,46.5,52.5,69.0,60.0,62.3,50.0,42.5,64.5,59.0,12.0,10.7,10.5,13.0,13.5,178.0,75.0,29.0,3.0,67.8,68.8,37.0,30.0,34.6,49.9,58.5,63.2,32.4,59.2,60.4,51.2,68.8,53.0,66.5,62.8,65.2,70.2,52.0,55.5,69.0,61.6,61.3,59.2,47.8,61.6,59.4,13.0,12.6,11.2,9.8,12.0,180.0,77.1,29.0,7.0,2.0
240,78.2,74.5,57.0,55.0,54.8,73.2,76.5,50.5,53.5,73.8,75.0,68.0,72.8,77.2,77.8,60.0,71.0,71.8,66.5,72.0,76.5,69.5,73.2,72.2,72.8,72.0,70.2,9.8,10.8,11.8,13.8,12.0,177.5,75.2,38.0,4.0,72.1,70.7,39.7,46.0,48.7,59.2,66.8,55.8,44.7,64.8,70.2,59.7,68.4,67.1,65.1,68.7,68.8,71.8,63.8,60.8,66.3,62.3,62.8,63.4,59.8,64.8,60.3,9.4,11.6,11.8,11.9,10.8,175.3,71.2,32.9,9.0,0.0
241,51.0,55.0,59.0,47.0,52.6,57.2,53.4,49.2,47.5,46.5,49.0,45.2,69.2,62.8,60.8,69.5,70.8,61.8,60.8,52.6,46.5,39.8,39.5,45.2,35.8,45.6,38.0,9.4,8.6,11.6,9.8,10.6,177.6,70.8,24.4,5.0,56.0,56.2,50.0,45.6,49.4,55.0,57.6,47.9,45.3,44.5,49.7,47.5,62.2,62.5,66.8,63.0,63.2,55.3,63.3,57.1,52.3,42.5,44.7,42.0,34.2,46.4,38.2,10.5,9.1,11.6,9.9,10.0,179.5,73.5,27.2,8.0,1.0
242,70.2,69.3,32.0,39.2,40.2,54.3,65.8,64.5,36.3,61.0,66.8,62.3,69.3,66.8,62.3,74.2,67.8,74.3,66.5,51.0,67.7,60.8,59.7,64.7,57.3,59.3,54.2,10.7,9.8,10.0,9.0,10.2,178.2,69.0,26.5,6.0,63.8,63.4,32.2,36.6,38.1,55.8,67.1,60.5,38.0,57.5,61.0,55.2,68.2,65.3,65.3,70.6,70.8,72.5,69.5,55.1,64.2,55.9,55.8,60.4,51.0,57.5,53.5,14.1,13.5,12.5,13.3,13.5,178.9,72.1,26.8,13.0,0.0
243,60.3,58.1,37.0,53.8,55.2,63.0,61.8,49.8,50.5,57.2,60.0,56.9,67.3,60.4,64.0,67.0,65.6,66.1,64.4,50.2,62.2,43.9,44.9,53.2,45.1,49.8,41.6,18.1,18.1,20.0,19.1,19.1,180.1,75.2,30.4,9.0,59.6,55.6,44.0,51.7,52.9,62.4,63.3,50.7,50.1,56.8,59.6,56.2,65.2,63.1,66.2,67.1,64.3,64.1,65.5,51.1,62.3,46.1,49.6,52.0,47.6,48.7,43.7,17.6,18.9,19.3,19.4,20.1,180.8,75.9,29.8,18.0,0.0
244,62.8,59.2,42.3,50.2,50.4,58.6,70.8,53.0,48.2,55.9,64.4,57.6,61.1,64.1,71.3,64.2,61.4,64.2,65.1,62.1,64.9,51.9,57.4,56.2,54.0,53.6,49.4,18.4,19.0,18.9,17.6,19.8,182.5,78.6,31.4,8.0,64.0,62.2,42.3,51.3,52.5,61.0,71.4,55.6,51.3,59.9,65.5,60.4,67.6,69.1,70.2,66.1,67.9,68.7,66.9,58.2,65.0,50.4,54.6,55.7,50.7,54.1,47.4,17.5,18.2,17.4,17.5,18.1,182.2,75.6,28.8,18.0,0.0
245,67.3,64.5,43.7,45.8,48.8,62.5,64.3,61.0,41.7,56.5,63.2,53.2,71.2,69.8,73.0,68.2,69.3,69.0,70.5,63.7,67.8,56.7,57.7,57.3,44.3,58.5,53.0,9.5,10.5,9.7,10.7,10.2,182.0,75.5,27.0,6.0,60.7,56.7,43.7,41.3,43.7,59.0,65.1,54.3,39.1,55.6,59.1,50.6,69.3,65.0,74.3,65.1,67.7,67.3,71.4,56.6,65.4,50.4,51.3,51.3,40.0,56.4,47.3,19.3,20.1,19.7,18.9,20.1,182.9,76.9,28.9,7.0,2.0
246,60.0,56.0,44.3,32.4,36.4,48.5,67.0,48.6,33.6,56.2,59.5,52.3,71.2,65.2,65.7,58.0,69.2,67.4,68.4,52.2,67.7,51.0,58.5,46.4,43.4,52.8,48.2,27.2,20.8,22.2,22.0,24.4,180.8,75.3,30.0,6.0,54.7,50.3,40.0,36.8,40.0,45.1,68.3,44.7,35.5,56.1,55.8,53.3,66.4,62.5,66.7,56.6,67.2,63.0,68.9,49.7,60.3,44.8,49.9,44.4,38.5,49.3,47.1,28.6,22.8,24.8,23.3,26.0,183.5,78.0,30.1,11.0,1.0
247,74.0,74.3,0.0,28.3,27.3,50.0,71.0,75.3,24.7,59.7,66.7,55.0,82.0,73.3,72.3,62.7,82.3,74.7,70.0,69.3,72.3,76.3,69.7,62.0,51.0,69.3,68.3,10.7,10.7,10.0,14.3,10.0,183.0,73.7,26.3,3.0,75.8,75.2,31.0,27.8,25.5,52.5,72.8,77.0,24.5,64.2,69.5,56.8,83.5,75.2,70.5,69.8,83.5,76.5,65.0,68.5,74.0,76.8,71.2,66.5,57.8,71.5,70.2,10.5,10.0,10.5,13.5,9.8,182.0,73.2,28.2,4.0,1.0
248,72.5,73.8,62.0,50.8,53.5,54.0,64.8,63.8,43.0,65.2,68.5,62.0,77.2,75.0,63.8,75.2,75.5,76.8,56.5,50.5,62.5,57.2,61.5,64.5,55.8,52.5,50.0,11.0,8.0,11.2,14.0,8.5,177.2,70.8,28.5,4.0,64.5,66.5,43.5,42.5,47.0,52.3,65.2,58.2,36.0,60.2,63.5,56.8,73.7,67.5,67.2,69.5,71.5,73.7,61.2,44.8,60.8,54.7,57.5,58.3,51.8,51.8,48.0,20.0,18.0,19.0,23.8,18.3,177.5,71.7,29.8,6.0,1.0
249,66.2,66.5,32.3,47.5,50.5,59.4,64.3,66.7,45.5,57.3,63.3,54.7,67.0,68.0,62.3,64.2,66.7,70.4,65.3,58.8,63.1,60.5,57.8,56.7,53.7,56.5,54.5,12.5,10.4,9.7,10.6,10.0,177.9,72.6,26.2,11.0,60.4,58.3,43.4,49.4,51.0,58.1,64.6,54.8,49.3,56.0,61.4,55.7,64.3,65.4,65.7,63.5,63.0,66.2,64.0,53.3,59.7,51.6,49.6,51.9,48.4,49.7,45.4,17.1,16.2,15.3,15.6,17.6,178.6,73.3,26.7,21.0,0.0
250,66.6,56.2,48.5,52.0,54.0,66.8,63.9,52.8,49.3,58.8,63.3,60.4,63.8,65.8,65.1,59.5,62.3,61.3,62.7,63.4,62.0,50.1,46.7,55.7,51.9,52.0,45.2,12.2,11.0,9.7,11.2,11.7,183.9,75.9,28.3,9.0,64.8,58.9,45.0,49.7,52.5,63.2,63.9,56.5,47.7,62.7,63.1,59.6,63.6,67.4,62.8,65.6,62.7,65.4,61.5,57.6,63.5,52.9,51.3,56.2,51.1,54.3,50.7,13.5,14.2,13.1,14.1,15.0,180.9,73.3,28.5,18.0,2.0
251,54.6,49.1,52.2,51.0,54.2,61.4,62.5,39.7,53.4,51.1,60.8,59.1,58.3,63.4,71.5,55.7,59.8,54.7,67.3,60.6,55.6,39.3,44.9,47.4,41.7,41.3,37.4,16.7,17.9,16.9,14.0,15.2,187.0,77.2,27.4,9.0,56.0,50.0,51.5,49.9,52.5,62.3,60.0,40.5,51.9,51.6,59.7,56.1,60.9,62.0,69.4,60.2,61.9,58.5,68.1,60.3,58.7,39.3,47.5,46.7,42.7,41.6,40.9,14.6,14.5,15.2,12.1,14.5,185.2,77.8,27.5,17.0,2.0
252,55.3,48.8,65.3,53.9,57.6,60.9,67.3,39.7,58.5,50.9,57.7,51.7,59.3,61.9,74.2,63.3,60.6,58.9,65.9,50.8,53.5,32.7,38.8,45.7,41.3,44.4,37.3,22.1,22.6,20.6,21.3,23.2,182.3,76.4,29.0,10.0,61.1,54.4,60.7,58.2,63.1,65.2,68.2,46.3,63.5,53.1,64.8,56.9,64.8,67.2,71.6,64.7,66.4,63.8,69.3,58.8,54.7,36.8,42.1,47.3,43.4,48.3,40.7,17.5,17.6,15.1,16.1,17.3,181.3,75.5,29.3,19.0,0.0
253,69.0,68.4,48.0,56.4,60.9,60.4,68.3,65.6,58.4,63.3,72.2,69.5,72.8,73.3,61.4,76.4,74.6,72.7,70.7,53.3,62.6,55.6,56.8,60.0,56.3,57.4,43.7,11.4,10.5,10.2,10.7,12.0,173.9,69.3,28.9,10.0,68.7,67.3,45.9,51.1,55.6,58.2,70.3,65.2,55.3,65.5,70.8,65.7,72.0,71.8,63.3,74.0,72.4,73.8,70.8,54.1,64.7,55.9,57.2,61.7,57.2,59.5,48.8,15.1,14.6,14.4,15.3,15.3,175.9,70.8,31.8,18.0,1.0
254,62.2,60.9,49.2,53.6,57.7,58.5,72.0,57.7,56.4,60.3,59.1,60.3,66.5,65.1,65.6,76.0,66.9,72.4,66.3,49.0,60.9,45.8,48.4,57.1,46.5,50.4,46.6,21.0,23.1,21.4,20.7,20.4,173.4,70.4,28.1,8.0,68.2,64.2,51.2,51.2,52.6,62.2,74.9,61.8,54.1,66.1,65.6,65.3,66.0,65.4,67.4,74.8,65.9,71.4,69.4,55.9,66.1,55.5,57.3,58.9,52.6,57.4,55.3,18.8,20.6,18.9,18.4,19.6,174.9,71.9,28.1,17.0,1.0
255,58.8,55.3,35.6,33.3,35.4,44.4,66.4,52.5,36.2,56.6,54.4,48.9,65.4,55.9,58.5,69.0,63.2,63.9,59.3,45.3,62.2,52.2,49.9,53.5,47.2,54.6,43.6,21.7,21.4,20.6,20.5,22.7,176.4,71.0,26.4,10.0,60.9,57.6,41.7,39.0,40.3,52.4,70.2,53.8,42.7,59.0,58.1,53.2,67.8,62.2,63.1,67.3,65.8,66.2,63.1,47.7,66.3,52.3,54.5,54.3,50.6,56.3,46.5,23.2,22.4,22.3,21.1,24.0,177.0,72.7,28.4,20.0,2.0
256,74.8,68.9,44.8,58.3,60.8,71.6,76.8,63.4,59.7,64.3,73.9,68.2,70.9,71.6,73.2,66.2,74.3,67.4,75.6,72.7,73.1,62.1,68.1,60.1,59.0,65.0,60.1,10.2,11.6,11.1,11.5,12.7,180.7,74.5,28.2,11.0,70.3,64.9,49.0,55.5,57.3,67.5,73.8,60.9,57.2,63.9,71.2,64.6,72.0,69.5,71.0,66.5,74.3,68.4,72.9,67.0,66.3,56.3,59.6,57.2,55.6,59.3,53.0,13.0,13.8,13.5,13.4,14.2,179.8,74.2,30.4,21.0,1.0
257,74.2,70.4,47.6,57.9,58.6,68.2,72.8,60.8,61.1,66.2,74.7,69.4,63.2,71.5,68.8,70.0,64.8,70.2,69.0,65.9,71.4,55.8,62.1,64.1,58.5,57.0,57.5,11.0,12.1,10.7,12.7,11.4,180.5,75.5,30.2,11.0,71.7,66.4,53.0,61.0,62.1,66.5,73.2,58.6,63.1,64.9,72.5,66.4,66.0,71.2,69.9,69.2,67.7,69.0,70.3,64.6,67.0,52.6,56.1,58.5,53.2,54.9,50.0,14.2,15.7,13.8,15.2,14.4,180.4,75.1,29.9,20.0,0.0
258,54.4,47.7,60.3,40.0,42.0,58.4,69.5,45.8,40.1,54.5,57.9,53.7,61.1,58.9,73.1,55.8,61.6,57.8,71.2,53.8,65.3,40.4,43.0,43.2,36.3,42.6,38.7,30.6,30.5,32.1,31.9,32.9,181.5,78.0,30.7,11.0,53.8,46.6,60.3,40.7,42.4,55.1,71.1,42.3,42.2,54.1,57.1,53.4,61.1,57.1,71.1,60.4,62.0,59.4,72.6,48.9,63.1,36.2,38.7,42.1,36.3,41.6,35.5,34.2,32.8,34.5,35.8,36.2,178.7,75.3,30.6,19.0,0.0
259,48.6,45.3,50.5,41.0,40.0,53.7,69.0,41.3,40.7,45.4,52.0,42.1,62.3,56.6,74.9,52.4,63.7,55.6,68.6,52.7,54.7,34.7,35.7,34.4,33.9,43.4,30.6,29.9,31.0,29.0,27.6,30.9,184.9,80.3,28.1,7.0,62.0,60.4,62.5,51.6,52.6,59.9,69.2,56.3,51.9,59.5,63.4,58.6,68.6,64.8,71.4,63.2,68.5,64.6,66.1,56.8,63.3,51.8,51.5,50.8,46.4,54.5,43.9,18.8,19.5,18.1,17.7,18.3,180.6,75.4,28.5,17.0,2.0
260,84.0,82.3,65.0,40.3,49.0,64.0,79.7,79.3,34.3,80.7,83.3,79.7,80.7,71.3,66.7,85.7,72.0,85.3,69.0,54.3,77.0,80.7,82.0,80.0,80.0,76.0,74.7,11.3,10.3,12.3,12.3,11.0,175.7,72.0,35.0,3.0,80.6,76.6,58.8,48.7,53.2,65.7,79.4,72.0,50.6,75.5,79.5,76.8,77.1,72.0,75.4,79.8,75.5,81.2,71.5,64.9,75.2,68.5,74.8,74.4,72.9,71.4,69.2,12.9,11.0,10.7,11.2,11.2,177.3,73.6,37.9,10.0,1.0
261,53.0,49.8,26.8,28.2,31.2,44.2,61.2,54.2,27.0,57.5,53.5,45.2,62.2,54.2,62.0,55.0,62.8,64.2,60.0,50.2,55.2,54.5,46.5,52.0,43.0,51.5,51.0,24.2,25.0,23.2,24.0,29.5,182.2,75.8,26.8,4.0,61.4,60.3,38.0,45.0,46.0,56.7,67.5,59.5,41.6,61.7,61.8,57.0,68.8,63.0,61.7,61.4,68.3,70.6,67.0,59.5,58.0,54.9,52.9,59.3,48.8,55.7,52.3,18.0,20.3,19.0,18.7,22.1,178.9,73.0,27.4,8.0,0.0
262,61.9,57.2,49.7,51.0,58.0,61.8,65.9,49.7,54.7,50.8,63.8,63.0,59.6,62.9,66.8,68.7,57.4,62.5,69.7,62.6,51.6,46.6,47.3,49.8,45.4,50.7,43.5,19.6,15.6,10.2,8.8,10.7,180.8,76.2,29.5,8.0,60.6,57.3,45.9,49.4,54.2,58.5,61.2,48.2,51.6,51.3,62.3,58.8,61.9,62.8,63.7,67.7,61.3,64.8,69.6,57.8,50.7,45.3,46.4,48.6,43.3,49.6,40.4,14.9,13.2,10.1,10.0,10.8,179.7,73.8,27.2,14.0,0.0
263,66.6,63.4,60.2,50.3,55.4,58.8,71.2,61.1,53.1,65.1,69.0,62.1,71.3,67.0,69.2,69.2,69.7,72.5,66.8,55.3,66.8,57.4,58.3,58.8,52.1,55.4,50.1,17.3,16.7,16.2,15.4,17.0,176.3,69.6,26.7,10.0,69.8,67.1,54.5,48.3,53.4,61.5,72.7,64.8,51.4,67.7,71.0,63.2,73.6,70.3,70.2,69.1,71.8,72.6,68.8,57.3,69.7,60.4,60.7,60.6,52.2,55.9,53.9,16.8,16.3,16.1,16.4,17.6,177.2,70.9,26.8,21.0,2.0
264,69.6,70.5,46.5,41.5,43.2,58.1,72.8,66.6,44.8,69.3,69.1,65.5,72.8,69.4,65.8,73.1,71.9,75.6,72.2,59.6,70.1,63.1,61.9,57.3,55.0,59.4,53.4,17.4,15.6,17.7,16.1,16.1,176.7,75.0,30.4,10.0,66.9,67.5,46.2,40.6,42.6,57.8,70.4,61.9,43.4,64.5,66.5,61.4,69.1,68.5,67.5,70.1,69.5,71.2,69.3,58.1,67.0,60.6,58.4,54.7,50.8,55.0,51.6,18.2,16.8,18.1,17.2,17.6,178.5,75.4,28.6,18.0,1.0
265,65.1,59.3,36.0,54.7,57.9,66.1,67.7,50.7,58.9,56.9,66.1,60.7,68.6,67.8,70.3,61.8,69.0,62.7,67.4,64.3,54.0,49.6,49.6,53.5,50.0,54.7,43.3,11.1,10.2,10.2,11.5,10.1,178.6,73.6,29.1,10.0,68.1,63.6,46.0,53.6,57.3,67.6,68.9,58.3,58.1,61.0,68.1,62.3,70.6,67.4,71.3,63.9,70.6,65.5,66.3,63.5,61.8,56.7,56.9,59.8,56.2,59.5,49.9,10.9,10.9,11.1,10.7,10.5,177.8,72.0,29.6,15.0,2.0
266,64.6,61.7,34.3,40.2,42.9,50.3,68.2,59.7,38.7,54.9,63.8,52.4,68.3,70.7,61.1,74.8,68.1,73.8,70.2,56.8,67.0,59.3,57.8,55.4,53.2,59.2,54.0,16.7,15.2,16.2,13.2,16.2,172.6,67.8,28.9,9.0,61.7,58.8,34.3,41.7,45.7,53.9,65.6,55.6,42.6,55.7,61.9,55.3,66.9,67.8,61.3,70.1,68.2,69.9,69.5,53.7,63.6,52.3,52.8,50.3,48.6,52.4,46.5,18.0,16.8,17.7,15.0,17.3,175.2,70.0,28.3,15.0,2.0
