,name,Ball_Control,Dribbling,Marking,Slide_Tackle,Stand_Tackle,Aggression,Reactions,Att_Position,Interceptions,Vision,Short_Pass,Long_Pass,Acceleration,Stamina,Strength,Balance,Sprint_Speed,Agility,Jumping,Heading,Shot_Power,Finishing,Long_Shots,Curve,FK_Acc,Penalties,Volleys,GK_Positioning,GK_Diving,GK_Handling,GK_Kicking,GK_Reflexes,Height,Weight,Age
0,Skov Olsen,78.0,78.0,,31.0,37.0,62.0,66.0,74.0,34.0,68.0,70.0,70.0,90.0,74.0,67.0,77.0,82.0,76.0,69.0,64.0,80.0,73.0,77.0,78.0,72.0,68.0,75.0,7.0,13.0,8.0,7.0,11.0,188.0,75.0,23.0
1,Driussi,,,,,,,,,,,,,,,,,,,,,,,,,,,,,,,,,,,
2,Zardes,67.0,69.0,,30.0,50.0,62.0,70.0,76.0,37.0,59.0,60.0,45.0,79.0,80.0,77,50.0,86.0,76.0,85.0,66.0,77.0,70.0,64.0,60.0,39.0,68.0,65.0,14.0,11.0,7.0,11.0,11.0,188.0,80.0,31.0
3,Fagundez,70.0,50.0,74.0,68.0,77.0,83.0,79.0,36.0,70.0,52.0,77.0,76.0,58.0,88.0,80,76.0,70.0,77.0,81.0,60.0,65.0,45.0,62.0,47.0,44.0,62.0,53.0,16.0,7.0,12.0,10.0,9.0,176.0,76.0,36.0
4,Pereira,83.0,81.0,,83.0,84.0,79.0,82.0,77.0,79.0,77.0,82.0,77.0,78.0,72.0,69,79.0,76.0,76.0,75.0,69.0,74.0,66.0,64.0,78.0,52.0,61.0,59.0,11.0,16.0,12.0,15.0,11.0,175.0,70.0,29.0
5,Wolff,75.0,72.0,,46.0,28.0,44.0,77.0,77.0,38.0,77.0,80.0,74.0,63.0,54.0,41,68.0,66.0,83.0,32.0,37.0,69.0,71.0,75.0,84.0,71.0,61.0,73.0,8.0,12.0,9.0,10.0,15.0,184.0,69.0,32.0
6,Finlay,66.0,64.0,,23.0,37.0,57.0,66.0,66.0,42.0,65.0,67.0,54.0,79.0,71.0,59,69.0,77.0,68.0,62.0,58.0,68.0,62.0,60.0,68.0,49.0,58.0,51.0,7.0,16.0,10.0,10.0,12.0,175.0,73.0,32.0
7,Gallagher,,,,,,,,,,,,,,,,,,,,,,,,,,,,,,,,,,,
8,Radovanovic,71.0,65.0,,70.0,76.0,79.0,71.0,61.0,76.0,68.0,72.0,70.0,34.0,55.0,76,55.0,53.0,54.0,70.0,71.0,84.0,42.0,77.0,65.0,62.0,58.0,56.0,5.0,5.0,6.0,6.0,5.0,187.0,80.0,34.0
9,Cascante,,,,,,,,,,,,,,,,,,,,,,,,,,,,,,,,,,,
10,Lima,82.0,83.0,39.0,51.0,49.0,45.0,76.0,78.0,28.0,84.0,83.0,84.0,83.0,71.0,49,82.0,78.0,80.0,55.0,51.0,68.0,66.0,74.0,83.0,78.0,72.0,64.0,8.0,16.0,9.0,16.0,13.0,175.0,69.0,28.0
11,Stuver,,,,,,,,,,,,,,,,,,,,,,,,,,,,,,,,,,,
12,Velasco,80.0,81.0,,77.0,80.0,75.0,80.0,77.0,77.0,76.0,78.0,73.0,75.0,53.0,53,87.0,73.0,80.0,74.0,56.0,70.0,63.0,62.0,78.0,51.0,53.0,61.0,11.0,8.0,9.0,12.0,16.0,170.0,67.0,30.0
13,Endeley,,,,,,,,,,,,,,,,,,,,,,,,,,,,,,,,,,,
14,Junqua,53.0,65.0,,66.0,68.0,74.0,57.0,60.0,68.0,35.0,54.0,52.0,52.0,66.0,66,58.0,62.0,56.0,69.0,44.0,41.0,25.0,48.0,52.0,59.0,30.0,28.0,12.0,8.0,14.0,12.0,6.0,183.0,79.0,26.0
15,Cerrillo,64.0,62.0,64.0,60.0,66.0,65.0,64.0,68.0,67.0,62.0,67.0,65.0,34.0,72.0,90,33.0,39.0,31.0,41.0,68.0,70.0,61.0,62.0,36.0,35.0,67.0,35.0,8.0,10.0,8.0,13.0,14.0,190.0,86.0,28.0
16,Quignón,78.0,73.0,,68.0,71.0,77.0,66.0,53.0,66.0,65.0,75.0,70.0,69.0,79.0,69,67.0,57.0,71.0,80.0,72.0,69.0,46.0,54.0,59.0,51.0,57.0,53.0,7.0,14.0,7.0,15.0,10.0,178.0,73.0,30.0
17,Smith,90.0,87.0,,38.0,42.0,65.0,90.0,90.0,43.0,80.0,71.0,62.0,84.0,79.0,70,90.0,86.0,89.0,56.0,49.0,82.0,88.0,83.0,74.0,60.0,67.0,75.0,13.0,12.0,13.0,13.0,6.0,168.0,58.0,22.0
18,Farfan,72.0,74.0,,29.0,43.0,73.0,74.0,75.0,39.0,75.0,73.0,70.0,78.0,30.0,78,62.0,75.0,73.0,73.0,72.0,75.0,73.0,70.0,82.0,75.0,76.0,69.0,12.0,15.0,12.0,5.0,15.0,177.0,85.0,38.0
19,Burgess,60.0,45.0,,68.0,73.0,73.0,68.0,25.0,73.0,46.0,68.0,73.0,43.0,73.0,Traits,54.0,45.0,37.0,53.0,81.0,46.0,36.0,21.0,26.0,25.0,34.0,29.0,6.0,6.0,13.0,9.0,9.0,196.0,84.0,31.0
20,Ibeagha,44.0,46.0,,66.0,65.0,61.0,64.0,20.0,55.0,32.0,65.0,55.0,71.0,53.0,79,42.0,70.0,31.0,68.0,63.0,39.0,22.0,22.0,29.0,28.0,30.0,20.0,15.0,12.0,6.0,6.0,11.0,188.0,85.0,31.0
21,de Jesus Rocha,,,,,,,,,,,,,,,,,,,,,,,,,,,,,,,,,,,
22,Paes,62.0,44.0,,81.0,78.0,88.0,79.0,24.0,77.0,47.0,68.0,72.0,67.0,63.0,74,59.0,69.0,49.0,88.0,76.0,43.0,51.0,51.0,54.0,50.0,66.0,44.0,8.0,9.0,14.0,13.0,10.0,182.0,79.0,23.0
23,Kaito Abe,,,,,,,,,,,,,,,,,,,,,,,,,,,,,,,,,,,
24,Shohei Aihara,,,,,,,,,,,,,,,,,,,,,,,,,,,,,,,,,,,
25,Takuro Ezaki,,,,,,,,,,,,,,,,,,,,,,,,,,,,,,,,,,,
26,Rei Hirakawa,65.0,61.0,46.0,41.0,46.0,35.0,56.0,60.0,36.0,66.0,67.0,60.0,69.0,51.0,69,69.0,68.0,67.0,55.0,45.0,53.0,48.0,36.0,46.0,51.0,42.0,47.0,10.0,11.0,12.0,8.0,6.0,177.0,72.0,21.0
27,Shuhei Kamimura,,,,,,,,,,,,,,,,,,,,,,,,,,,,,,,,,,,
28,Rimu Matsuoka,,,,,,,,,,,,,,,,,,,,,,,,,,,,,,,,,,,
29,Yuki Omoto,55.0,49.0,46.0,50.0,47.0,46.0,55.0,50.0,53.0,46.0,56.0,54.0,65.0,54.0,47,67.0,63.0,67.0,56.0,46.0,45.0,33.0,37.0,42.0,32.0,45.0,36.0,8.0,7.0,6.0,11.0,11.0,174.0,63.0,24.0
30,Ryotaro Onishi,,,,,,,,,,,,,,,,,,,,,,,,,,,,,,,,,,,
31,Takuya Shimamura,,,,,,,,,,,,,,,,,,,,,,,,,,,,,,,,,,,
32,Yuhi Takemoto,,,,,,,,,,,,,,,,,,,,,,,,,,,,,,,,,,,
33,Ryuga Tashiro,,,,,,,,,,,,,,,,,,,,,,,,,,,,,,,,,,,
34,Takuma Abe,66.0,66.0,37.0,38.0,42.0,58.0,63.0,66.0,50.0,61.0,64.0,59.0,53.0,69.0,67,83.0,52.0,73.0,80.0,61.0,63.0,67.0,64.0,53.0,55.0,58.0,57.0,12.0,15.0,16.0,14.0,9.0,171.0,72.0,32.0
35,Ryota Araki,,,,,,,,,,,,,,,,,,,,,,,,,,,,,,,,,,,
36,Shiryu Fujiwara,63.0,70.0,45.0,40.0,44.0,58.0,59.0,63.0,32.0,38.0,53.0,49.0,68.0,63.0,42,82.0,71.0,64.0,53.0,31.0,59.0,58.0,54.0,45.0,53.0,52.0,50.0,14.0,14.0,12.0,13.0,15.0,170.0,63.0,21.0
37,Sho Iwamoto,,,,,,,,,,,,,,,,,,,,,,,,,,,,,,,,,,,
38,Keiji Kagiyama,,,,,,,,,,,,,,,,,,,,,,,,,,,,,,,,,,,
39,Mu Kanazaki,63.0,62.0,41.0,25.0,24.0,69.0,63.0,71.0,31.0,62.0,65.0,52.0,75.0,59.0,72,65.0,74.0,79.0,71.0,63.0,68.0,67.0,62.0,65.0,50.0,74.0,65.0,12.0,12.0,14.0,11.0,11.0,182.0,77.0,33.0
40,Rin Morita,,,,,,,,,,,,,,,,,,,,,,,,,,,,,,,,,,,
41,Junto Taguchi,15.0,10.0,8.0,12.0,14.0,28.0,48.0,4.0,10.0,31.0,20.0,27.0,15.0,20.0,43,49.0,28.0,35.0,57.0,14.0,16.0,8.0,5.0,12.0,13.0,17.0,7.0,43.0,48.0,50.0,51.0,46.0,181.0,72.0,21.0
42,Takayuki Takayasu,,,,,,,,,,,,,,,,,,,,,,,,,,,,,,,,,,,
43,Yu Tomidokoro,,,,,,,,,,,,,,,,,,,,,,,,,,,,,,,,,,,
44,Makito Uehara,,,,,,,,,,,,,,,,,,,,,,,,,,,,,,,,,,,
45,Mizuki Arai,68.0,65.0,,51.0,54.0,47.0,64.0,63.0,50.0,63.0,64.0,66.0,70.0,60.0,33,85.0,73.0,74.0,53.0,40.0,56.0,60.0,54.0,53.0,48.0,44.0,51.0,14.0,7.0,6.0,11.0,6.0,170.0,72.0,26.0
46,Kento Hashimoto,,,,,,,,,,,,,,,,,,,,,,,,,,,,,,,,,,,
47,Akinori Ichikawa,15.0,10.0,8.0,13.0,14.0,26.0,51.0,5.0,12.0,46.0,19.0,25.0,28.0,17.0,80,27.0,17.0,24.0,37.0,12.0,39.0,7.0,6.0,14.0,12.0,15.0,8.0,48.0,63.0,58.0,52.0,62.0,190.0,86.0,23.0
48,Sho Ito,66.0,61.0,36.0,14.0,12.0,78.0,71.0,70.0,21.0,42.0,56.0,31.0,56.0,86.0,76,55.0,51.0,74.0,79.0,61.0,70.0,69.0,68.0,61.0,55.0,44.0,71.0,9.0,11.0,8.0,7.0,16.0,184.0,76.0,33.0
49,Takumi Nakamura,63.0,57.0,54.0,55.0,57.0,59.0,57.0,63.0,59.0,52.0,65.0,62.0,67.0,73.0,66,66.0,65.0,65.0,58.0,45.0,38.0,23.0,36.0,27.0,31.0,38.0,18.0,8.0,6.0,7.0,13.0,9.0,179.0,70.0,21.0
50,Taiga Nishiyama,33.0,26.0,45.0,50.0,58.0,65.0,50.0,25.0,47.0,25.0,34.0,40.0,63.0,53.0,60,58.0,58.0,48.0,66.0,60.0,48.0,20.0,32.0,26.0,26.0,31.0,22.0,11.0,10.0,12.0,5.0,9.0,180.0,69.0,20.0
51,Koki Sakamoto,,,,,,,,,,,,,,,,,,,,,,,,,,,,,,,,,,,
52,Kazuma Takai,,,,,,,,,,,,,,,,,,,,,,,,,,,,,,,,,,,
53,Eijiro Takeda,,,,,,,,,,,,,,,,,,,,,,,,,,,,,,,,,,,
54,Takuya Wada,66.0,61.0,62.0,68.0,66.0,66.0,61.0,52.0,59.0,65.0,73.0,68.0,55.0,70.0,48,82.0,56.0,73.0,79.0,54.0,56.0,47.0,45.0,39.0,43.0,38.0,37.0,5.0,15.0,7.0,14.0,5.0,170.0,63.0,32.0
55,Towa Yamane,,,,,,,,,,,,,,,,,,,,,,,,,,,,,,,,,,,
56,Daisuke Fukagawa,,,,,,,,,,,,,,,,,,,,,,,,,,,,,,,,,,,
57,Agashi Inaba,,,,,,,,,,,,,,,,,,,,,,,,,,,,,,,,,,,
58,Toi Kagami,,,,,,,,,,,,,,,,,,,,,,,,,,,,,,,,,,,
59,Sota Kiri,,,,,,,,,,,,,,,,,,,,,,,,,,,,,,,,,,,
60,Koki Matsubara,,,,,,,,,,,,,,,,,,,,,,,,,,,,,,,,,,,
61,Takuto Minami,59.0,63.0,25.0,19.0,22.0,51.0,40.0,45.0,35.0,47.0,56.0,42.0,80.0,31.0,39,72.0,73.0,66.0,42.0,44.0,48.0,53.0,37.0,52.0,34.0,42.0,51.0,14.0,8.0,13.0,12.0,11.0,175.0,66.0,20.0
62,Tsuyoshi Miyaichi,,,,,,,,,,,,,,,,,,,,,,,,,,,,,,,,,,,
63,Ryo Saito,,,,,,,,,,,,,,,,,,,,,,,,,,,,,,,,,,,
64,Tatsuya Tabira,41.0,31.0,41.0,52.0,54.0,68.0,36.0,21.0,43.0,24.0,45.0,43.0,53.0,52.0,73,46.0,58.0,51.0,56.0,51.0,53.0,21.0,18.0,22.0,24.0,25.0,19.0,12.0,14.0,11.0,11.0,9.0,188.0,80.0,19.0
65,Masashi Wada,47.0,53.0,22.0,10.0,16.0,28.0,55.0,55.0,18.0,43.0,37.0,26.0,78.0,65.0,73,67.0,76.0,67.0,69.0,50.0,57.0,63.0,50.0,47.0,34.0,57.0,37.0,14.0,9.0,12.0,12.0,11.0,177.0,74.0,22.0
66,Tsubasa Yuge,,,,,,,,,,,,,,,,,,,,,,,,,,,,,,,,,,,
67,Juan Alegría,,,,,,,,,,,,,,,,,,,,,,,,,,,,,,,,,,,
68,Florian Baak,45.0,41.0,58.0,59.0,63.0,68.0,55.0,26.0,55.0,42.0,52.0,44.0,51.0,47.0,78,50.0,49.0,46.0,70.0,62.0,57.0,29.0,21.0,30.0,24.0,35.0,24.0,8.0,15.0,13.0,7.0,8.0,191.0,90.0,22.0
69,Roman Eremenko,80.0,78.0,59.0,58.0,56.0,63.0,68.0,73.0,46.0,85.0,83.0,78.0,69.0,66.0,72,73.0,68.0,70.0,71.0,43.0,82.0,69.0,78.0,74.0,73.0,61.0,85.0,6.0,15.0,10.0,13.0,10.0,185.0,80.0,32.0
70,Aldayr Hernandez,,,,,,,,,,,,,,,,,,,,,,,,,,,,,,,,,,,
71,Florian Krebs,59.0,58.0,46.0,47.0,54.0,46.0,59.0,45.0,49.0,59.0,65.0,64.0,63.0,59.0,64,54.0,57.0,60.0,53.0,43.0,45.0,39.0,38.0,45.0,38.0,37.0,40.0,8.0,15.0,10.0,12.0,12.0,188.0,71.0,23.0
72,Mateo Ortíz,62.0,52.0,,62.0,65.0,66.0,58.0,43.0,63.0,60.0,65.0,58.0,65.0,60.0,70,70.0,70.0,62.0,59.0,59.0,49.0,27.0,29.0,38.0,37.0,39.0,28.0,6.0,8.0,5.0,5.0,7.0,182.0,75.0,23.0
73,Paunio Roope,,,,,,,,,,,,,,,,,,,,,,,,,,,,,,,,,,,
74,Lucas Kaufmann,,,,,,,,,,,,,,,,,,,,,,,,,,,,,,,,,,,
75,Matias Rale,,,,,,,,,,,,,,,,,,,,,,,,,,,,,,,,,,,
76,Niilo Saarikivi,,,,,,,,,,,,,,,,,,,,,,,,,,,,,,,,,,,
77,Elias Äijälä,,,,,,,,,,,,,,,,,,,,,,,,,,,,,,,,,,,
78,Niko Nurmi,,,,,,,,,,,,,,,,,,,,,,,,,,,,,,,,,,,
79,Eero Vuorjoki,,,,,,,,,,,,,,,,,,,,,,,,,,,,,,,,,,,
80,Mikael Anttila,,,,,,,,,,,,,,,,,,,,,,,,,,,,,,,,,,,
81,Halil Bağcı,,,,,,,,,,,,,,,,,,,,,,,,,,,,,,,,,,,
82,Frans Grönlund,,,,,,,,,,,,,,,,,,,,,,,,,,,,,,,,,,,
83,Jonatan Guseff,,,,,,,,,,,,,,,,,,,,,,,,,,,,,,,,,,,
84,Jesse Huhtala,,,,,,,,,,,,,,,,,,,,,,,,,,,,,,,,,,,
85,Oskari Jakonen,,,,,,,,,,,,,,,,,,,,,,,,,,,,,,,,,,,
86,Michael John,72.0,74.0,,25.0,27.0,27.0,59.0,65.0,20.0,67.0,65.0,50.0,84.0,62.0,46,85.0,85.0,88.0,58.0,51.0,67.0,63.0,64.0,68.0,63.0,57.0,57.0,8.0,10.0,15.0,9.0,12.0,178.0,66.0,24.0
87,Mikke Louhela,,,,,,,,,,,,,,,,,,,,,,,,,,,,,,,,,,,
88,Joonas Meura,,,,,,,,,,,,,,,,,,,,,,,,,,,,,,,,,,,
89,Roope Pyyskanen,,,,,,,,,,,,,,,,,,,,,,,,,,,,,,,,,,,
90,Topi Sistonen,,,,,,,,,,,,,,,,,,,,,,,,,,,,,,,,,,,
91,Mikael Almen,,,,,,,,,,,,,,,,,,,,,,,,,,,,,,,,,,,
92,Bismark Ampofo,,,,,,,,,,,,,,,,,,,,,,,,,,,,,,,,,,,
93,Rodrigo Arciero,,,,,,,,,,,,,,,,,,,,,,,,,,,,,,,,,,,
94,Petteri Forsell,,,,,,,,,,,,,,,,,,,,,,,,,,,,,,,,,,,
95,Juuso Hamalainen,,,,,,,,,,,,,,,,,,,,,,,,,,,,,,,,,,,
96,Tommi Jyry,,,,,,,,,,,,,,,,,,,,,,,,,,,,,,,,,,,
97,Luka Kuittinen,,,,,,,,,,,,,,,,,,,,,,,,,,,,,,,,,,,
98,Dimitri Legbo,,,,,,,,,,,,,,,,,,,,,,,,,,,,,,,,,,,
99,Matias Ojala,,,,,,,,,,,,,,,,,,,,,,,,,,,,,,,,,,,
100,Matias Riikonen,,,,,,,,,,,,,,,,,,,,,,,,,,,,,,,,,,,
101,Darren Smith,,,,,,,,,,,,,,,,,,,,,,,,,,,,,,,,,,,
102,Jack De Vries,59.0,62.0,,28.0,27.0,32.0,47.0,54.0,16.0,58.0,63.0,51.0,81.0,43.0,64,71.0,82.0,71.0,34.0,57.0,58.0,59.0,55.0,57.0,51.0,49.0,49.0,7.0,9.0,14.0,10.0,8.0,178.0,66.0,21.0
103,Daan Klinkenberg,50.0,40.0,58.0,62.0,63.0,59.0,55.0,29.0,57.0,38.0,56.0,45.0,61.0,62.0,75,52.0,54.0,39.0,76.0,58.0,46.0,18.0,24.0,34.0,23.0,34.0,21.0,9.0,6.0,13.0,5.0,10.0,186.0,80.0,25.0
104,Johannes Laaksonen,,,,,,,,,,,,,,,,,,,,,,,,,,,,,,,,,,,
105,Juho Lehtiranta,,,,,,,,,,,,,,,,,,,,,,,,,,,,,,,,,,,
106,Joni Mäkelä,,,,,,,,,,,,,,,,,,,,,,,,,,,,,,,,,,,
107,Matias Niemelä,12.0,6.0,8.0,10.0,10.0,25.0,30.0,7.0,14.0,37.0,17.0,26.0,29.0,18.0,52,36.0,16.0,31.0,46.0,12.0,43.0,5.0,8.0,11.0,10.0,14.0,6.0,46.0,54.0,59.0,57.0,55.0,189.0,75.0,19.0
108,Lassi Nurmos,,,,,,,,,,,,,,,,,,,,,,,,,,,,,,,,,,,
109,Michael Ogungbaro,,,,,,,,,,,,,,,,,,,,,,,,,,,,,,,,,,,
110,David Ramadingaye,,,,,,,,,,,,,,,,,,,,,,,,,,,,,,,,,,,
111,Simo Roiha,,,,,,,,,,,,,,,,,,,,,,,,,,,,,,,,,,,
112,Gabriel Sandberg,,,,,,,,,,,,,,,,,,,,,,,,,,,,,,,,,,,
113,Enoch Adu,,,,,,,,,,,,,,,,,,,,,,,,,,,,,,,,,,,
114,Artur Atarah,,,,,,,,,,,,,,,,,,,,,,,,,,,,,,,,,,,
115,Gerson Lima,,,,,,,,,,,,,,,,,,,,,,,,,,,,,,,,,,,
116,Stanislav Efimov,,,,,,,,,,,,,,,,,,,,,,,,,,,,,,,,,,,
117,Jeannot Esua,,,,,,,,,,,,,,,,,,,,,,,,,,,,,,,,,,,
118,Fahad Mohamed,,,,,,,,,,,,,,,,,,,,,,,,,,,,,,,,,,,
119,Abdoulaye Kanté,,,,,,,,,,,,,,,,,,,,,,,,,,,,,,,,,,,
120,Luc Tabi Manga,,,,,,,,,,,,,,,,,,,,,,,,,,,,,,,,,,,
121,Alexander Leksell,,,,,,,,,,,,,,,,,,,,,,,,,,,,,,,,,,,
122,Simon Lindholm,,,,,,,,,,,,,,,,,,,,,,,,,,,,,,,,,,,
123,Roni Pietsalo,,,,,,,,,,,,,,,,,,,,,,,,,,,,,,,,,,,
124,Gagua,,,,,,,,,,,,,,,,,,,,,,,,,,,,,,,,,,,
125,Moistsrapishvili,,,,,,,,,,,,,,,,,,,,,,,,,,,,,,,,,,,
126,Tsitaishvili,73.0,75.0,,37.0,35.0,29.0,58.0,58.0,29.0,63.0,62.0,59.0,90.0,68.0,39,90.0,84.0,87.0,47.0,32.0,57.0,65.0,57.0,38.0,37.0,54.0,40.0,13.0,9.0,9.0,8.0,12.0,171.0,63.0,22.0
127,Gagnidze,67.0,68.0,,64.0,66.0,51.0,57.0,70.0,61.0,64.0,68.0,65.0,72.0,70.0,64,61.0,74.0,76.0,62.0,67.0,66.0,52.0,59.0,57.0,43.0,52.0,61.0,12.0,14.0,10.0,12.0,8.0,180.0,75.0,22.0
128,Mekvabishvili,,,,,,,,,,,,,,,,,,,,,,,,,,,,,,,,,,,
129,Guliashvili,,,,,,,,,,,,,,,,,,,,,,,,,,,,,,,,,,,
130,Kalandadze,,,,,,,,,,,,,,,,,,,,,,,,,,,,,,,,,,,
131,Gelashvili,64.0,,17.0,20.0,25.0,65.0,62.0,,37.0,,57.0,49.0,,52.0,67,69.0,68.0,72.0,64.0,64.0,,,60.0,49.0,52.0,56.0,55.0,12.0,5.0,6.0,11.0,5.0,185.0,73.0,28.0
132,Sazonov,57.0,48.0,32.0,34.0,26.0,45.0,61.0,48.0,24.0,48.0,57.0,53.0,62.0,55.0,61,73.0,55.0,68.0,,42.0,45.0,45.0,48.0,50.0,29.0,49.0,37.0,12.0,7.0,13.0,14.0,12.0,176.0,72.0,19.0
133,Khvadagiani,,,,,,,,,,,,,,,,,,,,,,,,,,,,,,,,,,,
134,Kutaladze,,,,,,,,,,,,,,,,,,,,,,,,,,,,,,,,,,,
135,Neto,24.0,19.0,,15.0,14.0,40.0,77.0,11.0,15.0,42.0,36.0,41.0,56.0,40.0,61,49.0,52.0,59.0,83.0,14.0,58.0,15.0,20.0,12.0,13.0,22.0,12.0,78.0,80.0,78.0,77.0,79.0,190.0,84.0,33.0
136,Carvalho Oliveira,74.0,77.0,,22.0,29.0,86.0,75.0,76.0,36.0,65.0,66.0,59.0,79.0,79.0,80,76.0,77.0,72.0,80.0,75.0,81.0,76.0,70.0,55.0,48.0,65.0,70.0,9.0,5.0,8.0,6.0,15.0,183.0,74.0,23.0
137,Sousa,25.0,15.0,,12.0,19.0,38.0,84.0,15.0,21.0,64.0,40.0,31.0,48.0,45.0,68,58.0,54.0,55.0,73.0,10.0,62.0,13.0,12.0,12.0,13.0,24.0,8.0,86.0,78.0,81.0,82.0,90.0,183.0,79.0,34.0
138,André Almeida,73.0,72.0,,72.0,75.0,76.0,71.0,70.0,77.0,72.0,80.0,75.0,58.0,61.0,78,60.0,63.0,66.0,77.0,73.0,76.0,58.0,67.0,78.0,42.0,43.0,54.0,12.0,14.0,6.0,7.0,8.0,186.0,80.0,32.0
139,Dantas,24.0,18.0,,19.0,10.0,19.0,71.0,20.0,27.0,50.0,28.0,29.0,31.0,27.0,66,24.0,30.0,34.0,63.0,14.0,58.0,20.0,14.0,19.0,20.0,30.0,20.0,81.0,80.0,77.0,77.0,83.0,191.0,91.0,29.0
140,Gonçalves Neves,,,,,,,,,,,,,,,,,,,,,,,,,,,,,,,,,,,
141,Tavares,81.0,78.0,,84.0,86.0,84.0,85.0,70.0,85.0,76.0,84.0,82.0,54.0,85.0,80,64.0,65.0,61.0,75.0,75.0,81.0,63.0,70.0,71.0,53.0,90.0,47.0,8.0,13.0,12.0,6.0,8.0,188.0,78.0,29.0
142,Lemos Araújo,56.0,45.0,,68.0,73.0,63.0,66.0,27.0,70.0,30.0,55.0,34.0,68.0,59.0,81,55.0,69.0,55.0,70.0,65.0,40.0,25.0,22.0,30.0,30.0,39.0,34.0,9.0,12.0,11.0,7.0,13.0,186.0,83.0,21.0
143,Penetra,48.0,39.0,,71.0,72.0,66.0,67.0,24.0,70.0,40.0,59.0,55.0,62.0,69.0,71,59.0,68.0,43.0,72.0,70.0,42.0,20.0,37.0,32.0,28.0,41.0,21.0,14.0,7.0,14.0,9.0,10.0,186.0,79.0,21.0
144,Natário Ferreira,,,,,,,,,,,,,,,,,,,,,,,,,,,,,,,,,,,
145,Anssumane Biai,,,,,,,,,,,,,,,,,,,,,,,,,,,,,,,,,,,
146,Raskin,,,,,,,,,,,,,,,,,,,,,,,,,,,,,,,,,,,
147,Openda,73.0,75.0,72.0,76.0,77.0,72.0,77.0,55.0,76.0,77.0,70.0,75.0,71.0,74.0,66,77.0,72.0,78.0,52.0,71.0,51.0,61.0,56.0,75.0,55.0,61.0,41.0,8.0,7.0,7.0,12.0,16.0,178.0,75.0,26.0
148,Vertessen,72.0,73.0,,22.0,26.0,61.0,67.0,66.0,17.0,62.0,69.0,61.0,94.0,62.0,74,72.0,93.0,74.0,63.0,65.0,72.0,70.0,64.0,68.0,60.0,63.0,58.0,14.0,10.0,7.0,13.0,13.0,176.0,71.0,22.0
149,Matazo,74.0,76.0,,71.0,72.0,68.0,69.0,66.0,69.0,74.0,76.0,73.0,74.0,69.0,82,81.0,72.0,77.0,69.0,56.0,68.0,56.0,60.0,64.0,43.0,45.0,34.0,14.0,14.0,8.0,13.0,14.0,170.0,67.0,21.0
150,Keita,83.0,,13.0,23.0,28.0,,,,37.0,,,,,,,65.0,,,,,,,,69.0,57.0,84.0,,7.0,6.0,7.0,8.0,15.0,184.0,78.0,32.0
151,De Ketelaere,83.0,83.0,,57.0,61.0,57.0,76.0,77.0,61.0,79.0,77.0,77.0,73.0,83.0,75,64.0,77.0,78.0,69.0,75.0,77.0,78.0,74.0,73.0,72.0,67.0,76.0,8.0,11.0,8.0,14.0,8.0,192.0,79.0,22.0
152,De Cuyper,69.0,67.0,,66.0,67.0,59.0,71.0,63.0,63.0,61.0,69.0,64.0,70.0,80.0,62,69.0,77.0,71.0,68.0,42.0,75.0,65.0,73.0,70.0,71.0,68.0,46.0,7.0,11.0,8.0,7.0,8.0,183.0,72.0,22.0
153,De Winter,,,,,,,,,,,,,,,,,,,,,,,,,,,,,,,,,,,
154,Debast,67.0,62.0,,65.0,69.0,73.0,68.0,48.0,66.0,60.0,71.0,73.0,61.0,72.0,71,53.0,71.0,56.0,66.0,63.0,55.0,51.0,56.0,58.0,49.0,42.0,37.0,6.0,6.0,6.0,15.0,5.0,189.0,76.0,19.0
155,Patris,62.0,52.0,,65.0,69.0,70.0,59.0,51.0,65.0,65.0,62.0,57.0,72.0,71.0,75,60.0,82.0,65.0,71.0,66.0,60.0,54.0,49.0,42.0,42.0,50.0,47.0,10.0,13.0,10.0,6.0,9.0,185.0,77.0,22.0
156,Vandevoordt,27.0,22.0,,18.0,10.0,16.0,68.0,5.0,14.0,47.0,25.0,35.0,40.0,32.0,57,37.0,39.0,52.0,60.0,15.0,51.0,7.0,5.0,10.0,8.0,15.0,4.0,72.0,74.0,72.0,68.0,75.0,192.0,80.0,21.0
157,Furuhashi,74.0,69.0,,51.0,54.0,77.0,74.0,85.0,36.0,69.0,73.0,64.0,87.0,83.0,51,84.0,89.0,88.0,74.0,68.0,73.0,77.0,72.0,67.0,62.0,70.0,75.0,13.0,8.0,7.0,8.0,14.0,170.0,63.0,28.0
158,Kamada,84.0,85.0,,40.0,47.0,52.0,81.0,83.0,43.0,85.0,86.0,80.0,82.0,75.0,57,84.0,76.0,85.0,67.0,53.0,65.0,77.0,73.0,78.0,73.0,79.0,66.0,6.0,6.0,10.0,11.0,11.0,184.0,76.0,26.0
159,Mitoma,80.0,84.0,,54.0,59.0,58.0,73.0,74.0,57.0,76.0,72.0,59.0,89.0,70.0,62,75.0,79.0,87.0,65.0,52.0,67.0,75.0,68.0,69.0,62.0,63.0,69.0,14.0,10.0,13.0,10.0,9.0,178.0,71.0,26.0
160,Hatate,75.0,73.0,,63.0,67.0,60.0,70.0,71.0,67.0,74.0,77.0,76.0,74.0,79.0,63,82.0,66.0,71.0,68.0,52.0,72.0,59.0,73.0,65.0,55.0,54.0,59.0,12.0,5.0,7.0,8.0,6.0,171.0,70.0,25.0
161,Endo,,,,,,,,,,,,,,,,,,,,,,,,,,,,,,,,,,,
162,Taniguchi,66.0,56.0,78.0,69.0,74.0,63.0,72.0,55.0,76.0,51.0,74.0,70.0,53.0,82.0,72,59.0,73.0,58.0,71.0,73.0,63.0,35.0,49.0,35.0,32.0,45.0,39.0,14.0,8.0,13.0,11.0,14.0,183.0,75.0,31.0
163,Itakura,,,,,,,,,,,,,,,,,,,,,,,,,,,,,,,,,,,
164,Sugawara,71.0,70.0,,69.0,71.0,64.0,74.0,68.0,67.0,72.0,73.0,73.0,80.0,86.0,66,77.0,83.0,80.0,81.0,54.0,64.0,47.0,54.0,74.0,50.0,39.0,50.0,8.0,8.0,12.0,9.0,12.0,178.0,68.0,22.0
165,Guerrero,83.0,80.0,20.0,19.0,22.0,61.0,76.0,80.0,36.0,76.0,74.0,64.0,70.0,51.0,84,65.0,75.0,62.0,80.0,81.0,81.0,81.0,75.0,66.0,32.0,76.0,79.0,11.0,11.0,14.0,7.0,10.0,185.0,82.0,34.0
166,Cueva,78.0,77.0,,31.0,32.0,54.0,73.0,74.0,50.0,73.0,74.0,69.0,83.0,72.0,55,84.0,69.0,85.0,66.0,51.0,70.0,70.0,70.0,73.0,76.0,71.0,53.0,10.0,8.0,10.0,7.0,11.0,168.0,61.0,31.0
167,Lapadula,74.0,72.0,,18.0,15.0,81.0,74.0,78.0,19.0,60.0,67.0,43.0,73.0,64.0,61,80.0,78.0,80.0,80.0,72.0,74.0,76.0,61.0,68.0,69.0,71.0,75.0,11.0,9.0,15.0,15.0,12.0,178.0,69.0,33.0
168,Peña,88.0,85.0,,75.0,78.0,68.0,81.0,81.0,76.0,84.0,85.0,80.0,67.0,90.0,67,67.0,56.0,71.0,46.0,67.0,77.0,79.0,85.0,75.0,61.0,67.0,67.0,13.0,16.0,11.0,7.0,13.0,189.0,70.0,27.0
169,Yotun,71.0,67.0,,66.0,61.0,81.0,68.0,68.0,67.0,77.0,73.0,73.0,61.0,74.0,70,80.0,62.0,84.0,83.0,53.0,75.0,66.0,64.0,70.0,74.0,75.0,60.0,11.0,7.0,8.0,16.0,7.0,172.0,69.0,33.0
170,Cartagena,68.0,62.0,,65.0,66.0,86.0,56.0,48.0,70.0,55.0,67.0,68.0,77.0,80.0,73,75.0,70.0,76.0,86.0,68.0,73.0,49.0,59.0,57.0,45.0,39.0,39.0,8.0,15.0,13.0,8.0,14.0,180.0,77.0,28.0
171,López,88.0,87.0,,63.0,73.0,62.0,85.0,77.0,72.0,88.0,87.0,85.0,82.0,88.0,73,90.0,76.0,88.0,65.0,50.0,66.0,68.0,67.0,79.0,62.0,53.0,56.0,8.0,12.0,7.0,11.0,8.0,174.0,61.0,20.0
172,Santamaría,77.0,74.0,,74.0,76.0,71.0,76.0,69.0,72.0,75.0,79.0,77.0,50.0,80.0,70,66.0,48.0,67.0,71.0,61.0,76.0,61.0,67.0,61.0,59.0,53.0,57.0,7.0,7.0,7.0,13.0,8.0,183.0,81.0,28.0
173,Zambrano,67.0,66.0,,76.0,75.0,90.0,66.0,40.0,69.0,45.0,72.0,72.0,56.0,67.0,76,58.0,54.0,63.0,75.0,74.0,63.0,41.0,54.0,36.0,33.0,44.0,36.0,12.0,14.0,12.0,13.0,14.0,185.0,77.0,33.0
174,Lora,75.0,72.0,49.0,44.0,51.0,45.0,67.0,68.0,47.0,68.0,76.0,63.0,80.0,67.0,50,79.0,84.0,81.0,52.0,56.0,74.0,66.0,68.0,77.0,76.0,68.0,72.0,9.0,11.0,13.0,13.0,7.0,173.0,64.0,34.0
175,Gallese,22.0,19.0,,19.0,19.0,22.0,76.0,18.0,25.0,59.0,31.0,44.0,45.0,30.0,49,57.0,49.0,34.0,58.0,18.0,50.0,20.0,12.0,12.0,17.0,22.0,20.0,70.0,75.0,72.0,66.0,77.0,191.0,79.0,33.0
176,Cho Gue-sung,,,,,,,,,,,,,,,,,,,,,,,,,,,,,,,,,,,
177,Lee Jae-sung,,,,,,,,,,,,,,,,,,,,,,,,,,,,,,,,,,,
178,Lee Kang-in,,,,,,,,,,,,,,,,,,,,,,,,,,,,,,,,,,,
179,Hwang In-beom,,,,,,,,,,,,,,,,,,,,,,,,,,,,,,,,,,,
180,Park,79.0,,41.0,23.0,32.0,39.0,82.0,81.0,31.0,77.0,80.0,64.0,79.0,88.0,59,78.0,79.0,83.0,44.0,68.0,72.0,70.0,61.0,65.0,53.0,76.0,74.0,14.0,6.0,15.0,6.0,9.0,178.0,73.0,33.0
181,Hwang Hee-chan,,,,,,,,,,,,,,,,,,,,,,,,,,,,,,,,,,,
182,Kim Jin-su,,,,,,,,,,,,,,,,,,,,,,,,,,,,,,,,,,,
183,Ji-Soo,,,,,,,,,,,,,,,,,,,,,,,,,,,,,,,,,,,
184,Hyun Jung,,,,,,,,,,,,,,,,,,,,,,,,,,,,,,,,,,,
185,Seol,75.0,74.0,21.0,11.0,12.0,34.0,65.0,76.0,15.0,50.0,68.0,45.0,74.0,55.0,50,80.0,75.0,68.0,75.0,73.0,71.0,77.0,78.0,63.0,60.0,72.0,73.0,8.0,13.0,10.0,6.0,15.0,165.0,56.0,29.0
186,Kim Seung-gyu,,,,,,,,,,,,,,,,,,,,,,,,,,,,,,,,,,,
187,Gil,76.0,70.0,,86.0,91.0,85.0,89.0,47.0,89.0,65.0,79.0,86.0,68.0,74.0,Complete Defender,53.0,89.0,61.0,88.0,86.0,81.0,52.0,64.0,60.0,70.0,62.0,45.0,11.0,13.0,10.0,13.0,11.0,193.0,92.0,31.0
188,Osorio,72.0,57.0,,80.0,81.0,83.0,81.0,39.0,86.0,50.0,78.0,70.0,61.0,68.0,77,73.0,68.0,55.0,90.0,75.0,69.0,42.0,43.0,58.0,51.0,61.0,55.0,12.0,12.0,9.0,8.0,11.0,182.0,79.0,28.0
189,Menjívar,,,,,,,,,,,,,,,,,,,,,,,,,,,,,,,,,,,
190,Orellana,77.0,82.0,,25.0,37.0,54.0,72.0,69.0,31.0,71.0,66.0,64.0,74.0,54.0,32,73.0,71.0,79.0,66.0,60.0,67.0,67.0,70.0,80.0,75.0,77.0,59.0,16.0,12.0,7.0,15.0,15.0,168.0,65.0,37.0
191,Martínez,86.0,84.0,,44.0,31.0,90.0,89.0,87.0,45.0,80.0,76.0,73.0,86.0,80.0,84,89.0,80.0,86.0,89.0,84.0,80.0,88.0,76.0,78.0,54.0,74.0,90.0,8.0,11.0,8.0,8.0,13.0,174.0,72.0,25.0
192,Reyes,69.0,45.0,72.0,71.0,72.0,70.0,70.0,41.0,70.0,38.0,69.0,47.0,34.0,67.0,64,29.0,40.0,40.0,71.0,72.0,50.0,40.0,28.0,30.0,30.0,50.0,27.0,7.0,8.0,14.0,12.0,8.0,191.0,76.0,29.0
193,Roldan,73.0,72.0,,69.0,73.0,78.0,79.0,75.0,70.0,74.0,76.0,72.0,76.0,91.0,76,84.0,75.0,77.0,90.0,64.0,75.0,64.0,73.0,72.0,50.0,65.0,58.0,16.0,13.0,7.0,12.0,11.0,172.0,75.0,28.0
194,Cabalceta,,30.0,,,,,,,,,,,,,,57.0,55.0,49.0,,,48.0,26.0,,,33.0,,33.0,6.0,10.0,8.0,14.0,15.0,186.0,82.0,21.0
195,Zavaleta,58.0,54.0,,62.0,60.0,72.0,58.0,53.0,61.0,53.0,63.0,58.0,50.0,66.0,76,55.0,51.0,32.0,80.0,64.0,68.0,30.0,56.0,38.0,37.0,48.0,56.0,13.0,12.0,7.0,15.0,15.0,185.0,84.0,30.0
196,Tamacas,,,,,,,,,,,,,,,,,,,,,,,,,,,,,,,,,,,
197,Romero,90.0,82.0,,52.0,58.0,29.0,75.0,76.0,59.0,92.0,91.0,89.0,55.0,68.0,64,83.0,54.0,68.0,53.0,49.0,78.0,75.0,75.0,86.0,79.0,56.0,76.0,12.0,6.0,8.0,6.0,11.0,183.0,74.0,30.0
198,Elkeson,79.0,77.0,43.0,35.0,45.0,69.0,75.0,77.0,56.0,78.0,75.0,66.0,86.0,80.0,82,89.0,81.0,83.0,82.0,71.0,86.0,80.0,72.0,76.0,80.0,86.0,76.0,8.0,9.0,16.0,7.0,7.0,180.0,77.0,33.0
199,Wu,74.0,64.0,,80.0,78.0,79.0,78.0,64.0,79.0,64.0,78.0,69.0,76.0,77.0,78,76.0,75.0,75.0,79.0,79.0,65.0,54.0,40.0,61.0,59.0,63.0,43.0,13.0,7.0,14.0,15.0,9.0,166.0,58.0,30.0
200,Shangyuan,66.0,69.0,,60.0,66.0,68.0,66.0,52.0,58.0,59.0,65.0,70.0,71.0,89.0,79,74.0,73.0,80.0,75.0,64.0,70.0,55.0,66.0,73.0,72.0,65.0,60.0,8.0,8.0,9.0,13.0,12.0,185.0,78.0,30.0
201,Wang,84.0,83.0,,33.0,36.0,57.0,79.0,79.0,40.0,75.0,79.0,72.0,88.0,69.0,75,79.0,85.0,79.0,58.0,77.0,79.0,82.0,80.0,73.0,69.0,75.0,78.0,17.0,15.0,16.0,7.0,11.0,165.0,59.0,28.0
202,Sun,,59.0,73.0,,,,,,,,,,,,,71.0,,,,,,,59.0,,,,,,,,,,183.0,82.0,30.0
203,Zhunyi,68.0,62.0,,67.0,70.0,61.0,64.0,51.0,63.0,52.0,67.0,64.0,68.0,73.0,75,58.0,67.0,66.0,81.0,66.0,62.0,43.0,60.0,55.0,49.0,56.0,47.0,14.0,15.0,10.0,12.0,11.0,186.0,79.0,27.0
204,Browning,66.0,52.0,,69.0,65.0,65.0,62.0,41.0,70.0,27.0,61.0,52.0,80.0,80.0,81,73.0,84.0,75.0,82.0,72.0,48.0,25.0,35.0,29.0,17.0,43.0,33.0,9.0,10.0,13.0,7.0,12.0,187.0,76.0,29.0
205,Zhang,79.0,72.0,,76.0,78.0,85.0,80.0,62.0,80.0,71.0,79.0,72.0,79.0,83.0,79,79.0,83.0,80.0,84.0,74.0,82.0,61.0,76.0,80.0,55.0,59.0,65.0,8.0,12.0,13.0,9.0,11.0,181.0,80.0,33.0
206,Yan,91.0,94.0,37.0,46.0,43.0,57.0,84.0,88.0,46.0,86.0,91.0,88.0,91.0,89.0,60,82.0,90.0,82.0,61.0,57.0,74.0,83.0,76.0,90.0,83.0,86.0,83.0,5.0,10.0,5.0,7.0,5.0,179.0,71.0,47.0
207,Chihadeh,58.0,57.0,30.0,18.0,17.0,31.0,61.0,60.0,13.0,48.0,52.0,43.0,65.0,60.0,56,63.0,71.0,65.0,63.0,57.0,64.0,63.0,59.0,60.0,32.0,65.0,37.0,11.0,16.0,7.0,8.0,9.0,183.0,74.0,26.0
208,Abu Warda,,,,,,,,,,,,,,,,,,,,,,,,,,,,,,,,,,,
209,Jaber,63.0,61.0,,15.0,13.0,29.0,62.0,66.0,15.0,55.0,52.0,40.0,54.0,63.0,70,66.0,69.0,58.0,65.0,65.0,62.0,67.0,61.0,59.0,39.0,68.0,63.0,6.0,7.0,11.0,7.0,12.0,175.0,72.0,26.0
210,Rashid,73.0,70.0,,40.0,58.0,63.0,73.0,65.0,59.0,68.0,69.0,67.0,69.0,75.0,57,77.0,69.0,71.0,72.0,45.0,74.0,58.0,70.0,80.0,77.0,72.0,66.0,11.0,15.0,8.0,9.0,7.0,178.0,70.0,31.0
211,Seyam,,,,,,,,,,,,,,,,,,,,,,,,,,,,,,,,,,,
212,Jondi,,,,,,,,,,,,,,,,,,,,,,,,,,,,,,,,,,,
213,Saleh,76.0,75.0,,56.0,,76.0,,,,,76.0,77.0,,,,,,,,46.0,67.0,58.0,,73.0,,55.0,51.0,14.0,15.0,16.0,10.0,9.0,177.0,75.0,26.0
214,Termanini,30.0,24.0,46.0,51.0,53.0,46.0,49.0,27.0,46.0,28.0,29.0,20.0,60.0,57.0,60,59.0,57.0,43.0,72.0,47.0,35.0,20.0,15.0,26.0,29.0,30.0,22.0,13.0,15.0,14.0,7.0,12.0,185.0,75.0,20.0
215,Hamed Mayor,,,,,,,,,,,,,,,,,,,,,,,,,,,,,,,,,,,
216,Mousa Farawi,,,,,,,,,,,,,,,,,,,,,,,,,,,,,,,,,,,
217,Hamadeh,,,,,,,,,,,,,,,,,,,,,,,,,,,,,,,,,,,
218,Mugosa,74.0,65.0,16.0,19.0,22.0,52.0,67.0,77.0,18.0,60.0,59.0,45.0,61.0,75.0,88,51.0,66.0,64.0,73.0,75.0,72.0,78.0,71.0,57.0,53.0,75.0,70.0,8.0,16.0,15.0,13.0,9.0,188.0,81.0,30.0
219,Osmajic,64.0,64.0,,33.0,38.0,70.0,70.0,72.0,30.0,59.0,61.0,54.0,76.0,65.0,74,73.0,73.0,53.0,65.0,69.0,76.0,75.0,66.0,56.0,49.0,63.0,58.0,12.0,14.0,15.0,14.0,8.0,185.0,76.0,23.0
220,Radunovic,,,,,,,,,,,,,,,,,,,,,,,,,,,,,,,,,,,
221,Savicevic,68.0,66.0,,53.0,62.0,75.0,67.0,62.0,62.0,67.0,68.0,64.0,67.0,80.0,63,80.0,66.0,64.0,63.0,59.0,66.0,61.0,68.0,65.0,58.0,59.0,49.0,13.0,9.0,13.0,6.0,6.0,179.0,72.0,29.0
222,Bakic,74.0,71.0,52.0,49.0,49.0,70.0,65.0,66.0,50.0,68.0,70.0,71.0,49.0,57.0,68,62.0,41.0,61.0,51.0,60.0,74.0,54.0,73.0,66.0,73.0,51.0,71.0,12.0,6.0,14.0,7.0,12.0,186.0,78.0,27.0
223,Jankovic,,,,,,,,,,,,,,,,,,,,,,,,,,,,,,,,,,,
224,Vukcevic,75.0,69.0,76.0,75.0,78.0,89.0,74.0,64.0,78.0,73.0,77.0,75.0,54.0,75.0,77,60.0,51.0,53.0,82.0,61.0,69.0,59.0,68.0,58.0,57.0,53.0,48.0,15.0,12.0,13.0,12.0,15.0,184.0,76.0,30.0
225,Tomasevic,63.0,61.0,71.0,71.0,70.0,73.0,67.0,54.0,70.0,63.0,68.0,70.0,47.0,78.0,79,57.0,53.0,55.0,62.0,73.0,69.0,54.0,65.0,58.0,57.0,54.0,53.0,9.0,13.0,11.0,8.0,10.0,190.0,84.0,29.0
226,Milovic,60.0,53.0,74.0,64.0,69.0,72.0,57.0,23.0,72.0,30.0,55.0,58.0,46.0,59.0,Traits,31.0,46.0,31.0,49.0,69.0,35.0,30.0,26.0,30.0,30.0,39.0,24.0,13.0,14.0,11.0,9.0,5.0,195.0,93.0,31.0
227,Sarkic,25.0,12.0,,14.0,19.0,20.0,66.0,6.0,6.0,22.0,27.0,30.0,40.0,20.0,42,28.0,33.0,33.0,52.0,18.0,50.0,13.0,17.0,18.0,12.0,26.0,13.0,68.0,68.0,66.0,67.0,68.0,195.0,76.0,25.0
228,Zmrhal,68.0,67.0,55.0,53.0,58.0,54.0,64.0,65.0,58.0,68.0,71.0,68.0,76.0,72.0,65,67.0,78.0,67.0,50.0,59.0,72.0,66.0,70.0,65.0,55.0,52.0,69.0,14.0,5.0,15.0,13.0,11.0,189.0,83.0,28.0
229,Chytil,,,,,,,,,,,,,,,,,,,,,,,,,,,,,,,,,,,
230,Cerny,,,44.0,42.0,50.0,,,,,75.0,74.0,72.0,,,49,57.0,,52.0,51.0,41.0,,,78.0,78.0,67.0,63.0,58.0,,,15.0,11.0,6.0,177.0,73.0,31.0
231,Zeleny,69.0,72.0,,71.0,73.0,68.0,70.0,62.0,70.0,59.0,68.0,64.0,71.0,74.0,79,57.0,77.0,65.0,62.0,75.0,64.0,61.0,58.0,51.0,61.0,51.0,60.0,11.0,11.0,7.0,11.0,13.0,190.0,83.0,30.0
232,Soucek,76.0,73.0,,78.0,82.0,78.0,79.0,75.0,82.0,72.0,76.0,75.0,51.0,90.0,84,54.0,60.0,52.0,86.0,82.0,73.0,70.0,70.0,63.0,53.0,70.0,59.0,6.0,11.0,13.0,5.0,8.0,192.0,86.0,28.0
233,Sadilek,73.0,71.0,,73.0,73.0,78.0,72.0,62.0,73.0,65.0,75.0,71.0,75.0,84.0,74,84.0,72.0,75.0,79.0,64.0,66.0,57.0,68.0,68.0,67.0,62.0,55.0,14.0,7.0,15.0,9.0,15.0,169.0,65.0,24.0
234,Doudera,70.0,69.0,,69.0,67.0,71.0,68.0,73.0,66.0,57.0,67.0,63.0,88.0,83.0,52,74.0,89.0,84.0,64.0,58.0,63.0,68.0,57.0,52.0,48.0,45.0,54.0,11.0,15.0,15.0,8.0,9.0,175.0,66.0,25.0
235,Orr,88.0,57.0,94.0,92.0,96.0,79.0,85.0,46.0,88.0,81.0,77.0,55.0,84.0,86.0,91,72.0,79.0,84.0,91.0,89.0,61.0,51.0,42.0,66.0,35.0,66.0,46.0,8.0,13.0,14.0,5.0,15.0,180.0,76.0,73.0
236,Chun Law,,,,,,,,,,,,,,,,,,,,,,,,,,,,,,,,,,,
237,Wong,70.0,22.0,78.0,75.0,76.0,77.0,76.0,18.0,79.0,22.0,75.0,18.0,61.0,66.0,65,78.0,66.0,58.0,71.0,74.0,37.0,20.0,20.0,32.0,38.0,40.0,18.0,9.0,7.0,5.0,10.0,11.0,161.0,59.0,27.0
238,Huang,94.0,95.0,,29.0,32.0,63.0,88.0,86.0,37.0,90.0,85.0,81.0,88.0,79.0,52,82.0,86.0,93.0,62.0,63.0,79.0,83.0,81.0,88.0,87.0,91.0,86.0,15.0,9.0,9.0,15.0,11.0,175.0,68.0,31.0
239,Lok Tan,59.0,58.0,,49.0,42.0,55.0,64.0,63.0,36.0,59.0,63.0,56.0,71.0,76.0,50,82.0,64.0,70.0,61.0,48.0,49.0,48.0,49.0,38.0,35.0,42.0,33.0,14.0,11.0,8.0,8.0,13.0,174.0,73.0,27.0
240,Leung,49.0,26.0,,58.0,64.0,68.0,46.0,33.0,61.0,36.0,46.0,38.0,54.0,61.0,76,56.0,53.0,48.0,81.0,67.0,35.0,25.0,20.0,32.0,26.0,40.0,30.0,11.0,10.0,12.0,10.0,9.0,185.0,75.0,28.0
241,Lilley Núñez,,,,,,,,,,,,,,,,,,,,,,,,,,,,,,,,,,,
242,Yue,23.0,19.0,13.0,19.0,10.0,21.0,76.0,14.0,17.0,14.0,25.0,17.0,43.0,27.0,47,42.0,42.0,30.0,50.0,15.0,19.0,15.0,11.0,16.0,15.0,25.0,14.0,72.0,70.0,78.0,69.0,75.0,185.0,64.0,27.0
243,Yapp,,,,,,,,,,,,,,,,,,,,,,,,,,,,,,,,,,,
244,Dangda,76.0,75.0,12.0,12.0,11.0,22.0,73.0,75.0,13.0,70.0,75.0,72.0,77.0,72.0,75,71.0,75.0,76.0,74.0,72.0,74.0,72.0,72.0,68.0,69.0,76.0,70.0,7.0,13.0,6.0,12.0,9.0,173.0,65.0,26.0
245,Sarachart,,,,,,,,,,,,,,,,,,,,,,,,,,,,,,,,,,,
246,Songkrasin,72.0,77.0,31.0,20.0,26.0,49.0,68.0,71.0,38.0,74.0,74.0,66.0,90.0,73.0,34,95.0,75.0,92.0,35.0,31.0,61.0,62.0,65.0,68.0,62.0,60.0,60.0,10.0,12.0,11.0,13.0,6.0,158.0,56.0,28.0
247,Promsrikaew,,,,,,,,,,,,,,,,,,,,,,,,,,,,,,,,,,,
248,Sukjitthammakul,,,,,,,,,,,,,,,,,,,,,,,,,,,,,,,,,,,
249,Yooyen,,,,,,,,,,,,,,,,,,,,,,,,,,,,,,,,,,,
250,Notechaiya,,,,,,,,,,,,,,,,,,,,,,,,,,,,,,,,,,,
251,Dolah,36.0,29.0,52.0,53.0,54.0,43.0,47.0,27.0,51.0,26.0,42.0,39.0,56.0,60.0,66,56.0,58.0,52.0,64.0,53.0,39.0,22.0,23.0,23.0,29.0,35.0,20.0,7.0,13.0,7.0,13.0,12.0,185.0,78.0,22.0
252,Aukkee,,,,,,,,,,,,,,,,,,,,,,,,,,,,,,,,,,,
253,Mickelson,62.0,60.0,,57.0,60.0,55.0,58.0,49.0,60.0,42.0,50.0,42.0,72.0,77.0,69,57.0,73.0,66.0,62.0,53.0,41.0,28.0,31.0,49.0,30.0,34.0,29.0,8.0,10.0,9.0,11.0,11.0,185.0,80.0,23.0
254,Budprom,,,,,,,,,,,,,,,,,,,,,,,,,,,,,,,,,,,
255,Struick,,,,,,,,,,,,,,,,,,,,,,,,,,,,,,,,,,,
256,Drajad,,,,,,,,,,,,,,,,,,,,,,,,,,,,,,,,,,,
257,Jenner,66.0,70.0,26.0,24.0,25.0,44.0,60.0,64.0,25.0,63.0,58.0,44.0,70.0,53.0,64,55.0,73.0,73.0,49.0,59.0,68.0,56.0,65.0,68.0,58.0,66.0,66.0,10.0,16.0,16.0,14.0,6.0,188.0,73.0,32.0
258,Klok,60.0,59.0,62.0,65.0,68.0,75.0,59.0,51.0,65.0,48.0,62.0,54.0,69.0,69.0,75,76.0,66.0,59.0,65.0,58.0,38.0,31.0,33.0,41.0,41.0,48.0,39.0,7.0,6.0,13.0,10.0,10.0,175.0,78.0,28.0
259,Ferdinan,66.0,58.0,81.0,81.0,82.0,77.0,81.0,32.0,80.0,56.0,74.0,73.0,53.0,,81,,62.0,54.0,47.0,82.0,59.0,39.0,29.0,51.0,27.0,54.0,51.0,9.0,12.0,9.0,5.0,5.0,196.0,86.0,36.0
260,Pattynama,63.0,54.0,,60.0,60.0,60.0,54.0,63.0,52.0,57.0,61.0,58.0,75.0,76.0,67,63.0,74.0,67.0,63.0,50.0,60.0,55.0,51.0,48.0,28.0,41.0,44.0,14.0,10.0,14.0,8.0,12.0,180.0,78.0,24.0
261,Baggott,47.0,35.0,,58.0,60.0,56.0,56.0,25.0,58.0,28.0,44.0,33.0,62.0,62.0,81,35.0,55.0,40.0,66.0,62.0,30.0,22.0,18.0,28.0,29.0,38.0,20.0,11.0,8.0,8.0,5.0,7.0,194.0,86.0,20.0
262,Amat,81.0,73.0,70.0,65.0,70.0,75.0,72.0,70.0,75.0,79.0,83.0,83.0,46.0,65.0,63,75.0,44.0,62.0,65.0,62.0,77.0,68.0,72.0,79.0,79.0,85.0,75.0,11.0,15.0,14.0,14.0,12.0,175.0,64.0,34.0
263,Ridho,,,,,,,,,,,,,,,,,,,,,,,,,,,,,,,,,,,
264,Mangkualam,,,,,,,,,,,,,,,,,,,,,,,,,,,,,,,,,,,
265,Ari,83.0,76.0,90.0,94.0,91.0,89.0,88.0,44.0,90.0,92.0,74.0,81.0,87.0,90.0,95,77.0,88.0,79.0,91.0,94.0,87.0,62.0,91.0,71.0,62.0,62.0,84.0,12.0,5.0,5.0,12.0,6.0,182.0,80.0,67.0
266,González,88.0,87.0,,63.0,73.0,62.0,85.0,77.0,72.0,88.0,87.0,85.0,82.0,88.0,73,90.0,76.0,88.0,65.0,50.0,66.0,68.0,67.0,79.0,62.0,53.0,56.0,8.0,12.0,7.0,11.0,8.0,174.0,61.0,20.0
267,Álvarez,72.0,57.0,,80.0,81.0,83.0,81.0,39.0,86.0,50.0,78.0,70.0,61.0,68.0,77,73.0,68.0,55.0,90.0,75.0,69.0,42.0,43.0,58.0,51.0,61.0,55.0,12.0,12.0,9.0,8.0,11.0,182.0,79.0,28.0
268,Buonanotte,77.0,77.0,35.0,18.0,31.0,30.0,70.0,70.0,25.0,77.0,78.0,75.0,81.0,55.0,30,95.0,79.0,93.0,57.0,36.0,69.0,62.0,77.0,80.0,76.0,69.0,61.0,9.0,15.0,16.0,16.0,13.0,161.0,57.0,34.0
269,Lo Celso,85.0,85.0,,68.0,73.0,82.0,82.0,75.0,70.0,85.0,84.0,83.0,74.0,75.0,69,80.0,69.0,81.0,56.0,62.0,82.0,73.0,74.0,82.0,79.0,65.0,71.0,15.0,10.0,7.0,10.0,14.0,177.0,68.0,27.0
270,Nazira,,,,,,,,,,,,,,,,,,,,,,,,,,,,,,,,,,,
271,Bru,93.0,91.0,59.0,82.0,86.0,73.0,85.0,92.0,77.0,92.0,89.0,77.0,97.0,88.0,65,92.0,92.0,84.0,75.0,72.0,87.0,72.0,73.0,86.0,79.0,79.0,77.0,7.0,13.0,9.0,13.0,13.0,169.0,65.0,62.0
272,Langue,,,,,,,,,,,,,,,,,,,,,,,,,,,,,,,,,,,
273,Saramandif,,,,,,,,,,,,,,,,,,,,,,,,,,,,,,,,,,,
274,Villeneuve,,,,,,,,,,,,,,,,,,,,,,,,,,,,,,,,,,,
275,Moutou,77.0,74.0,,73.0,75.0,71.0,66.0,70.0,76.0,69.0,74.0,71.0,72.0,83.0,70,79.0,69.0,80.0,61.0,53.0,57.0,57.0,63.0,53.0,47.0,46.0,60.0,8.0,6.0,9.0,14.0,5.0,176.0,72.0,26.0
276,Vincent,70.0,63.0,85.0,80.0,84.0,80.0,77.0,41.0,82.0,64.0,74.0,75.0,48.0,63.0,Traits,41.0,51.0,50.0,58.0,82.0,73.0,45.0,55.0,61.0,52.0,63.0,46.0,8.0,10.0,9.0,5.0,6.0,190.0,85.0,34.0
277,Collard,36.0,31.0,57.0,52.0,60.0,48.0,41.0,18.0,53.0,30.0,42.0,40.0,70.0,61.0,49,82.0,68.0,67.0,70.0,51.0,33.0,20.0,19.0,19.0,29.0,32.0,24.0,16.0,15.0,13.0,10.0,7.0,175.0,67.0,21.0
278,Rose,88.0,90.0,,53.0,48.0,63.0,87.0,82.0,50.0,85.0,91.0,86.0,80.0,73.0,52,81.0,79.0,80.0,60.0,44.0,74.0,81.0,84.0,49.0,60.0,61.0,50.0,11.0,16.0,8.0,13.0,10.0,163.0,56.0,28.0
279,Balisson,,,,,,,,,,,,,,,,,,,,,,,,,,,,,,,,,,,
280,Jean-Louis,25.0,13.0,,15.0,14.0,45.0,75.0,11.0,22.0,27.0,33.0,37.0,41.0,24.0,68,45.0,41.0,40.0,65.0,13.0,56.0,11.0,13.0,13.0,12.0,14.0,11.0,71.0,73.0,70.0,74.0,74.0,180.0,75.0,37.0
281,Omala,,,,,,,,,,,,,,,,,,,,,,,,,,,,,,,,,,,
282,Olunga,70.0,68.0,25.0,13.0,18.0,70.0,66.0,73.0,36.0,45.0,63.0,40.0,73.0,63.0,Traits,30.0,83.0,31.0,71.0,77.0,80.0,78.0,63.0,51.0,36.0,70.0,73.0,14.0,5.0,8.0,10.0,8.0,193.0,85.0,27.0
283,Miheso,,,,,,,,,,,,,,,,,,,,,,,,,,,,,,,,,,,
284,Odada,78.0,67.0,63.0,,,66.0,,,,,,,59.0,53.0,51,56.0,,,,64.0,59.0,,69.0,,,,,20.0,,,,,169.0,67.0,34.0
285,Obiero,59.0,56.0,15.0,17.0,18.0,34.0,55.0,59.0,22.0,57.0,52.0,42.0,76.0,43.0,63,69.0,72.0,58.0,63.0,61.0,57.0,56.0,49.0,47.0,41.0,65.0,41.0,8.0,7.0,14.0,9.0,12.0,177.0,68.0,21.0
286,Omune,,,,,,,,,,,,,,,,,,,,,,,,,,,,,,,,,,,
287,Sichenje,57.0,55.0,,60.0,61.0,60.0,46.0,31.0,60.0,39.0,59.0,56.0,64.0,63.0,61,58.0,63.0,44.0,80.0,57.0,37.0,29.0,33.0,27.0,26.0,33.0,28.0,7.0,10.0,15.0,6.0,14.0,189.0,75.0,19.0
288,Ouma,77.0,79.0,,77.0,83.0,76.0,77.0,68.0,82.0,74.0,80.0,76.0,71.0,77.0,75,77.0,73.0,73.0,80.0,65.0,83.0,58.0,78.0,62.0,75.0,58.0,65.0,12.0,12.0,8.0,8.0,8.0,182.0,80.0,26.0
289,Akumu,67.0,38.0,61.0,63.0,65.0,71.0,60.0,42.0,63.0,48.0,60.0,56.0,63.0,75.0,73,58.0,68.0,61.0,65.0,61.0,61.0,33.0,36.0,24.0,29.0,31.0,26.0,8.0,10.0,5.0,11.0,8.0,184.0,80.0,29.0
290,Ochieng,51.0,48.0,54.0,57.0,58.0,57.0,56.0,28.0,55.0,32.0,53.0,56.0,73.0,72.0,82,52.0,69.0,50.0,67.0,59.0,52.0,33.0,41.0,33.0,31.0,32.0,22.0,15.0,14.0,16.0,7.0,16.0,189.0,89.0,26.0
291,Odhiambo,,,,,,,,,,,,,,,,,,,,,,,,,,,,,,,,,,,
292,Avalos,75.0,74.0,,29.0,54.0,70.0,69.0,76.0,33.0,71.0,65.0,67.0,69.0,81.0,Traits,67.0,72.0,71.0,82.0,76.0,80.0,75.0,65.0,50.0,44.0,64.0,63.0,9.0,13.0,15.0,15.0,13.0,188.0,91.0,32.0
293,Enciso,67.0,74.0,,32.0,33.0,35.0,50.0,60.0,30.0,60.0,54.0,38.0,79.0,50.0,42,61.0,77.0,70.0,49.0,39.0,70.0,64.0,70.0,50.0,64.0,63.0,48.0,13.0,10.0,7.0,9.0,11.0,168.0,64.0,19.0
294,Almirón,79.0,83.0,,50.0,55.0,69.0,80.0,80.0,55.0,76.0,79.0,67.0,89.0,82.0,53,68.0,86.0,86.0,48.0,43.0,78.0,77.0,71.0,77.0,68.0,69.0,75.0,13.0,6.0,9.0,13.0,12.0,174.0,70.0,29.0
295,Villasanti,74.0,76.0,53.0,58.0,65.0,40.0,71.0,65.0,68.0,69.0,73.0,72.0,68.0,77.0,68,72.0,72.0,67.0,63.0,57.0,62.0,66.0,66.0,41.0,40.0,51.0,44.0,14.0,13.0,6.0,9.0,13.0,178.0,69.0,24.0
296,Ojeda,74.0,76.0,,33.0,27.0,47.0,72.0,74.0,41.0,83.0,73.0,70.0,83.0,80.0,59,83.0,83.0,81.0,48.0,59.0,81.0,76.0,76.0,80.0,72.0,72.0,72.0,13.0,7.0,15.0,5.0,10.0,179.0,78.0,24.0
297,Rojas,82.0,84.0,,21.0,29.0,63.0,81.0,84.0,20.0,75.0,77.0,69.0,85.0,83.0,76,71.0,82.0,82.0,80.0,80.0,85.0,83.0,81.0,72.0,73.0,82.0,90.0,8.0,10.0,11.0,7.0,12.0,183.0,75.0,27.0
298,Junior Alonso,67.0,61.0,72.0,72.0,74.0,79.0,71.0,55.0,73.0,58.0,65.0,68.0,68.0,77.0,85,59.0,74.0,68.0,74.0,73.0,58.0,54.0,55.0,41.0,39.0,41.0,39.0,9.0,15.0,11.0,15.0,7.0,184.0,83.0,28.0
299,Gustavo Gómez,52.0,50.0,78.0,74.0,78.0,78.0,60.0,36.0,75.0,34.0,50.0,50.0,50.0,59.0,80,38.0,55.0,54.0,76.0,70.0,59.0,25.0,25.0,26.0,27.0,32.0,35.0,10.0,12.0,12.0,11.0,9.0,185.0,85.0,28.0
300,Balbuena,56.0,47.0,75.0,75.0,77.0,82.0,74.0,27.0,76.0,45.0,66.0,56.0,50.0,67.0,82,42.0,52.0,39.0,72.0,80.0,71.0,31.0,34.0,30.0,34.0,48.0,24.0,9.0,9.0,13.0,15.0,15.0,188.0,85.0,30.0
301,José Caceres,63.0,61.0,,62.0,64.0,59.0,56.0,54.0,58.0,47.0,64.0,57.0,79.0,77.0,63,78.0,79.0,75.0,77.0,66.0,59.0,38.0,44.0,49.0,44.0,48.0,49.0,10.0,8.0,7.0,12.0,9.0,173.0,62.0,23.0
302,Coronel,29.0,17.0,,16.0,15.0,35.0,70.0,10.0,21.0,57.0,47.0,42.0,39.0,41.0,72,47.0,39.0,39.0,68.0,15.0,57.0,10.0,9.0,17.0,13.0,12.0,12.0,71.0,73.0,70.0,76.0,75.0,192.0,88.0,26.0
303,Moldskred,65.0,69.0,53.0,55.0,55.0,71.0,68.0,69.0,54.0,61.0,62.0,46.0,76.0,69.0,56,77.0,73.0,78.0,81.0,56.0,68.0,64.0,64.0,67.0,68.0,44.0,69.0,8.0,14.0,13.0,16.0,6.0,176.0,75.0,36.0
304,Serapio,,,,,,,,,,,,,,,,,,,,,,,,,,,,,,,,,,,
305,Montes,81.0,75.0,60.0,45.0,57.0,68.0,80.0,75.0,61.0,80.0,81.0,75.0,61.0,70.0,63,91.0,63.0,81.0,74.0,46.0,80.0,65.0,85.0,77.0,80.0,72.0,72.0,9.0,7.0,8.0,11.0,11.0,166.0,68.0,36.0
306,Barrera,72.0,71.0,,50.0,46.0,40.0,65.0,69.0,24.0,75.0,74.0,73.0,70.0,69.0,56,84.0,73.0,74.0,68.0,49.0,57.0,68.0,66.0,69.0,73.0,70.0,40.0,10.0,10.0,14.0,6.0,16.0,172.0,75.0,27.0
307,Acevedo,19.0,11.0,26.0,12.0,11.0,16.0,72.0,6.0,14.0,40.0,25.0,20.0,51.0,40.0,45,54.0,51.0,60.0,83.0,11.0,52.0,9.0,9.0,14.0,13.0,17.0,6.0,76.0,81.0,72.0,69.0,81.0,184.0,74.0,26.0
308,Fletes,,,,,,,,,,,,,,,,,,,,,,,,,,,,,,,,,,,
309,Téllez,64.0,50.0,,,,68.0,,,,,,,,75.0,76,69.0,,,,,64.0,,50.0,,,,,,,,,,186.0,85.0,30.0
310,Quijano,,,,,,,,,,,,,,,,,,,,,,,,,,,,,,,,,,,
311,Rodríguez,90.0,86.0,52.0,44.0,41.0,60.0,83.0,80.0,55.0,84.0,84.0,85.0,55.0,55.0,64,76.0,51.0,78.0,46.0,62.0,86.0,84.0,91.0,89.0,86.0,81.0,90.0,5.0,15.0,15.0,15.0,14.0,180.0,75.0,31.0
312,Trezeguet,77.0,79.0,,27.0,43.0,54.0,68.0,69.0,22.0,75.0,76.0,68.0,78.0,79.0,67,71.0,77.0,78.0,63.0,42.0,76.0,74.0,74.0,67.0,63.0,70.0,63.0,10.0,8.0,10.0,15.0,7.0,180.0,71.0,28.0
313,Kahraba,71.0,75.0,44.0,18.0,29.0,66.0,69.0,71.0,28.0,67.0,66.0,57.0,79.0,67.0,66,66.0,81.0,78.0,68.0,64.0,72.0,67.0,69.0,67.0,44.0,67.0,54.0,15.0,7.0,9.0,16.0,7.0,182.0,76.0,27.0
314,Abdel Hameid Mohamed Abdelha,,,,,,,,,,,,,,,,,,,,,,,,,,,,,,,,,,,
315,Hamada,61.0,,,,,,,,,,,,58.0,62.0,68,,,,,61.0,,,22.0,,,,,,,,,,178.0,78.0,30.0
316,Cernych,61.0,63.0,,13.0,13.0,35.0,67.0,64.0,14.0,63.0,63.0,53.0,80.0,76.0,69,70.0,69.0,76.0,78.0,57.0,63.0,65.0,64.0,47.0,45.0,58.0,57.0,6.0,7.0,8.0,13.0,7.0,183.0,75.0,32.0
317,Jankauskas,,,,26.0,31.0,59.0,,,,60.0,,29.0,61.0,,,71.0,,58.0,72.0,66.0,70.0,,56.0,51.0,51.0,66.0,58.0,,,8.0,7.0,9.0,192.0,86.0,35.0
318,Gineitis,,,,,,,,,,,,,,,,,,,,,,,,,,,,,,,,,,,
319,Sesplaukis,,,,,,,,,,,,,,,,,,,,,,,,,,,,,,,,,,,
320,Verbickas,52.0,53.0,50.0,53.0,48.0,57.0,57.0,30.0,49.0,53.0,60.0,63.0,63.0,48.0,61,56.0,53.0,55.0,71.0,55.0,55.0,36.0,42.0,43.0,47.0,49.0,39.0,13.0,6.0,7.0,6.0,7.0,185.0,77.0,20.0
321,Vorobjovas,,,,,,,,,,,,,,,,,,,,,,,,,,,,,,,,,,,
322,Beneta,70.0,68.0,43.0,48.0,37.0,56.0,55.0,65.0,38.0,72.0,70.0,64.0,68.0,78.0,,68.0,70.0,71.0,58.0,42.0,70.0,59.0,63.0,69.0,71.0,64.0,49.0,6.0,6.0,14.0,12.0,12.0,190.0,78.0,19.0
323,Girdvainis,43.0,34.0,61.0,62.0,63.0,61.0,63.0,24.0,63.0,35.0,63.0,58.0,58.0,65.0,81,58.0,60.0,58.0,72.0,62.0,38.0,19.0,23.0,35.0,26.0,39.0,24.0,10.0,5.0,7.0,12.0,12.0,188.0,82.0,28.0
324,Lekiatas,,,,,,,,,,,,,,,,,,,,,,,,,,,,,,,,,,,
325,Lasickas,52.0,53.0,48.0,49.0,48.0,48.0,49.0,55.0,38.0,49.0,58.0,53.0,69.0,65.0,37,78.0,73.0,76.0,70.0,49.0,53.0,36.0,40.0,53.0,40.0,46.0,36.0,6.0,6.0,14.0,9.0,14.0,176.0,62.0,21.0
326,Gertmonas,23.0,15.0,14.0,21.0,13.0,23.0,55.0,20.0,22.0,14.0,29.0,27.0,49.0,36.0,80,48.0,53.0,34.0,59.0,18.0,19.0,17.0,17.0,14.0,14.0,23.0,17.0,57.0,67.0,57.0,56.0,70.0,192.0,92.0,23.0
327,Yankov Minchev,,,,,,,,,,,,,,,,,,,,,,,,,,,,,,,,,,,
328,Delev,67.0,68.0,34.0,31.0,34.0,50.0,64.0,69.0,28.0,65.0,67.0,63.0,71.0,65.0,50,66.0,68.0,73.0,49.0,23.0,72.0,67.0,69.0,69.0,70.0,71.0,59.0,7.0,10.0,9.0,8.0,10.0,177.0,72.0,28.0
329,Shopov,61.0,66.0,27.0,21.0,24.0,46.0,55.0,59.0,29.0,66.0,63.0,66.0,75.0,34.0,44,66.0,71.0,74.0,59.0,42.0,55.0,44.0,46.0,63.0,56.0,48.0,51.0,9.0,7.0,14.0,6.0,11.0,178.0,68.0,20.0
330,Chochev,72.0,71.0,64.0,69.0,68.0,68.0,51.0,63.0,64.0,69.0,71.0,71.0,61.0,62.0,70,48.0,67.0,63.0,66.0,72.0,72.0,67.0,71.0,64.0,60.0,62.0,56.0,14.0,7.0,9.0,14.0,12.0,189.0,80.0,28.0
331,Despodov,72.0,73.0,25.0,28.0,31.0,58.0,66.0,71.0,23.0,70.0,69.0,62.0,86.0,68.0,57,73.0,87.0,74.0,79.0,48.0,81.0,75.0,73.0,70.0,72.0,52.0,71.0,5.0,10.0,12.0,10.0,13.0,178.0,69.0,24.0
332,Petkov,,,,17.0,25.0,,,,,88.0,,,,,,70.0,,66.0,54.0,55.0,,,81.0,91.0,81.0,82.0,72.0,,,13.0,9.0,14.0,175.0,73.0,37.0
333,Gruev,70.0,68.0,,69.0,69.0,60.0,71.0,58.0,69.0,65.0,76.0,70.0,58.0,69.0,65,66.0,67.0,54.0,59.0,55.0,57.0,44.0,48.0,41.0,42.0,43.0,43.0,5.0,9.0,13.0,9.0,11.0,185.0,77.0,23.0
334,Antov,71.0,65.0,71.0,64.0,70.0,80.0,70.0,55.0,66.0,72.0,75.0,71.0,68.0,81.0,83,64.0,48.0,67.0,64.0,58.0,84.0,57.0,70.0,64.0,65.0,68.0,65.0,13.0,6.0,10.0,15.0,13.0,182.0,79.0,31.0
335,Galchev,67.0,53.0,58.0,56.0,57.0,62.0,57.0,53.0,59.0,53.0,68.0,62.0,71.0,61.0,47,67.0,72.0,75.0,52.0,57.0,49.0,53.0,65.0,30.0,28.0,34.0,31.0,11.0,12.0,12.0,7.0,10.0,173.0,71.0,29.0
336,Dyulgerov,,,,,,,,,,,,,,,,,,,,,,,,,,,,,,,,,,,
337,Curci,13.0,9.0,20.0,13.0,9.0,38.0,72.0,8.0,19.0,26.0,26.0,34.0,21.0,26.0,74,42.0,25.0,30.0,56.0,10.0,22.0,13.0,13.0,10.0,13.0,24.0,17.0,78.0,70.0,70.0,59.0,74.0,191.0,90.0,34.0
338,Sinani,70.0,69.0,,42.0,43.0,63.0,67.0,69.0,44.0,70.0,72.0,68.0,63.0,64.0,72,69.0,70.0,68.0,65.0,38.0,72.0,67.0,70.0,68.0,68.0,64.0,65.0,10.0,10.0,14.0,8.0,12.0,185.0,70.0,26.0
339,Borges Sanches,54.0,64.0,,52.0,52.0,68.0,52.0,58.0,52.0,56.0,67.0,66.0,76.0,64.0,49,66.0,74.0,68.0,60.0,54.0,56.0,57.0,56.0,63.0,64.0,59.0,58.0,13.0,10.0,10.0,5.0,10.0,175.0,67.0,19.0
340,Martins,81.0,78.0,31.0,26.0,20.0,60.0,78.0,82.0,24.0,78.0,78.0,62.0,88.0,81.0,65,91.0,87.0,82.0,50.0,66.0,79.0,78.0,76.0,80.0,78.0,78.0,76.0,10.0,8.0,12.0,11.0,9.0,179.0,72.0,34.0
341,Thill,72.0,71.0,,38.0,34.0,39.0,66.0,57.0,39.0,73.0,70.0,64.0,66.0,76.0,48,76.0,67.0,76.0,73.0,53.0,67.0,63.0,65.0,66.0,68.0,69.0,70.0,11.0,12.0,5.0,5.0,12.0,178.0,70.0,29.0
342,Jans,81.0,75.0,,88.0,84.0,85.0,85.0,63.0,82.0,70.0,85.0,76.0,83.0,86.0,80,68.0,86.0,71.0,78.0,84.0,77.0,77.0,75.0,74.0,81.0,72.0,47.0,15.0,17.0,15.0,16.0,16.0,174.0,67.0,28.0
343,Chanot,61.0,38.0,,72.0,74.0,75.0,68.0,26.0,66.0,36.0,65.0,60.0,51.0,69.0,Traits,57.0,51.0,54.0,74.0,75.0,73.0,38.0,53.0,28.0,60.0,44.0,55.0,15.0,8.0,16.0,9.0,8.0,186.0,84.0,33.0
344,Mahmutovic,,,22.0,26.0,29.0,,,,,56.0,,,,,,60.0,,69.0,64.0,65.0,,,63.0,54.0,58.0,67.0,62.0,,,9.0,10.0,7.0,180.0,75.0,24.0
345,Moris,84.0,85.0,,75.0,75.0,77.0,82.0,79.0,79.0,79.0,81.0,81.0,85.0,84.0,60,85.0,67.0,85.0,72.0,65.0,80.0,70.0,69.0,83.0,76.0,55.0,63.0,13.0,13.0,6.0,13.0,13.0,171.0,69.0,26.0
346,Salanovic,65.0,64.0,45.0,26.0,25.0,41.0,43.0,55.0,16.0,49.0,58.0,45.0,68.0,34.0,52,71.0,73.0,70.0,34.0,40.0,70.0,60.0,40.0,58.0,39.0,56.0,46.0,10.0,9.0,7.0,12.0,12.0,178.0,74.0,24.0
347,Saglam,68.0,65.0,61.0,55.0,50.0,42.0,56.0,62.0,46.0,66.0,70.0,67.0,76.0,74.0,59,80.0,67.0,80.0,61.0,45.0,65.0,51.0,70.0,60.0,57.0,52.0,57.0,6.0,7.0,7.0,13.0,13.0,178.0,72.0,24.0
348,Goppel,67.0,63.0,,52.0,47.0,60.0,58.0,58.0,51.0,58.0,61.0,57.0,90.0,75.0,65,75.0,83.0,79.0,66.0,49.0,58.0,58.0,48.0,59.0,48.0,49.0,51.0,12.0,6.0,14.0,5.0,14.0,178.0,73.0,26.0
349,Sele,66.0,57.0,,72.0,72.0,72.0,73.0,50.0,74.0,36.0,65.0,57.0,52.0,65.0,80,51.0,64.0,52.0,83.0,72.0,57.0,49.0,44.0,34.0,27.0,53.0,52.0,14.0,14.0,11.0,6.0,16.0,188.0,84.0,32.0
350,Lüchinger,70.0,65.0,50.0,44.0,54.0,69.0,56.0,58.0,50.0,62.0,65.0,58.0,76.0,85.0,60,86.0,72.0,72.0,56.0,56.0,65.0,55.0,58.0,54.0,55.0,62.0,53.0,13.0,11.0,14.0,10.0,11.0,172.0,72.0,28.0
351,Hasler,,,,,,,,,,,,,,,,,,,,,,,,,,,,,,,,,,,
352,Meier,,,,,,,,,,,,,,,,,,,,,,,,,,,,,,,,,,,
353,Malin,,,,,,,,,,,,,,,,,,,,,,,,,,,,,,,,,,,
354,Traber,,,,,,,,,,,,,,,,,,,,,,,,,,,,,,,,,,,
355,Beck,,,,,,,,,,,,,,,,,,,,,,,,,,,,,,,,,,,
356,Buchel,,,,,,,,,,,,,,,,,,,,,,,,,,,,,,,,,,,
357,Jovetic,,,,,,,,,,,,,,,,,,,,,,,,,,,,,,,,,,,
358,Krstovic,,,,,,,,,,,,,,,,,,,,,,,,,,,,,,,,,,,
359,Scekic,25.0,13.0,,11.0,11.0,40.0,69.0,13.0,27.0,68.0,23.0,45.0,30.0,41.0,37,44.0,36.0,31.0,55.0,11.0,52.0,11.0,11.0,13.0,15.0,18.0,11.0,71.0,70.0,66.0,69.0,70.0,192.0,80.0,36.0
360,Vesovic,68.0,71.0,61.0,65.0,68.0,73.0,69.0,65.0,63.0,66.0,70.0,64.0,82.0,73.0,70,72.0,85.0,83.0,72.0,59.0,59.0,52.0,50.0,63.0,34.0,44.0,62.0,5.0,9.0,15.0,10.0,10.0,177.0,73.0,30.0
361,Vujacic,,,,,,,,,,,,,,,,,,,,,,,,,,,,,,,,,,,
362,Mijatovic,,,,,,,,,,,,,,,,,,,,,,,,,,,,,,,,,,,
363,Ádám,,,,,,,,,,,,,,,,,,,,,,,,,,,,,,,,,,,
364,Szoboszlai,,,,,,,,,,,,,,,,,,,,,,,,,,,,,,,,,,,
365,Sallai,79.0,80.0,,38.0,37.0,65.0,74.0,76.0,39.0,74.0,76.0,63.0,77.0,62.0,67,76.0,73.0,76.0,64.0,51.0,69.0,73.0,64.0,55.0,45.0,62.0,67.0,14.0,7.0,5.0,11.0,9.0,183.0,75.0,26.0
366,Kerkez,68.0,69.0,,69.0,66.0,75.0,69.0,60.0,66.0,67.0,69.0,59.0,85.0,87.0,64,80.0,84.0,82.0,64.0,62.0,52.0,45.0,50.0,54.0,42.0,46.0,52.0,13.0,8.0,13.0,10.0,13.0,176.0,71.0,19.0
367,Styles,,,,,,,,,,,,,,,,,,,,,,,,,,,,,,,,,,,
368,Nagy,,,,,,,,,,,,,,,,,,,,,,,,,,,,,,,,,,,
369,Bolla,,,,,,,,,,,,,,,,,,,,,,,,,,,,,,,,,,,
370,Szalai,,,,,,,,,,,,,,,,,,,,,,,,,,,,,,,,,,,
371,Orban,,,,,,,,,,,,,,,,,,,,,,,,,,,,,,,,,,,
372,Dibusz,,,,,,,,,,,,,,,,,,,,,,,,,,,,,,,,,,,
373,Solbakken,72.0,72.0,,28.0,32.0,58.0,63.0,70.0,44.0,66.0,68.0,60.0,84.0,83.0,66,71.0,86.0,82.0,57.0,40.0,68.0,70.0,65.0,66.0,48.0,61.0,51.0,7.0,9.0,12.0,13.0,11.0,186.0,79.0,24.0
374,Haaland,,,,,,,,,,,,,,,,,,,,,,,,,,,,,,,,,,,
375,Sorloth,75.0,75.0,,21.0,23.0,74.0,75.0,77.0,36.0,69.0,70.0,59.0,74.0,83.0,Traits,55.0,87.0,54.0,65.0,82.0,82.0,77.0,71.0,74.0,60.0,70.0,69.0,15.0,15.0,12.0,8.0,8.0,194.0,90.0,27.0
376,Aursnes,79.0,77.0,,73.0,75.0,78.0,84.0,71.0,75.0,78.0,81.0,79.0,74.0,91.0,76,77.0,76.0,82.0,76.0,65.0,68.0,64.0,66.0,72.0,63.0,66.0,54.0,8.0,12.0,14.0,14.0,13.0,179.0,71.0,27.0
377,Berg,91.0,91.0,,29.0,33.0,65.0,93.0,96.0,23.0,76.0,84.0,72.0,83.0,75.0,81,47.0,86.0,74.0,89.0,93.0,86.0,94.0,89.0,79.0,75.0,86.0,90.0,10.0,15.0,7.0,12.0,14.0,176.0,68.0,27.0
378,Odegaard,87.0,86.0,,51.0,49.0,63.0,77.0,81.0,65.0,89.0,89.0,84.0,78.0,81.0,56,83.0,71.0,85.0,46.0,52.0,80.0,76.0,78.0,83.0,85.0,63.0,76.0,8.0,14.0,15.0,15.0,10.0,178.0,68.0,24.0
379,Meling,74.0,73.0,,69.0,71.0,80.0,72.0,72.0,72.0,68.0,73.0,72.0,84.0,90.0,50,86.0,80.0,85.0,86.0,55.0,62.0,54.0,53.0,63.0,55.0,39.0,33.0,12.0,8.0,10.0,15.0,6.0,173.0,67.0,28.0
380,Ostigard,61.0,58.0,,70.0,73.0,86.0,71.0,35.0,69.0,34.0,62.0,55.0,67.0,69.0,84,61.0,69.0,67.0,91.0,74.0,52.0,33.0,32.0,46.0,24.0,42.0,33.0,8.0,13.0,10.0,13.0,6.0,185.0,81.0,23.0
381,Strandberg,67.0,65.0,23.0,16.0,26.0,58.0,68.0,71.0,13.0,59.0,59.0,46.0,73.0,76.0,90,50.0,89.0,42.0,76.0,62.0,79.0,76.0,67.0,42.0,31.0,61.0,68.0,15.0,9.0,12.0,9.0,13.0,187.0,90.0,26.0
382,Ryerson,72.0,75.0,,75.0,73.0,82.0,73.0,62.0,72.0,62.0,68.0,67.0,69.0,84.0,75,72.0,70.0,73.0,75.0,55.0,67.0,57.0,57.0,59.0,33.0,44.0,55.0,7.0,7.0,13.0,8.0,7.0,183.0,86.0,25.0
383,Nyland,23.0,21.0,,12.0,11.0,26.0,64.0,13.0,21.0,33.0,29.0,35.0,47.0,33.0,70,53.0,48.0,45.0,71.0,13.0,51.0,11.0,13.0,13.0,14.0,25.0,14.0,68.0,69.0,68.0,68.0,70.0,192.0,90.0,32.0
384,McGinn,77.0,77.0,,71.0,79.0,79.0,78.0,73.0,75.0,76.0,79.0,83.0,73.0,90.0,78,82.0,65.0,77.0,73.0,57.0,83.0,71.0,76.0,66.0,61.0,55.0,75.0,10.0,9.0,13.0,12.0,12.0,178.0,68.0,28.0
385,Dykes,,,,,,,,,,,,,,,,,,,,,,,,,,,,,,,,,,,
386,Christie,67.0,56.0,86.0,85.0,85.0,70.0,95.0,28.0,93.0,35.0,64.0,52.0,64.0,69.0,78,63.0,63.0,46.0,68.0,75.0,40.0,21.0,25.0,31.0,36.0,72.0,24.0,13.0,12.0,12.0,14.0,12.0,168.0,64.0,42.0
387,Robertson,,,,,,,,,,,,,,,,,,,,,,,,,,,,,,,,,,,
388,Mcgregor,80.0,75.0,,68.0,72.0,77.0,77.0,70.0,72.0,75.0,82.0,74.0,80.0,92.0,67,85.0,77.0,82.0,70.0,49.0,77.0,72.0,74.0,75.0,65.0,65.0,64.0,8.0,15.0,10.0,8.0,13.0,178.0,74.0,30.0
389,McTominay,76.0,77.0,,72.0,79.0,90.0,76.0,72.0,80.0,73.0,76.0,79.0,60.0,84.0,85,54.0,62.0,61.0,73.0,78.0,85.0,70.0,80.0,70.0,57.0,60.0,62.0,10.0,9.0,6.0,6.0,11.0,193.0,88.0,26.0
390,Hickey,75.0,74.0,,73.0,74.0,57.0,69.0,59.0,67.0,67.0,73.0,69.0,79.0,78.0,54,64.0,75.0,74.0,64.0,61.0,64.0,48.0,61.0,62.0,40.0,48.0,56.0,13.0,13.0,14.0,8.0,5.0,185.0,72.0,21.0
391,Tierney,77.0,79.0,,78.0,79.0,84.0,80.0,75.0,77.0,74.0,78.0,68.0,82.0,77.0,74,77.0,81.0,76.0,81.0,59.0,79.0,52.0,66.0,72.0,56.0,42.0,38.0,12.0,13.0,16.0,8.0,13.0,178.0,70.0,26.0
392,Hendry,67.0,57.0,,68.0,70.0,82.0,70.0,58.0,71.0,45.0,66.0,63.0,66.0,76.0,84,60.0,75.0,62.0,84.0,74.0,77.0,50.0,61.0,38.0,28.0,37.0,26.0,8.0,13.0,11.0,13.0,13.0,194.0,88.0,28.0
393,Porteous,62.0,60.0,,69.0,69.0,86.0,57.0,53.0,68.0,64.0,65.0,70.0,55.0,75.0,80,68.0,75.0,47.0,81.0,70.0,68.0,34.0,28.0,54.0,45.0,51.0,43.0,13.0,7.0,7.0,10.0,12.0,188.0,75.0,24.0
394,Gunn,77.0,75.0,,72.0,79.0,85.0,84.0,77.0,85.0,81.0,82.0,84.0,65.0,77.0,81,55.0,45.0,58.0,67.0,49.0,72.0,67.0,74.0,53.0,55.0,59.0,52.0,10.0,6.0,9.0,6.0,6.0,175.0,67.0,32.0
395,Sheydaev,,,,,,,,,,,,,,,,,,,,,,,,,,,,,,,,,,,
396,Dadashov,,,,,,,,,,,,,,,,,,,,,,,,,,,,,,,,,,,
397,Madatov,,,,,,,,,,,,,,,,,,,,,,,,,,,,,,,,,,,
398,Makhmudov,66.0,64.0,65.0,57.0,72.0,48.0,69.0,53.0,63.0,61.0,71.0,68.0,,67.0,58,74.0,66.0,73.0,86.0,47.0,58.0,48.0,59.0,66.0,62.0,65.0,60.0,9.0,14.0,10.0,12.0,10.0,175.0,70.0,26.0
399,Camalov,,,,,,,,,,,,,,,,,,,,,,,,,,,,,,,,,,,
400,Isaev,,,,,,,,,,,,,,,,,,,,,,,,,,,,,,,,,,,
401,Jafarguliyev,,,,,,,,,,,,,,,,,,,,,,,,,,,,,,,,,,,
402,Guseynov,,,,,,,,,,,,,,,,,,,,,,,,,,,,,,,,,,,
403,Mustafazada,,,,,,,,,,,,,,,,,,,,,,,,,,,,,,,,,,,
404,Hagverdi,,,,,,,,,,,,,,,,,,,,,,,,,,,,,,,,,,,
405,Magomedaliyev,,,,,,,,,,,,,,,,,,,,,,,,,,,,,,,,,,,
406,Sappinen,63.0,58.0,,17.0,10.0,34.0,66.0,65.0,17.0,43.0,61.0,40.0,62.0,49.0,64,80.0,52.0,60.0,70.0,64.0,58.0,65.0,56.0,37.0,32.0,63.0,55.0,14.0,10.0,6.0,10.0,14.0,177.0,73.0,27.0
407,Anier,83.0,82.0,,69.0,71.0,83.0,79.0,76.0,78.0,85.0,84.0,84.0,68.0,77.0,62,90.0,61.0,85.0,32.0,47.0,79.0,74.0,81.0,83.0,82.0,77.0,68.0,10.0,12.0,11.0,15.0,10.0,172.0,69.0,31.0
408,Sinyavskiy,,,,,,,,,,,,,,,,,,,,,,,,,,,,,,,,,,,
409,Vassiljev,69.0,69.0,54.0,56.0,58.0,62.0,63.0,68.0,41.0,79.0,73.0,73.0,48.0,53.0,59,68.0,64.0,67.0,57.0,47.0,75.0,68.0,75.0,70.0,74.0,55.0,62.0,8.0,15.0,12.0,6.0,15.0,175.0,76.0,34.0
410,Käit,,,,,,,,,,,,,,,,,,,,,,,,,,,,23.0,13.0,,,,179.0,64.0,23.0
411,Miller,71.0,76.0,,24.0,25.0,59.0,74.0,77.0,23.0,68.0,67.0,62.0,88.0,69.0,64,82.0,80.0,81.0,54.0,49.0,74.0,75.0,68.0,69.0,59.0,61.0,67.0,6.0,15.0,15.0,9.0,9.0,172.0,63.0,33.0
412,Lukka,,,,,,,,,,,,,,,,,,,,,,,,,,,,,,,,,,,
413,Kuusk,,,,,,,,,,,,,,,,,,,,,,,,,,,,,,,,,,,
414,Mets,81.0,87.0,80.0,,,65.0,54.0,,,,91.0,88.0,74.0,74.0,65,,74.0,,,68.0,82.0,83.0,76.0,,80.0,,,20.0,8.0,,,,172.0,65.0,23.0
415,Peetson,,,,,,,,,,,,,,,,,,,,,,,,,,,,,,,,,,,
416,Jacob Hein,,,,,,,,,,,,,,,,,,,,,,,,,,,,,,,,,,,
417,Thorsteinsson,69.0,69.0,36.0,59.0,60.0,63.0,66.0,63.0,55.0,61.0,62.0,58.0,78.0,72.0,75,74.0,75.0,81.0,63.0,47.0,66.0,59.0,63.0,63.0,56.0,56.0,60.0,13.0,12.0,13.0,14.0,12.0,171.0,68.0,32.0
418,Finnbogason,74.0,72.0,30.0,34.0,32.0,63.0,78.0,78.0,20.0,69.0,70.0,67.0,55.0,42.0,75,65.0,55.0,64.0,69.0,68.0,76.0,76.0,75.0,56.0,51.0,85.0,78.0,15.0,6.0,15.0,16.0,11.0,184.0,80.0,33.0
419,Gudmundsson,72.0,75.0,,68.0,72.0,78.0,68.0,66.0,66.0,62.0,69.0,66.0,85.0,75.0,65,67.0,87.0,74.0,69.0,51.0,75.0,59.0,69.0,58.0,50.0,46.0,56.0,6.0,12.0,10.0,7.0,8.0,180.0,74.0,24.0
420,Palsson,64.0,54.0,,71.0,73.0,86.0,68.0,51.0,73.0,58.0,66.0,62.0,65.0,78.0,82,59.0,79.0,67.0,90.0,71.0,72.0,51.0,57.0,51.0,52.0,57.0,46.0,8.0,8.0,9.0,16.0,7.0,186.0,82.0,32.0
421,Willumsson,65.0,69.0,,56.0,53.0,61.0,59.0,64.0,47.0,68.0,71.0,69.0,52.0,74.0,82,62.0,57.0,62.0,53.0,64.0,67.0,61.0,63.0,59.0,65.0,59.0,50.0,12.0,11.0,10.0,15.0,9.0,193.0,84.0,24.0
422,Fridriksson,60.0,52.0,,59.0,64.0,78.0,62.0,41.0,63.0,38.0,55.0,42.0,64.0,85.0,74,48.0,73.0,50.0,66.0,55.0,36.0,29.0,28.0,40.0,29.0,39.0,27.0,8.0,12.0,8.0,6.0,6.0,191.0,82.0,21.0
423,Magnusson,60.0,61.0,,73.0,76.0,72.0,73.0,24.0,74.0,55.0,72.0,76.0,63.0,72.0,77,55.0,74.0,52.0,72.0,73.0,67.0,45.0,58.0,71.0,61.0,39.0,33.0,10.0,10.0,5.0,5.0,10.0,191.0,84.0,30.0
424,Ingason,69.0,47.0,,75.0,75.0,75.0,71.0,54.0,78.0,55.0,69.0,60.0,62.0,70.0,78,58.0,61.0,58.0,80.0,75.0,64.0,48.0,59.0,48.0,46.0,50.0,30.0,9.0,13.0,9.0,10.0,9.0,188.0,83.0,29.0
425,Sampsted,66.0,66.0,,62.0,65.0,60.0,65.0,60.0,63.0,58.0,63.0,55.0,81.0,90.0,66,77.0,81.0,79.0,81.0,56.0,51.0,48.0,42.0,54.0,40.0,44.0,37.0,14.0,15.0,8.0,10.0,6.0,180.0,72.0,25.0
426,Runarsson,32.0,13.0,,15.0,19.0,23.0,61.0,16.0,12.0,58.0,26.0,46.0,45.0,41.0,56,55.0,46.0,43.0,59.0,17.0,56.0,14.0,15.0,17.0,14.0,22.0,13.0,71.0,71.0,71.0,74.0,71.0,186.0,76.0,28.0
427,Polievka,,,,,,,,,,,,,,,,,,,,,,,,,,,,,,,,,,,
428,Schranz,74.0,73.0,,62.0,67.0,73.0,71.0,74.0,65.0,69.0,68.0,62.0,81.0,82.0,70,72.0,85.0,70.0,73.0,75.0,78.0,75.0,76.0,66.0,60.0,65.0,75.0,9.0,6.0,15.0,7.0,6.0,185.0,73.0,29.0
429,Hamsik,82.0,80.0,,65.0,68.0,60.0,76.0,81.0,72.0,83.0,84.0,82.0,55.0,67.0,75,72.0,67.0,69.0,73.0,74.0,82.0,73.0,81.0,80.0,70.0,70.0,77.0,14.0,8.0,6.0,4.0,14.0,183.0,73.0,35.0
430,Lobotka,85.0,80.0,,75.0,79.0,73.0,80.0,70.0,77.0,85.0,85.0,81.0,76.0,85.0,65,86.0,67.0,77.0,79.0,45.0,73.0,70.0,77.0,75.0,55.0,56.0,43.0,13.0,10.0,7.0,16.0,14.0,170.0,64.0,28.0
431,Kucka,,,,,,,,,,,,,,,,,,,,,,,,,,,,,,,,,,,
432,Hancko,75.0,73.0,,82.0,78.0,73.0,77.0,67.0,78.0,68.0,74.0,73.0,76.0,79.0,83,53.0,80.0,72.0,72.0,79.0,74.0,60.0,68.0,60.0,72.0,69.0,42.0,7.0,14.0,12.0,6.0,14.0,188.0,80.0,25.0
433,Skriniar,70.0,64.0,,81.0,92.0,87.0,87.0,30.0,85.0,46.0,72.0,73.0,75.0,81.0,89,56.0,81.0,54.0,85.0,81.0,50.0,42.0,30.0,34.0,30.0,56.0,40.0,8.0,10.0,13.0,12.0,12.0,187.0,80.0,28.0
434,Vavro,64.0,58.0,,73.0,70.0,81.0,65.0,55.0,72.0,49.0,68.0,66.0,62.0,70.0,85,68.0,69.0,58.0,74.0,72.0,78.0,45.0,64.0,49.0,60.0,58.0,43.0,12.0,13.0,12.0,14.0,13.0,189.0,81.0,27.0
435,Pekarik,72.0,71.0,,76.0,74.0,67.0,72.0,57.0,69.0,49.0,70.0,61.0,64.0,69.0,62,77.0,68.0,73.0,62.0,44.0,56.0,35.0,30.0,67.0,39.0,49.0,35.0,9.0,12.0,12.0,15.0,10.0,177.0,73.0,36.0
436,Dubravka,33.0,19.0,,14.0,15.0,28.0,72.0,12.0,25.0,58.0,48.0,59.0,48.0,38.0,60,60.0,44.0,47.0,74.0,12.0,59.0,10.0,17.0,15.0,13.0,20.0,11.0,76.0,78.0,76.0,79.0,80.0,190.0,80.0,34.0
437,Ronaldo,95.0,96.0,,31.0,41.0,70.0,93.0,90.0,26.0,93.0,92.0,86.0,94.0,83.0,84,89.0,91.0,94.0,86.0,54.0,86.0,93.0,89.0,90.0,90.0,88.0,83.0,7.0,8.0,15.0,14.0,15.0,180.0,78.0,43.0
438,Félix,87.0,88.0,,35.0,42.0,68.0,81.0,84.0,40.0,85.0,83.0,76.0,82.0,75.0,62,84.0,82.0,88.0,76.0,69.0,80.0,79.0,81.0,83.0,67.0,68.0,83.0,13.0,13.0,12.0,14.0,14.0,181.0,72.0,23.0
439,Bernardo Silva,91.0,92.0,,58.0,73.0,77.0,87.0,83.0,65.0,84.0,88.0,78.0,81.0,93.0,54,92.0,65.0,94.0,51.0,51.0,79.0,78.0,78.0,84.0,67.0,68.0,78.0,12.0,9.0,10.0,14.0,9.0,173.0,64.0,28.0
440,Guerreiro,89.0,87.0,,77.0,76.0,45.0,87.0,79.0,84.0,85.0,89.0,85.0,79.0,76.0,50,90.0,58.0,90.0,52.0,44.0,79.0,77.0,84.0,85.0,82.0,54.0,79.0,11.0,12.0,6.0,8.0,8.0,170.0,71.0,29.0
441,Fernandes,84.0,79.0,,65.0,73.0,82.0,91.0,85.0,67.0,90.0,89.0,87.0,75.0,93.0,66,79.0,69.0,78.0,71.0,64.0,88.0,83.0,88.0,86.0,85.0,90.0,87.0,8.0,12.0,14.0,15.0,14.0,179.0,69.0,28.0
442,Palhinha,77.0,76.0,,84.0,85.0,89.0,77.0,67.0,80.0,71.0,77.0,78.0,61.0,87.0,Traits,51.0,66.0,66.0,81.0,79.0,79.0,62.0,64.0,61.0,45.0,56.0,54.0,7.0,14.0,10.0,8.0,7.0,190.0,85.0,27.0
443,Cancelo,86.0,85.0,,79.0,83.0,76.0,84.0,81.0,81.0,85.0,87.0,79.0,86.0,91.0,62,78.0,84.0,79.0,72.0,72.0,80.0,69.0,79.0,87.0,69.0,52.0,62.0,14.0,6.0,9.0,15.0,14.0,182.0,74.0,29.0
444,Dias,74.0,64.0,,85.0,88.0,92.0,89.0,39.0,86.0,51.0,82.0,76.0,54.0,77.0,Complete Defender,56.0,69.0,60.0,78.0,87.0,74.0,29.0,26.0,46.0,48.0,45.0,32.0,7.0,7.0,8.0,13.0,12.0,187.0,82.0,26.0
445,Costa,88.0,91.0,45.0,34.0,38.0,55.0,78.0,72.0,48.0,77.0,77.0,65.0,91.0,66.0,56,90.0,85.0,91.0,60.0,50.0,84.0,62.0,80.0,83.0,78.0,77.0,76.0,12.0,13.0,15.0,9.0,5.0,172.0,75.0,31.0
446,Dzeko,84.0,77.0,,16.0,28.0,58.0,85.0,90.0,50.0,74.0,76.0,76.0,61.0,69.0,86,55.0,65.0,62.0,64.0,85.0,86.0,87.0,77.0,65.0,54.0,67.0,79.0,15.0,9.0,11.0,13.0,15.0,193.0,80.0,37.0
447,Stevanovic,75.0,75.0,,31.0,45.0,60.0,72.0,77.0,41.0,76.0,75.0,70.0,82.0,81.0,65,74.0,83.0,82.0,81.0,69.0,67.0,69.0,68.0,75.0,66.0,62.0,62.0,13.0,15.0,10.0,11.0,10.0,180.0,72.0,32.0
448,Hadziahmetovic,75.0,72.0,,69.0,74.0,73.0,70.0,69.0,72.0,70.0,75.0,72.0,69.0,84.0,75,70.0,69.0,64.0,55.0,63.0,72.0,52.0,68.0,64.0,61.0,55.0,50.0,14.0,7.0,15.0,7.0,14.0,179.0,71.0,26.0
449,Pjanic,84.0,81.0,,71.0,73.0,70.0,83.0,68.0,77.0,83.0,86.0,82.0,67.0,70.0,60,80.0,64.0,74.0,59.0,60.0,78.0,59.0,80.0,86.0,92.0,78.0,72.0,7.0,7.0,7.0,13.0,8.0,178.0,72.0,33.0
450,Cimirot,70.0,65.0,,66.0,70.0,68.0,71.0,57.0,66.0,67.0,73.0,70.0,65.0,81.0,70,72.0,61.0,72.0,64.0,60.0,70.0,57.0,65.0,61.0,64.0,60.0,56.0,7.0,8.0,15.0,9.0,13.0,178.0,76.0,30.0
451,Kolasinac,72.0,67.0,,74.0,75.0,87.0,68.0,69.0,72.0,65.0,71.0,63.0,67.0,73.0,88,55.0,75.0,59.0,75.0,69.0,79.0,57.0,58.0,61.0,42.0,54.0,55.0,7.0,15.0,9.0,16.0,9.0,183.0,85.0,30.0
452,Sanicanin,,,,,,,,,,,,,,,,,,,,,,,,,,,,,,,,,,,
453,Ahmedhodzic,65.0,59.0,,75.0,71.0,74.0,72.0,37.0,74.0,60.0,71.0,65.0,72.0,73.0,81,52.0,82.0,72.0,71.0,72.0,57.0,36.0,32.0,44.0,34.0,45.0,31.0,11.0,7.0,10.0,8.0,9.0,195.0,84.0,24.0
454,Barisic,72.0,69.0,,70.0,71.0,73.0,65.0,67.0,70.0,70.0,73.0,70.0,74.0,78.0,72,65.0,67.0,69.0,70.0,67.0,72.0,55.0,63.0,82.0,78.0,66.0,61.0,8.0,12.0,13.0,6.0,9.0,186.0,80.0,30.0
455,Dedic,68.0,66.0,32.0,30.0,32.0,71.0,61.0,72.0,33.0,63.0,60.0,54.0,72.0,70.0,71,66.0,65.0,70.0,69.0,57.0,75.0,74.0,67.0,62.0,61.0,72.0,69.0,16.0,16.0,15.0,9.0,9.0,183.0,77.0,36.0
456,Sehic,21.0,11.0,,7.0,11.0,34.0,68.0,14.0,30.0,44.0,16.0,14.0,30.0,32.0,35,26.0,35.0,26.0,30.0,12.0,50.0,7.0,5.0,14.0,11.0,13.0,8.0,76.0,70.0,72.0,67.0,73.0,190.0,79.0,34.0
457,Tzionis,61.0,58.0,,23.0,21.0,34.0,64.0,66.0,20.0,60.0,56.0,37.0,69.0,56.0,39,78.0,72.0,78.0,42.0,31.0,50.0,53.0,45.0,53.0,32.0,34.0,49.0,15.0,15.0,6.0,6.0,5.0,170.0,66.0,21.0
458,Pittas,,,,,,,,,,,,,,,,,,,,,,,,,,,,,,,,,,,
459,Correia,85.0,84.0,,47.0,54.0,59.0,79.0,80.0,49.0,81.0,82.0,76.0,74.0,55.0,52,92.0,52.0,91.0,58.0,48.0,77.0,74.0,83.0,86.0,82.0,72.0,78.0,14.0,12.0,7.0,9.0,6.0,172.0,68.0,31.0
460,Charalambous,67.0,58.0,78.0,77.0,76.0,66.0,69.0,60.0,63.0,67.0,57.0,41.0,68.0,65.0,64,68.0,73.0,72.0,71.0,66.0,69.0,44.0,46.0,54.0,49.0,46.0,69.0,14.0,13.0,11.0,11.0,13.0,181.0,79.0,31.0
461,Kousoulos,,,,,,,,,,,,,,,,,,,,,,,,,,,,,,,,,,,
462,Kastanos,75.0,75.0,,30.0,27.0,52.0,62.0,67.0,28.0,70.0,71.0,68.0,66.0,55.0,68,77.0,69.0,68.0,34.0,36.0,72.0,60.0,67.0,65.0,70.0,48.0,60.0,8.0,8.0,6.0,7.0,7.0,179.0,71.0,25.0
463,Antoniou,50.0,56.0,34.0,35.0,39.0,39.0,51.0,49.0,40.0,43.0,48.0,39.0,74.0,63.0,55,68.0,74.0,72.0,56.0,39.0,54.0,55.0,43.0,49.0,31.0,56.0,47.0,8.0,12.0,11.0,12.0,7.0,176.0,69.0,20.0
464,Laifis,70.0,68.0,,70.0,72.0,69.0,73.0,58.0,73.0,57.0,68.0,71.0,62.0,77.0,74,63.0,66.0,64.0,75.0,72.0,71.0,46.0,68.0,64.0,60.0,58.0,64.0,13.0,15.0,8.0,13.0,10.0,186.0,84.0,30.0
465,Gogic,58.0,52.0,66.0,60.0,62.0,85.0,60.0,42.0,66.0,48.0,57.0,55.0,58.0,77.0,82,54.0,64.0,47.0,71.0,67.0,68.0,35.0,48.0,47.0,39.0,46.0,36.0,12.0,8.0,11.0,14.0,10.0,183.0,83.0,28.0
466,Karo,82.0,86.0,,27.0,25.0,38.0,77.0,75.0,20.0,81.0,83.0,81.0,78.0,50.0,48,76.0,75.0,70.0,58.0,45.0,53.0,77.0,73.0,45.0,50.0,62.0,43.0,12.0,7.0,11.0,12.0,9.0,165.0,59.0,31.0
467,Mall,88.0,85.0,,25.0,28.0,70.0,86.0,85.0,43.0,85.0,81.0,64.0,87.0,74.0,48,92.0,87.0,81.0,63.0,67.0,75.0,87.0,79.0,67.0,67.0,75.0,70.0,16.0,12.0,11.0,15.0,17.0,163.0,54.0,25.0
468,Kvaratskhelia,83.0,84.0,,34.0,39.0,61.0,72.0,79.0,37.0,78.0,78.0,72.0,83.0,71.0,68,71.0,82.0,84.0,59.0,62.0,76.0,72.0,74.0,78.0,59.0,65.0,64.0,14.0,9.0,15.0,8.0,8.0,183.0,70.0,22.0
469,Mikautadze,71.0,74.0,,38.0,36.0,61.0,71.0,71.0,25.0,65.0,69.0,61.0,78.0,71.0,67,76.0,79.0,83.0,73.0,58.0,70.0,73.0,70.0,64.0,69.0,70.0,70.0,5.0,12.0,9.0,9.0,7.0,178.0,72.0,22.0
470,Azarov,68.0,69.0,32.0,,,58.0,68.0,,,,65.0,60.0,75.0,67.0,66,,78.0,,,62.0,72.0,68.0,78.0,,67.0,,,23.0,10.0,,,,177.0,77.0,33.0
471,Kiteishvili,73.0,73.0,,62.0,67.0,73.0,68.0,68.0,71.0,73.0,72.0,70.0,73.0,72.0,42,86.0,70.0,78.0,80.0,63.0,71.0,66.0,68.0,58.0,53.0,66.0,60.0,6.0,11.0,13.0,9.0,13.0,173.0,65.0,27.0
472,Kvekveskiri,69.0,64.0,,61.0,66.0,55.0,70.0,61.0,65.0,68.0,70.0,70.0,62.0,68.0,60,76.0,55.0,63.0,56.0,48.0,71.0,52.0,68.0,64.0,71.0,48.0,45.0,11.0,9.0,13.0,7.0,9.0,184.0,79.0,31.0
473,Chakvetadze,,,,,,,,,,,,,,,,,,,,,,,,,,,,,,,,,,,
474,Gocholeishvili,,,,,,,,,,,,,,,,,,,,,,,,,,,,,,,,,,,
475,Lochoshvili,52.0,36.0,,66.0,69.0,78.0,64.0,26.0,67.0,35.0,51.0,46.0,52.0,66.0,Traits,42.0,54.0,44.0,67.0,65.0,45.0,22.0,24.0,23.0,24.0,31.0,21.0,11.0,7.0,8.0,13.0,6.0,191.0,84.0,25.0
476,Kashia,56.0,52.0,63.0,67.0,68.0,82.0,61.0,36.0,68.0,53.0,63.0,61.0,39.0,70.0,82,52.0,40.0,54.0,76.0,70.0,43.0,23.0,17.0,40.0,39.0,51.0,13.0,13.0,9.0,13.0,8.0,6.0,186.0,87.0,34.0
477,Kakabadze,60.0,63.0,,59.0,63.0,70.0,60.0,63.0,55.0,60.0,62.0,63.0,79.0,73.0,72,63.0,79.0,77.0,60.0,56.0,61.0,41.0,53.0,67.0,52.0,49.0,43.0,10.0,8.0,10.0,14.0,13.0,186.0,79.0,27.0
478,Mamardashvili,22.0,11.0,,10.0,12.0,25.0,70.0,8.0,8.0,34.0,15.0,15.0,48.0,45.0,74,26.0,48.0,35.0,53.0,14.0,56.0,9.0,7.0,11.0,10.0,11.0,7.0,79.0,80.0,79.0,74.0,81.0,199.0,88.0,22.0
479,Lukaku,,,,,,,,,,,,,,,,,,,,,,,,,,,,,,,,,,,
480,Carrasco,85.0,89.0,,61.0,64.0,65.0,79.0,80.0,47.0,80.0,80.0,74.0,87.0,75.0,61,70.0,88.0,86.0,71.0,55.0,84.0,81.0,82.0,86.0,80.0,79.0,74.0,10.0,9.0,11.0,9.0,10.0,181.0,73.0,29.0
481,Doku,76.0,83.0,,25.0,28.0,58.0,70.0,72.0,18.0,71.0,70.0,59.0,94.0,61.0,67,87.0,89.0,89.0,75.0,37.0,73.0,67.0,59.0,60.0,44.0,51.0,54.0,9.0,11.0,10.0,8.0,12.0,173.0,77.0,21.0
482,Mangala,82.0,83.0,,70.0,70.0,71.0,78.0,64.0,72.0,76.0,78.0,73.0,76.0,74.0,70,85.0,55.0,79.0,67.0,51.0,66.0,43.0,68.0,65.0,50.0,42.0,50.0,7.0,7.0,6.0,7.0,10.0,178.0,80.0,25.0
483,Tielemans,85.0,78.0,,68.0,72.0,68.0,83.0,78.0,70.0,86.0,89.0,88.0,58.0,85.0,69,76.0,54.0,65.0,65.0,67.0,87.0,74.0,87.0,84.0,78.0,76.0,79.0,14.0,6.0,8.0,10.0,12.0,176.0,72.0,26.0
484,Castagne,78.0,77.0,,72.0,75.0,75.0,78.0,77.0,78.0,69.0,75.0,70.0,75.0,81.0,66,66.0,76.0,68.0,75.0,69.0,62.0,59.0,52.0,58.0,33.0,47.0,40.0,10.0,14.0,9.0,15.0,15.0,185.0,80.0,27.0
485,Lukebakio,83.0,85.0,,24.0,29.0,28.0,74.0,74.0,26.0,70.0,73.0,60.0,82.0,64.0,68,71.0,83.0,77.0,68.0,55.0,83.0,71.0,73.0,70.0,65.0,75.0,70.0,11.0,9.0,7.0,14.0,12.0,187.0,77.0,25.0
486,Theate,64.0,50.0,,76.0,78.0,80.0,74.0,23.0,76.0,50.0,63.0,57.0,67.0,69.0,84,53.0,76.0,55.0,70.0,74.0,70.0,23.0,58.0,33.0,37.0,32.0,24.0,11.0,7.0,6.0,12.0,10.0,185.0,78.0,23.0
487,Dendoncker,76.0,71.0,,75.0,78.0,74.0,72.0,75.0,76.0,71.0,78.0,77.0,52.0,79.0,85,54.0,68.0,55.0,74.0,77.0,83.0,62.0,73.0,71.0,68.0,55.0,68.0,14.0,14.0,8.0,14.0,6.0,188.0,88.0,28.0
488,Faes,68.0,55.0,,79.0,82.0,78.0,77.0,41.0,76.0,42.0,75.0,71.0,52.0,73.0,80,57.0,59.0,43.0,74.0,79.0,62.0,35.0,28.0,41.0,36.0,43.0,28.0,7.0,12.0,10.0,8.0,7.0,187.0,82.0,25.0
489,Courtois,23.0,13.0,,16.0,18.0,23.0,84.0,13.0,15.0,44.0,33.0,35.0,42.0,38.0,70,45.0,52.0,63.0,68.0,13.0,56.0,14.0,17.0,19.0,20.0,27.0,12.0,89.0,84.0,89.0,75.0,90.0,199.0,96.0,31.0
490,Gregoritsch,76.0,73.0,,38.0,40.0,58.0,77.0,79.0,33.0,74.0,75.0,70.0,53.0,69.0,85,52.0,62.0,55.0,34.0,84.0,79.0,79.0,74.0,81.0,76.0,64.0,75.0,16.0,10.0,6.0,9.0,6.0,193.0,91.0,29.0
491,Arnautovic,84.0,77.0,,39.0,42.0,77.0,79.0,79.0,38.0,81.0,81.0,74.0,76.0,77.0,Traits,77.0,79.0,70.0,77.0,79.0,84.0,81.0,82.0,79.0,72.0,79.0,79.0,10.0,14.0,15.0,10.0,15.0,192.0,83.0,34.0
492,Wimmer,77.0,82.0,,45.0,46.0,60.0,74.0,76.0,46.0,75.0,74.0,63.0,85.0,83.0,72,76.0,85.0,82.0,75.0,44.0,77.0,68.0,66.0,54.0,50.0,52.0,48.0,14.0,12.0,13.0,9.0,13.0,182.0,77.0,22.0
493,Schlager,78.0,78.0,,72.0,76.0,85.0,81.0,75.0,83.0,78.0,80.0,79.0,74.0,85.0,80,77.0,71.0,78.0,66.0,44.0,78.0,66.0,76.0,73.0,60.0,56.0,60.0,12.0,6.0,8.0,8.0,7.0,174.0,78.0,25.0
494,Seiwald,74.0,70.0,,70.0,75.0,73.0,78.0,68.0,75.0,74.0,75.0,77.0,74.0,91.0,65,73.0,73.0,77.0,75.0,63.0,70.0,58.0,66.0,69.0,60.0,54.0,58.0,14.0,5.0,8.0,7.0,7.0,179.0,70.0,22.0
495,Baumgartner,79.0,82.0,,49.0,54.0,62.0,77.0,75.0,34.0,78.0,79.0,75.0,82.0,67.0,49,79.0,70.0,81.0,63.0,70.0,73.0,76.0,64.0,65.0,52.0,65.0,74.0,14.0,10.0,11.0,9.0,11.0,180.0,73.0,23.0
496,Wober,67.0,62.0,,77.0,75.0,78.0,72.0,56.0,70.0,60.0,71.0,68.0,68.0,77.0,83,55.0,76.0,65.0,81.0,77.0,67.0,41.0,62.0,65.0,69.0,58.0,34.0,14.0,13.0,13.0,14.0,8.0,189.0,82.0,25.0
497,Alaba,85.0,77.0,,83.0,84.0,78.0,88.0,73.0,87.0,78.0,89.0,80.0,79.0,74.0,78,78.0,79.0,76.0,81.0,77.0,82.0,63.0,78.0,77.0,85.0,79.0,67.0,15.0,5.0,7.0,14.0,9.0,180.0,78.0,31.0
498,Lienhart,62.0,59.0,,79.0,81.0,76.0,77.0,35.0,78.0,53.0,71.0,62.0,63.0,67.0,78,62.0,75.0,64.0,69.0,83.0,29.0,24.0,34.0,28.0,40.0,41.0,21.0,12.0,14.0,8.0,11.0,14.0,189.0,83.0,26.0
499,Posch,50.0,34.0,,77.0,81.0,66.0,69.0,36.0,77.0,36.0,69.0,58.0,70.0,63.0,77,59.0,79.0,46.0,72.0,77.0,42.0,23.0,25.0,26.0,24.0,38.0,28.0,6.0,6.0,8.0,7.0,8.0,189.0,82.0,26.0
500,Cikalleshi,67.0,64.0,,23.0,32.0,47.0,64.0,69.0,30.0,55.0,62.0,55.0,62.0,70.0,80,36.0,57.0,36.0,53.0,72.0,71.0,66.0,69.0,56.0,47.0,58.0,65.0,9.0,11.0,7.0,7.0,9.0,185.0,80.0,32.0
501,Uzuni,78.0,79.0,,16.0,22.0,71.0,73.0,75.0,49.0,69.0,65.0,57.0,82.0,65.0,59,75.0,83.0,82.0,70.0,75.0,75.0,81.0,70.0,66.0,67.0,75.0,57.0,15.0,7.0,8.0,9.0,13.0,178.0,64.0,28.0
502,Bajrami,79.0,79.0,,64.0,62.0,67.0,70.0,75.0,56.0,78.0,79.0,72.0,76.0,72.0,63,70.0,76.0,78.0,63.0,54.0,74.0,68.0,60.0,70.0,64.0,69.0,58.0,7.0,14.0,6.0,10.0,9.0,179.0,68.0,24.0
503,Ramadani,65.0,65.0,,59.0,64.0,64.0,57.0,58.0,67.0,59.0,70.0,64.0,62.0,83.0,71,69.0,65.0,57.0,64.0,58.0,71.0,51.0,70.0,40.0,45.0,37.0,39.0,15.0,8.0,15.0,12.0,11.0,185.0,72.0,27.0
504,Asani,,,,,,,,,,,,,,,,60.0,,,,73.0,,,54.0,,,,,,,,,,185.0,80.0,34.0
505,Bare,86.0,57.0,,96.0,95.0,81.0,93.0,41.0,95.0,72.0,88.0,87.0,64.0,85.0,80,76.0,74.0,75.0,82.0,90.0,54.0,46.0,50.0,59.0,45.0,63.0,51.0,14.0,6.0,8.0,12.0,5.0,176.0,70.0,63.0
506,Mitaj,63.0,64.0,,66.0,66.0,65.0,52.0,55.0,56.0,62.0,68.0,68.0,75.0,70.0,63,66.0,77.0,66.0,68.0,62.0,35.0,31.0,36.0,46.0,26.0,31.0,33.0,8.0,8.0,13.0,13.0,12.0,185.0,71.0,19.0
507,Djimsiti,68.0,34.0,,78.0,82.0,82.0,78.0,55.0,81.0,56.0,68.0,68.0,67.0,79.0,83,51.0,75.0,44.0,57.0,83.0,52.0,36.0,30.0,42.0,30.0,38.0,32.0,10.0,10.0,6.0,13.0,10.0,190.0,83.0,30.0
508,Ismajli,59.0,58.0,,73.0,75.0,71.0,71.0,24.0,76.0,38.0,64.0,61.0,69.0,60.0,65,71.0,74.0,67.0,68.0,69.0,48.0,22.0,23.0,41.0,26.0,31.0,23.0,12.0,9.0,14.0,10.0,13.0,185.0,76.0,26.0
509,Hysaj,73.0,70.0,,74.0,73.0,76.0,72.0,63.0,71.0,59.0,70.0,68.0,73.0,76.0,65,69.0,77.0,74.0,68.0,65.0,68.0,47.0,43.0,54.0,30.0,40.0,40.0,9.0,12.0,6.0,14.0,11.0,182.0,70.0,29.0
510,Berisha,20.0,12.0,,11.0,10.0,24.0,73.0,12.0,22.0,42.0,20.0,26.0,28.0,39.0,64,30.0,28.0,33.0,57.0,12.0,50.0,13.0,15.0,13.0,12.0,22.0,11.0,71.0,68.0,70.0,66.0,72.0,194.0,92.0,34.0
511,Damascan,64.0,64.0,,14.0,16.0,51.0,63.0,63.0,15.0,62.0,58.0,49.0,74.0,66.0,65,67.0,76.0,73.0,54.0,60.0,66.0,64.0,63.0,44.0,67.0,61.0,56.0,14.0,8.0,13.0,8.0,11.0,180.0,74.0,24.0
512,Nicolaescu,,,,,,,,,,,,,,,,,,,,,,,,,,,,,,,,,,,
513,Rata,82.0,78.0,,20.0,14.0,69.0,80.0,84.0,26.0,77.0,76.0,63.0,81.0,78.0,81,62.0,84.0,74.0,86.0,85.0,80.0,84.0,74.0,78.0,50.0,75.0,79.0,4.0,4.0,5.0,4.0,5.0,190.0,84.0,30.0
514,Baboglo,,,,,,,,,,,,,,,,,,,,,,,,,,,,,,,,,,,
515,Motpan,,,,,,,,,,,,,,,,,,,,,,,,,,,,,,,,,,,
516,Reabciuk,68.0,63.0,65.0,69.0,70.0,59.0,70.0,55.0,63.0,51.0,61.0,54.0,82.0,78.0,60,67.0,81.0,70.0,65.0,48.0,42.0,38.0,39.0,63.0,31.0,38.0,27.0,6.0,13.0,6.0,8.0,13.0,180.0,72.0,24.0
517,Posmac,,,,,,,,,,,,,,,,,,,,,,,,,,,,,,,,,,,
518,Mudrac,,,,,,,,,,,,,,,,,,,,,,,,,,,,,,,,,,,
519,Craciun,,,,,,,,,,,,,,,,,,,,,,,,,,,,,,,,,,,
520,Revenco,,,,,,,,,,,,,,,,,,,,,,,,,,,,,,,,,,,
521,Railean,,,,,,,,,,,,,,,,,,,,,,,,,,,,,,,,,,,
522,Knudsen,59.0,57.0,,63.0,64.0,76.0,66.0,49.0,68.0,59.0,58.0,60.0,44.0,84.0,74,52.0,52.0,50.0,65.0,63.0,70.0,25.0,64.0,64.0,62.0,47.0,33.0,8.0,13.0,13.0,13.0,15.0,187.0,82.0,30.0
523,Vatnhamar,,,,,,,,,,,,,,,,,,,,,,,,,,,,,,,,,,,
524,Andreasen,74.0,68.0,69.0,74.0,75.0,85.0,76.0,67.0,76.0,69.0,73.0,68.0,55.0,69.0,78,62.0,52.0,65.0,82.0,79.0,83.0,66.0,72.0,56.0,61.0,74.0,69.0,14.0,6.0,14.0,9.0,6.0,188.0,81.0,33.0
525,Joensen,,48.0,45.0,41.0,42.0,,,,53.0,,,,,,,81.0,,,,,,,,,,,,10.0,12.0,9.0,9.0,11.0,180.0,75.0,21.0
526,Bjartalid,,,,,,,,,,,,,,,,,,,,,,,,,,,,,,,,,,,
527,Davidsen,61.0,58.0,,55.0,58.0,57.0,60.0,50.0,57.0,52.0,58.0,53.0,65.0,77.0,65,72.0,61.0,65.0,74.0,52.0,56.0,38.0,40.0,57.0,32.0,45.0,42.0,13.0,16.0,8.0,7.0,15.0,178.0,72.0,31.0
528,Vatnsdal,,,,,,,,,,,,,,,,,,,,,,,,,,,,,,,,,,,
529,Faero,,,,,,,,,,,,,,,,,,,,,,,,,,,,,,,,,,,
530,Sorensen,,68.0,,,,91.0,,,,,,,,91.0,93,,,,,88.0,74.0,,70.0,,,,,,,,,,190.0,90.0,32.0
531,Gestsson,,,,,,,,,,,,,,,,,,,,,,,,,,,,,,,,,,,
532,Kuchta,73.0,70.0,,28.0,35.0,88.0,75.0,81.0,31.0,68.0,69.0,59.0,79.0,77.0,81,76.0,79.0,75.0,78.0,77.0,75.0,78.0,69.0,63.0,60.0,61.0,76.0,9.0,10.0,6.0,13.0,10.0,185.0,80.0,26.0
533,Jurecka,72.0,68.0,,24.0,22.0,74.0,71.0,75.0,26.0,56.0,62.0,54.0,72.0,86.0,72,64.0,77.0,73.0,72.0,70.0,72.0,74.0,69.0,51.0,56.0,65.0,68.0,7.0,9.0,9.0,10.0,6.0,182.0,78.0,29.0
534,Hlozek,79.0,77.0,,23.0,32.0,69.0,76.0,77.0,23.0,78.0,75.0,68.0,79.0,76.0,84,78.0,78.0,69.0,70.0,73.0,78.0,75.0,76.0,68.0,64.0,66.0,73.0,11.0,11.0,10.0,9.0,10.0,188.0,83.0,20.0
535,Kral,74.0,75.0,,69.0,71.0,76.0,73.0,68.0,74.0,71.0,75.0,72.0,67.0,84.0,76,77.0,75.0,76.0,78.0,72.0,76.0,66.0,75.0,65.0,51.0,59.0,65.0,11.0,11.0,13.0,10.0,12.0,186.0,76.0,25.0
536,Jurásek,74.0,73.0,,65.0,68.0,70.0,71.0,67.0,67.0,66.0,69.0,69.0,78.0,77.0,75,74.0,82.0,71.0,70.0,64.0,76.0,51.0,67.0,72.0,54.0,55.0,58.0,8.0,6.0,6.0,7.0,12.0,183.0,76.0,22.0
537,Krejci Ii,,,,,,,,,,,,,,,,,,,,,,,,,,,,,,,,,,,
538,Holes,87.0,75.0,,42.0,60.0,88.0,89.0,92.0,82.0,94.0,93.0,94.0,73.0,94.0,73,89.0,71.0,68.0,85.0,83.0,91.0,84.0,94.0,76.0,73.0,73.0,85.0,15.0,7.0,12.0,5.0,8.0,171.0,71.0,48.0
539,Coufal,75.0,72.0,,77.0,81.0,86.0,77.0,68.0,76.0,68.0,75.0,73.0,70.0,84.0,76,77.0,64.0,67.0,85.0,70.0,66.0,50.0,59.0,74.0,42.0,49.0,61.0,6.0,13.0,12.0,12.0,13.0,175.0,76.0,30.0
540,Pavlenka,19.0,12.0,,14.0,10.0,22.0,78.0,14.0,13.0,25.0,27.0,16.0,35.0,20.0,68,27.0,36.0,39.0,36.0,14.0,46.0,16.0,17.0,10.0,14.0,18.0,19.0,69.0,78.0,75.0,61.0,82.0,196.0,81.0,31.0
541,Vinícius Júnior,89.0,92.0,,18.0,25.0,58.0,82.0,82.0,26.0,75.0,75.0,73.0,95.0,84.0,62,83.0,95.0,94.0,75.0,50.0,76.0,84.0,76.0,77.0,62.0,65.0,72.0,7.0,5.0,7.0,7.0,10.0,176.0,73.0,22.0
542,Richarlison,82.0,84.0,,48.0,58.0,84.0,80.0,81.0,46.0,74.0,77.0,61.0,83.0,79.0,76,69.0,79.0,82.0,86.0,82.0,83.0,81.0,72.0,74.0,65.0,77.0,78.0,11.0,12.0,7.0,8.0,13.0,184.0,71.0,26.0
543,Rodrygo,83.0,84.0,,32.0,36.0,54.0,78.0,79.0,21.0,73.0,77.0,64.0,88.0,81.0,52,85.0,88.0,87.0,74.0,62.0,73.0,80.0,74.0,80.0,73.0,81.0,67.0,8.0,9.0,8.0,12.0,5.0,174.0,64.0,22.0
544,Lucas Paquetá,86.0,88.0,,63.0,72.0,76.0,81.0,80.0,71.0,82.0,82.0,78.0,71.0,78.0,77,77.0,73.0,75.0,78.0,68.0,77.0,78.0,77.0,77.0,74.0,75.0,74.0,11.0,14.0,9.0,12.0,11.0,180.0,72.0,25.0
545,Casemiro,80.0,69.0,,87.0,88.0,91.0,88.0,75.0,88.0,79.0,84.0,84.0,60.0,88.0,Complete Defender,66.0,66.0,61.0,85.0,81.0,88.0,64.0,81.0,72.0,74.0,66.0,65.0,12.0,13.0,14.0,16.0,12.0,185.0,84.0,31.0
546,Joelinton,82.0,83.0,,70.0,82.0,85.0,80.0,76.0,76.0,79.0,80.0,73.0,75.0,86.0,87,68.0,79.0,66.0,79.0,78.0,81.0,64.0,60.0,55.0,38.0,61.0,59.0,13.0,9.0,13.0,8.0,13.0,186.0,81.0,26.0
547,Ayrton Lucas,73.0,77.0,64.0,73.0,72.0,70.0,71.0,67.0,65.0,63.0,68.0,64.0,86.0,88.0,68,76.0,83.0,77.0,81.0,63.0,66.0,50.0,56.0,69.0,56.0,44.0,49.0,13.0,5.0,5.0,14.0,7.0,180.0,72.0,25.0
548,Marquinhos,79.0,69.0,,89.0,89.0,81.0,88.0,70.0,89.0,76.0,84.0,85.0,77.0,82.0,78,66.0,81.0,68.0,92.0,88.0,65.0,59.0,45.0,58.0,32.0,52.0,35.0,10.0,6.0,6.0,12.0,13.0,183.0,75.0,29.0
549,Éder Militão,74.0,70.0,,84.0,86.0,84.0,85.0,64.0,86.0,59.0,79.0,76.0,83.0,86.0,79,62.0,88.0,70.0,85.0,82.0,62.0,48.0,42.0,60.0,40.0,60.0,34.0,12.0,11.0,8.0,15.0,15.0,186.0,78.0,25.0
550,Danilo,79.0,73.0,,81.0,83.0,79.0,80.0,69.0,84.0,64.0,77.0,74.0,68.0,75.0,79,65.0,77.0,63.0,75.0,79.0,82.0,59.0,69.0,73.0,73.0,67.0,69.0,14.0,14.0,5.0,15.0,5.0,184.0,78.0,31.0
551,Ederson,40.0,23.0,,8.0,15.0,38.0,88.0,20.0,27.0,70.0,61.0,65.0,64.0,41.0,78,48.0,63.0,60.0,66.0,14.0,69.0,14.0,18.0,15.0,20.0,51.0,18.0,88.0,87.0,82.0,92.0,87.0,188.0,86.0,29.0
552,Guirassy,79.0,76.0,,34.0,29.0,72.0,74.0,79.0,29.0,68.0,73.0,63.0,67.0,69.0,80,65.0,68.0,67.0,76.0,77.0,77.0,76.0,71.0,66.0,67.0,80.0,73.0,12.0,11.0,8.0,12.0,8.0,187.0,82.0,27.0
553,Kamano,75.0,76.0,37.0,30.0,35.0,65.0,72.0,74.0,30.0,69.0,70.0,57.0,86.0,69.0,57,75.0,85.0,79.0,54.0,49.0,74.0,72.0,73.0,71.0,68.0,67.0,67.0,13.0,13.0,12.0,11.0,10.0,175.0,74.0,26.0
554,Guilavogui,69.0,63.0,,71.0,73.0,78.0,70.0,61.0,78.0,65.0,73.0,70.0,61.0,76.0,80,52.0,71.0,55.0,79.0,78.0,77.0,49.0,66.0,42.0,53.0,50.0,49.0,10.0,14.0,8.0,14.0,15.0,188.0,77.0,32.0
555,Ilaix,75.0,77.0,,64.0,70.0,58.0,71.0,67.0,66.0,68.0,76.0,75.0,68.0,73.0,62,59.0,69.0,68.0,58.0,59.0,73.0,74.0,72.0,46.0,47.0,49.0,48.0,10.0,9.0,14.0,15.0,12.0,185.0,73.0,20.0
556,Diawara,75.0,73.0,,72.0,74.0,73.0,72.0,54.0,71.0,70.0,76.0,72.0,60.0,68.0,68,69.0,54.0,75.0,54.0,54.0,66.0,48.0,56.0,60.0,37.0,52.0,46.0,11.0,11.0,14.0,5.0,11.0,183.0,75.0,25.0
557,Sylla,66.0,70.0,,68.0,67.0,69.0,68.0,69.0,72.0,62.0,71.0,65.0,73.0,84.0,68,65.0,71.0,67.0,71.0,62.0,65.0,64.0,49.0,71.0,56.0,49.0,65.0,8.0,13.0,13.0,10.0,12.0,180.0,75.0,29.0
558,Diakhaby,62.0,56.0,,72.0,77.0,74.0,68.0,47.0,76.0,59.0,71.0,58.0,58.0,71.0,80,43.0,57.0,60.0,80.0,79.0,51.0,36.0,29.0,34.0,26.0,49.0,31.0,14.0,15.0,11.0,10.0,11.0,189.0,78.0,26.0
559,Sow,81.0,81.0,,54.0,62.0,58.0,78.0,83.0,55.0,77.0,84.0,77.0,79.0,80.0,81,39.0,77.0,74.0,69.0,69.0,66.0,78.0,70.0,68.0,65.0,68.0,63.0,11.0,12.0,12.0,7.0,6.0,179.0,68.0,28.0
560,Conte,76.0,75.0,20.0,21.0,28.0,42.0,82.0,78.0,32.0,79.0,75.0,75.0,87.0,75.0,57,83.0,74.0,86.0,58.0,45.0,74.0,73.0,68.0,86.0,74.0,73.0,77.0,13.0,8.0,15.0,15.0,8.0,174.0,71.0,37.0
561,Kone,79.0,84.0,,36.0,36.0,65.0,73.0,72.0,34.0,76.0,73.0,64.0,90.0,72.0,55,82.0,89.0,92.0,34.0,39.0,73.0,64.0,68.0,78.0,72.0,70.0,59.0,8.0,9.0,8.0,13.0,14.0,175.0,73.0,25.0
562,Franco,86.0,57.0,,96.0,95.0,81.0,93.0,41.0,95.0,72.0,88.0,87.0,64.0,85.0,80,76.0,74.0,75.0,82.0,90.0,54.0,46.0,50.0,59.0,45.0,63.0,51.0,14.0,6.0,8.0,12.0,5.0,176.0,70.0,63.0
563,Campana,82.0,79.0,,61.0,68.0,63.0,74.0,73.0,70.0,83.0,81.0,79.0,68.0,80.0,70,78.0,62.0,73.0,60.0,64.0,76.0,70.0,71.0,85.0,78.0,77.0,66.0,7.0,8.0,11.0,6.0,10.0,179.0,70.0,30.0
564,Plata,25.0,15.0,,12.0,19.0,38.0,84.0,15.0,21.0,64.0,40.0,31.0,48.0,45.0,68,58.0,54.0,55.0,73.0,10.0,62.0,13.0,12.0,12.0,13.0,24.0,8.0,86.0,78.0,81.0,82.0,90.0,183.0,79.0,34.0
565,Estupiñán,24.0,14.0,,16.0,18.0,27.0,76.0,14.0,25.0,60.0,32.0,27.0,53.0,40.0,67,58.0,56.0,49.0,81.0,14.0,56.0,13.0,19.0,18.0,20.0,23.0,20.0,81.0,80.0,76.0,74.0,79.0,191.0,82.0,27.0
566,Caicedo,74.0,73.0,32.0,47.0,44.0,80.0,74.0,80.0,43.0,66.0,74.0,66.0,70.0,34.0,Traits,67.0,69.0,57.0,75.0,74.0,83.0,75.0,70.0,66.0,68.0,73.0,78.0,8.0,7.0,13.0,7.0,10.0,183.0,82.0,33.0
567,Gruezo,70.0,60.0,,73.0,73.0,86.0,72.0,55.0,71.0,58.0,72.0,69.0,68.0,75.0,69,85.0,55.0,78.0,69.0,54.0,61.0,41.0,42.0,48.0,47.0,49.0,37.0,12.0,9.0,10.0,12.0,11.0,173.0,71.0,28.0
568,Hurtado,73.0,74.0,40.0,48.0,51.0,58.0,70.0,71.0,40.0,70.0,70.0,68.0,80.0,68.0,72,73.0,81.0,80.0,78.0,68.0,74.0,71.0,70.0,63.0,61.0,67.0,74.0,14.0,13.0,9.0,12.0,7.0,172.0,67.0,35.0
569,Yang,80.0,78.0,,36.0,29.0,43.0,84.0,87.0,48.0,74.0,75.0,64.0,80.0,67.0,71,67.0,87.0,74.0,75.0,76.0,83.0,86.0,79.0,80.0,76.0,82.0,82.0,9.0,6.0,9.0,15.0,9.0,187.0,80.0,34.0
570,Xin,79.0,78.0,61.0,58.0,67.0,61.0,83.0,76.0,69.0,78.0,81.0,78.0,75.0,81.0,59,87.0,80.0,74.0,58.0,46.0,73.0,68.0,79.0,72.0,76.0,74.0,68.0,11.0,12.0,14.0,13.0,9.0,162.0,53.0,29.0
571,Maung Lwin,,,,,,,,,,,,,,,,,,,,,,,,,,,,,,,,,,,
572,Paing,,,,,,,,,,,,,,,,,,,,,,,,,,,,,,,,,,,
573,Lwin Moe,,,,,,,,,,,,,,,,,,,,,,,,,,,,,,,,,,,
574,Thu Aung,,,,,,,,,,,,,,,,,,,,,,,,,,,,,,,,,,,
575,Wai,79.0,80.0,,26.0,30.0,70.0,76.0,77.0,29.0,74.0,75.0,65.0,83.0,76.0,75,69.0,79.0,81.0,82.0,68.0,78.0,76.0,72.0,72.0,74.0,73.0,75.0,7.0,14.0,13.0,11.0,8.0,180.0,77.0,32.0
576,Naing Oo,,,,,,,,,,,,,,,,,,,,,,,,,,,,,,,,,,,
577,Thiha,,,,,,,,,,,,,,,,,,,,,,,,,,,,,,,,,,,
578,Kyaw,,,,,,,,,,,,,,,,,,,,,,,,,,,,,,,,,,,
579,Zin Phyo,,,,,,,,,,,,,,,,,,,,,,,,,,,,,,,,,,,
580,Chen,86.0,89.0,,22.0,27.0,62.0,88.0,94.0,38.0,76.0,74.0,65.0,86.0,77.0,79,79.0,89.0,81.0,86.0,86.0,92.0,93.0,89.0,90.0,90.0,87.0,88.0,13.0,14.0,6.0,7.0,5.0,183.0,72.0,46.0
581,Estevez,72.0,70.0,,62.0,65.0,74.0,66.0,65.0,62.0,65.0,73.0,70.0,66.0,75.0,57,66.0,65.0,71.0,72.0,57.0,65.0,67.0,62.0,70.0,75.0,64.0,62.0,12.0,14.0,12.0,9.0,10.0,181.0,77.0,27.0
582,Yen,,,,,,76.0,,,,,,,76.0,77.0,74,76.0,,,,,,,67.0,,,,,,,,,,188.0,86.0,35.0
583,Fong,66.0,65.0,38.0,48.0,49.0,49.0,61.0,52.0,38.0,59.0,67.0,65.0,70.0,55.0,58,78.0,70.0,76.0,60.0,55.0,65.0,53.0,46.0,63.0,51.0,63.0,49.0,13.0,14.0,7.0,7.0,7.0,173.0,62.0,21.0
584,Pan,20.0,11.0,,14.0,18.0,19.0,84.0,14.0,19.0,34.0,23.0,18.0,44.0,45.0,64,70.0,50.0,54.0,72.0,20.0,65.0,11.0,17.0,22.0,25.0,27.0,19.0,87.0,87.0,84.0,87.0,91.0,169.0,65.0,30.0
585,Puangchan,67.0,63.0,65.0,59.0,64.0,74.0,66.0,61.0,58.0,59.0,67.0,62.0,69.0,81.0,57,57.0,63.0,65.0,62.0,51.0,66.0,47.0,52.0,53.0,60.0,51.0,32.0,6.0,7.0,11.0,15.0,6.0,178.0,65.0,27.0
586,Pomphan,,,,,,,,,,,,,,,,,,,,,,,,,,,,,,,,,,,
587,Praisuwan,,,,,,,,,,,,,,,,,,,,,,,,,,,,,,,,,,,
588,Khammai,,,,,,,,,,,,,,,,,,,,,,,,,,,,,,,,,,,
589,Oh,86.0,88.0,,41.0,43.0,63.0,92.0,91.0,55.0,84.0,84.0,77.0,89.0,87.0,76,91.0,89.0,89.0,69.0,59.0,82.0,92.0,84.0,84.0,69.0,86.0,83.0,11.0,14.0,14.0,9.0,14.0,175.0,71.0,31.0
590,Ahn,23.0,,,,,,85.0,,,,,62.0,57.0,51.0,85,,62.0,,,,22.0,,,,,,,92.0,,,,,188.0,90.0,38.0
591,Reyna,79.0,85.0,,37.0,35.0,57.0,77.0,73.0,37.0,78.0,79.0,64.0,78.0,73.0,74,77.0,78.0,84.0,66.0,45.0,78.0,71.0,77.0,79.0,64.0,50.0,77.0,12.0,10.0,13.0,14.0,7.0,185.0,79.0,20.0
592,Gonzales,73.0,80.0,,48.0,53.0,27.0,66.0,65.0,65.0,71.0,74.0,72.0,65.0,71.0,58,70.0,71.0,80.0,46.0,51.0,77.0,70.0,76.0,52.0,77.0,70.0,58.0,7.0,6.0,9.0,12.0,9.0,177.0,69.0,30.0
593,Flores,15.0,13.0,,13.0,16.0,29.0,75.0,14.0,26.0,53.0,28.0,29.0,48.0,43.0,75,53.0,42.0,62.0,73.0,10.0,53.0,16.0,15.0,20.0,20.0,23.0,13.0,77.0,76.0,74.0,70.0,79.0,186.0,81.0,31.0
594,Aquino,82.0,84.0,,42.0,50.0,51.0,75.0,72.0,49.0,74.0,73.0,66.0,84.0,84.0,52,78.0,86.0,86.0,57.0,42.0,59.0,76.0,59.0,61.0,45.0,65.0,69.0,10.0,14.0,6.0,13.0,9.0,173.0,72.0,26.0
595,Trauco,76.0,76.0,67.0,72.0,73.0,79.0,70.0,70.0,70.0,69.0,75.0,72.0,72.0,78.0,66,73.0,67.0,69.0,69.0,51.0,72.0,46.0,64.0,75.0,64.0,49.0,56.0,10.0,12.0,10.0,12.0,8.0,175.0,62.0,29.0
596,Callens,60.0,49.0,,76.0,79.0,77.0,70.0,25.0,71.0,35.0,71.0,68.0,69.0,78.0,82,53.0,70.0,71.0,76.0,71.0,79.0,48.0,23.0,28.0,26.0,73.0,43.0,10.0,13.0,9.0,9.0,15.0,186.0,76.0,31.0
597,Araujo,94.0,95.0,33.0,77.0,46.0,55.0,91.0,90.0,55.0,81.0,89.0,88.0,96.0,82.0,83,88.0,95.0,92.0,78.0,78.0,88.0,85.0,91.0,87.0,87.0,78.0,88.0,13.0,9.0,14.0,7.0,5.0,177.0,71.0,48.0
598,Quaison,73.0,71.0,,55.0,39.0,56.0,76.0,75.0,49.0,65.0,68.0,63.0,74.0,74.0,73,75.0,66.0,75.0,56.0,54.0,72.0,69.0,67.0,70.0,56.0,67.0,73.0,9.0,9.0,8.0,13.0,13.0,183.0,78.0,29.0
599,Claesson,76.0,73.0,,58.0,62.0,72.0,78.0,76.0,62.0,76.0,76.0,71.0,75.0,86.0,73,76.0,72.0,72.0,68.0,57.0,72.0,72.0,70.0,68.0,62.0,63.0,66.0,10.0,12.0,7.0,9.0,7.0,183.0,79.0,31.0
600,Karlsson,83.0,80.0,,34.0,36.0,54.0,73.0,74.0,35.0,72.0,72.0,66.0,84.0,82.0,51,88.0,82.0,90.0,84.0,44.0,77.0,73.0,78.0,82.0,75.0,77.0,76.0,10.0,13.0,11.0,10.0,9.0,178.0,68.0,24.0
601,Olsson,76.0,73.0,,65.0,70.0,69.0,73.0,70.0,70.0,74.0,79.0,72.0,67.0,78.0,54,70.0,68.0,85.0,69.0,55.0,68.0,60.0,64.0,70.0,68.0,50.0,52.0,11.0,10.0,6.0,9.0,7.0,178.0,70.0,27.0
602,Cajuste,74.0,73.0,,65.0,70.0,73.0,68.0,68.0,68.0,71.0,72.0,71.0,69.0,76.0,78,74.0,79.0,77.0,61.0,66.0,66.0,57.0,56.0,64.0,44.0,45.0,50.0,6.0,6.0,12.0,12.0,7.0,188.0,77.0,23.0
603,Rohden,69.0,67.0,,56.0,68.0,83.0,77.0,67.0,63.0,67.0,71.0,70.0,71.0,93.0,72,74.0,76.0,76.0,77.0,42.0,77.0,62.0,64.0,64.0,49.0,66.0,65.0,13.0,13.0,12.0,10.0,14.0,182.0,76.0,32.0
604,Ekdal,76.0,72.0,,64.0,70.0,79.0,70.0,70.0,72.0,75.0,78.0,76.0,49.0,77.0,70,58.0,34.0,55.0,63.0,62.0,72.0,60.0,69.0,74.0,70.0,68.0,66.0,5.0,5.0,5.0,5.0,5.0,186.0,82.0,33.0
605,Starfelt,69.0,68.0,,71.0,74.0,77.0,68.0,32.0,74.0,52.0,72.0,64.0,70.0,75.0,75,66.0,75.0,63.0,78.0,73.0,52.0,25.0,23.0,33.0,24.0,39.0,26.0,7.0,8.0,15.0,13.0,8.0,185.0,81.0,28.0
606,Sundgren,63.0,60.0,,67.0,68.0,87.0,66.0,63.0,66.0,52.0,66.0,60.0,71.0,91.0,64,68.0,73.0,66.0,58.0,57.0,62.0,44.0,48.0,54.0,29.0,69.0,38.0,10.0,14.0,6.0,7.0,10.0,179.0,69.0,32.0
607,Nordfeldt,24.0,14.0,,15.0,13.0,24.0,74.0,15.0,23.0,34.0,41.0,26.0,51.0,32.0,73,45.0,48.0,57.0,82.0,13.0,54.0,13.0,12.0,20.0,11.0,13.0,11.0,71.0,70.0,70.0,72.0,72.0,188.0,87.0,34.0
608,Just,21.0,11.0,,14.0,12.0,22.0,77.0,10.0,10.0,58.0,33.0,44.0,58.0,30.0,70,32.0,58.0,56.0,67.0,11.0,59.0,10.0,10.0,10.0,10.0,16.0,10.0,74.0,80.0,75.0,78.0,78.0,188.0,76.0,25.0
609,Waine,63.0,62.0,,38.0,45.0,73.0,57.0,65.0,48.0,58.0,54.0,50.0,81.0,75.0,74,72.0,78.0,71.0,78.0,62.0,64.0,68.0,63.0,59.0,53.0,62.0,66.0,13.0,13.0,7.0,11.0,12.0,179.0,78.0,22.0
610,Mccowatt,63.0,62.0,,50.0,55.0,72.0,61.0,63.0,53.0,64.0,63.0,62.0,70.0,75.0,67,61.0,73.0,62.0,64.0,58.0,65.0,64.0,65.0,65.0,58.0,57.0,54.0,10.0,7.0,10.0,5.0,13.0,180.0,73.0,24.0
611,Stamenic,68.0,64.0,,62.0,59.0,66.0,58.0,59.0,60.0,63.0,67.0,62.0,65.0,72.0,65,68.0,67.0,72.0,56.0,54.0,62.0,52.0,54.0,58.0,55.0,58.0,57.0,10.0,13.0,10.0,8.0,10.0,188.0,78.0,21.0
612,Bell,60.0,43.0,,93.0,88.0,89.0,87.0,36.0,89.0,57.0,76.0,68.0,77.0,80.0,Complete Defender,53.0,83.0,51.0,88.0,92.0,63.0,44.0,37.0,30.0,18.0,39.0,35.0,5.0,8.0,11.0,11.0,6.0,188.0,90.0,48.0
613,Garbett,,,,,,,,,,,,,,,,,,,,,,,,,,,,,,,,,,,
614,Cacace,70.0,69.0,,65.0,68.0,69.0,66.0,71.0,70.0,65.0,68.0,63.0,79.0,84.0,77,76.0,79.0,65.0,77.0,58.0,67.0,61.0,62.0,65.0,62.0,61.0,51.0,9.0,12.0,11.0,10.0,12.0,184.0,81.0,22.0
615,Boxall,60.0,56.0,,66.0,69.0,69.0,66.0,59.0,67.0,52.0,64.0,57.0,43.0,67.0,Traits,50.0,66.0,47.0,78.0,65.0,61.0,35.0,33.0,56.0,43.0,42.0,54.0,7.0,13.0,9.0,14.0,8.0,188.0,91.0,34.0
616,Tuiloma,60.0,58.0,,68.0,68.0,65.0,66.0,60.0,68.0,62.0,71.0,69.0,59.0,73.0,81,62.0,64.0,53.0,75.0,71.0,78.0,50.0,50.0,47.0,72.0,37.0,39.0,8.0,6.0,12.0,16.0,14.0,178.0,79.0,28.0
617,Payne,55.0,50.0,,63.0,62.0,77.0,55.0,57.0,57.0,56.0,58.0,55.0,62.0,72.0,78,58.0,67.0,54.0,73.0,63.0,66.0,50.0,51.0,64.0,47.0,50.0,49.0,9.0,13.0,9.0,7.0,12.0,179.0,73.0,29.0
618,Sail,76.0,60.0,,87.0,89.0,93.0,87.0,52.0,91.0,73.0,76.0,72.0,82.0,83.0,Complete Defender,56.0,83.0,59.0,84.0,89.0,73.0,40.0,59.0,49.0,41.0,55.0,51.0,8.0,7.0,14.0,5.0,11.0,185.0,81.0,54.0
619,Đuričić,78.0,79.0,,43.0,35.0,45.0,74.0,70.0,42.0,77.0,78.0,75.0,74.0,55.0,67,77.0,69.0,77.0,72.0,48.0,71.0,67.0,71.0,76.0,69.0,69.0,69.0,15.0,8.0,8.0,9.0,8.0,181.0,74.0,31.0
620,Jovanovic,,,,,,,,,,,,,,,,,,,66.0,,74.0,,,,,,72.0,15.0,14.0,10.0,5.0,14.0,183.0,76.0,32.0
621,Samardzic,59,50,75,70,69,59,65,44,67,56,45,40,67,63,77,58,71,64,70,74,36,33,43,34,27,32,22,13,15,16,13,10,185,80,31
